_id;id_transaksi;tanggal;pelanggan.nama;pelanggan.email;pelanggan.tipe;produk.nama_produk;produk.kategori;produk.harga_satuan;produk.jumlah;pembayaran.metode;pembayaran.total_harga;pembayaran.diskon;pembayaran.total_bayar;lokasi.kota;lokasi.provinsi
6a118f6afad93264426638dc;TRX-N4W6PBQF;25/06/2025;Siti Aminah;user0@example.com;Member;Kopi Susu Gula Aren 1L;Kuliner;65000;4;Kartu Kredit;260000;0;260000;Surabaya;Jawa Timur
6a118f6afad93264426638dd;TRX-9GS0NDE5;02/10/2025;Andi Wijaya;user1@example.com;Member;Smartphone Samsung S24;Elektronik;13000000;3;E-Wallet (OVO/Dana);39000000;0;39000000;Surabaya;Jawa Timur
6a118f6afad93264426638de;TRX-763C1PZ2;10/07/2025;Eko Prasetyo;user2@example.com;Member;Meja Kerja Minimalis;Furniture;1200000;4;Transfer Bank;4800000;0;4800000;Bandung;Jawa Barat
6a118f6afad93264426638df;TRX-K45RFB4Y;20/04/2025;Eko Prasetyo;user3@example.com;Non-Member;Kemeja Flanel Oversize;Fashion;250000;4;Kartu Kredit;1000000;0;1000000;Sukabumi;Jawa Barat
6a118f6afad93264426638e0;TRX-XQ5LMUF9;18/02/2025;Fahmi Idris;user4@example.com;Non-Member;Laptop ASUS ROG;Elektronik;20000000;4;E-Wallet (OVO/Dana);80000000;0;80000000;Jakarta;DKI Jakarta
6a118f6afad93264426638e1;TRX-18VX4D3Z;01/07/2025;Andi Wijaya;user5@example.com;Member;Kopi Susu Gula Aren 1L;Kuliner;65000;3;E-Wallet (OVO/Dana);195000;0;195000;Surabaya;Jawa Timur
6a118f6afad93264426638e2;TRX-4SXRBF3H;22/04/2025;Fahmi Idris;user6@example.com;Member;Paket Ayam Bakar Madu;Kuliner;35000;1;Kartu Kredit;35000;0;35000;Medan;Sumatera Utara
6a118f6afad93264426638e3;TRX-LCVL6TSS;24/01/2025;Dewi Lestari;user7@example.com;Non-Member;Smartphone Samsung S24;Elektronik;13000000;3;Kartu Kredit;39000000;0;39000000;Bandung;Jawa Barat
6a118f6afad93264426638e4;TRX-11PHYBYI;09/06/2025;Budi Santoso;user8@example.com;Member;Kemeja Flanel Oversize;Fashion;250000;1;Kartu Kredit;250000;0;250000;Bandung;Jawa Barat
6a118f6afad93264426638e5;TRX-UCCKL1R3;06/04/2026;Fahmi Idris;user9@example.com;Member;Smartphone Samsung S24;Elektronik;13000000;3;Transfer Bank;39000000;0;39000000;Surabaya;Jawa Timur
6a118f6afad93264426638e6;TRX-FSL5S3BJ;22/05/2026;Budi Santoso;user10@example.com;Member;Kemeja Flanel Oversize;Fashion;250000;1;Transfer Bank;250000;0;250000;Medan;Sumatera Utara
6a118f6afad93264426638e7;TRX-75KT363H;23/01/2025;Andi Wijaya;user11@example.com;Member;Kursi Gaming Premium;Furniture;2500000;2;E-Wallet (OVO/Dana);5000000;0;5000000;Surabaya;Jawa Timur
6a118f6afad93264426638e8;TRX-4XZNVPOW;09/05/2026;Jono Adriansyah;user12@example.com;Non-Member;Kursi Gaming Premium;Furniture;2500000;1;Kartu Kredit;2500000;0;2500000;Medan;Sumatera Utara
6a118f6afad93264426638e9;TRX-BQWEYCFI;10/10/2025;Fahmi Idris;user13@example.com;Non-Member;Kemeja Flanel Oversize;Fashion;250000;1;Kartu Kredit;250000;0;250000;Sukabumi;Jawa Barat
6a118f6afad93264426638ea;TRX-R66FDZCO;04/01/2026;Novianti;user14@example.com;Non-Member;Laptop ASUS ROG;Elektronik;20000000;4;COD;80000000;0;80000000;Jakarta;DKI Jakarta
6a118f6afad93264426638eb;TRX-I99EOI50;13/02/2026;Siti Aminah;user15@example.com;Non-Member;Kursi Gaming Premium;Furniture;2500000;2;Transfer Bank;5000000;0;5000000;Semarang;Jawa Tengah
6a118f6afad93264426638ec;TRX-JW0G8VIT;19/01/2025;Fahmi Idris;user16@example.com;Member;Sepatu Sneaker Lokal;Fashion;450000;1;COD;450000;0;450000;Makassar;Sulawesi Selatan
6a118f6afad93264426638ed;TRX-AAETCKDA;06/12/2025;Jono Adriansyah;user17@example.com;Non-Member;Kursi Gaming Premium;Furniture;2500000;4;Kartu Kredit;10000000;0;10000000;Sukabumi;Jawa Barat
6a118f6afad93264426638ee;TRX-Z0IECH6W;06/11/2025;Rian Hidayat;user18@example.com;Non-Member;Meja Kerja Minimalis;Furniture;1200000;2;Kartu Kredit;2400000;0;2400000;Sukabumi;Jawa Barat
6a118f6afad93264426638ef;TRX-HAKOF21T;01/04/2026;Novianti;user19@example.com;Non-Member;Meja Kerja Minimalis;Furniture;1200000;1;E-Wallet (OVO/Dana);1200000;0;1200000;Surabaya;Jawa Timur
6a118f6afad93264426638f0;TRX-ETKJHFVJ;05/11/2025;Rian Hidayat;user20@example.com;Member;Kemeja Flanel Oversize;Fashion;250000;3;E-Wallet (OVO/Dana);750000;0;750000;Surabaya;Jawa Timur
6a118f6afad93264426638f1;TRX-TS9YFAEU;19/05/2025;Mega Pertiwi;user21@example.com;Member;Kopi Susu Gula Aren 1L;Kuliner;65000;2;COD;130000;0;130000;Sukabumi;Jawa Barat
6a118f6afad93264426638f2;TRX-1MI4X3Q6;23/11/2025;Novianti;user22@example.com;Non-Member;Kemeja Flanel Oversize;Fashion;250000;2;E-Wallet (OVO/Dana);500000;0;500000;Jakarta;DKI Jakarta
6a118f6afad93264426638f3;TRX-0PIMO5SR;02/04/2026;Rian Hidayat;user23@example.com;Non-Member;Kemeja Flanel Oversize;Fashion;250000;1;Transfer Bank;250000;0;250000;Bandung;Jawa Barat
6a118f6afad93264426638f4;TRX-1INJTU8U;27/04/2025;Eko Prasetyo;user24@example.com;Member;Kemeja Flanel Oversize;Fashion;250000;1;Transfer Bank;250000;0;250000;Surabaya;Jawa Timur
6a118f6afad93264426638f5;TRX-ZYUIX4HC;12/07/2025;Dewi Lestari;user25@example.com;Non-Member;Kopi Susu Gula Aren 1L;Kuliner;65000;4;COD;260000;0;260000;Bandung;Jawa Barat
6a118f6afad93264426638f6;TRX-JMW4RVKD;16/06/2025;Eko Prasetyo;user26@example.com;Member;Paket Ayam Bakar Madu;Kuliner;35000;3;Transfer Bank;105000;0;105000;Sukabumi;Jawa Barat
6a118f6afad93264426638f7;TRX-RKONS6TL;03/02/2026;Budi Santoso;user27@example.com;Member;Kursi Gaming Premium;Furniture;2500000;3;COD;7500000;0;7500000;Surabaya;Jawa Timur
6a118f6afad93264426638f8;TRX-RU93PVFK;02/08/2025;Dewi Lestari;user28@example.com;Member;Paket Ayam Bakar Madu;Kuliner;35000;3;Transfer Bank;105000;0;105000;Bandung;Jawa Barat
6a118f6afad93264426638f9;TRX-30N75XVS;24/02/2026;Rian Hidayat;user29@example.com;Non-Member;Laptop ASUS ROG;Elektronik;20000000;3;E-Wallet (OVO/Dana);60000000;0;60000000;Sukabumi;Jawa Barat
6a118f6afad93264426638fa;TRX-3RQQFNON;31/12/2024;Eko Prasetyo;user30@example.com;Non-Member;Meja Kerja Minimalis;Furniture;1200000;2;COD;2400000;0;2400000;Sukabumi;Jawa Barat
6a118f6afad93264426638fb;TRX-S1BTI5YI;04/05/2025;Siti Aminah;user31@example.com;Non-Member;Kopi Susu Gula Aren 1L;Kuliner;65000;3;E-Wallet (OVO/Dana);195000;0;195000;Medan;Sumatera Utara
6a118f6afad93264426638fc;TRX-JEPYOQXS;09/03/2026;Andi Wijaya;user32@example.com;Member;Laptop ASUS ROG;Elektronik;20000000;2;COD;40000000;0;40000000;Surabaya;Jawa Timur
6a118f6afad93264426638fd;TRX-7DWSBKBZ;25/05/2026;Mega Pertiwi;user33@example.com;Non-Member;Kursi Gaming Premium;Furniture;2500000;3;COD;7500000;0;7500000;Bandung;Jawa Barat
6a118f6afad93264426638fe;TRX-VNFN3NBD;14/08/2025;Siti Aminah;user34@example.com;Member;Smartphone Samsung S24;Elektronik;13000000;4;Transfer Bank;52000000;0;52000000;Semarang;Jawa Tengah
6a118f6afad93264426638ff;TRX-48W4OXP5;22/05/2026;Rian Hidayat;user35@example.com;Non-Member;Laptop ASUS ROG;Elektronik;20000000;1;Transfer Bank;20000000;0;20000000;Medan;Sumatera Utara
6a118f6afad9326442663900;TRX-F5G94A90;20/10/2025;Andi Wijaya;user36@example.com;Member;Sepatu Sneaker Lokal;Fashion;450000;4;E-Wallet (OVO/Dana);1800000;0;1800000;Bandung;Jawa Barat
6a118f6afad9326442663901;TRX-FL1DD5C8;25/05/2026;Budi Santoso;user37@example.com;Member;Smartphone Samsung S24;Elektronik;13000000;2;E-Wallet (OVO/Dana);26000000;0;26000000;Sukabumi;Jawa Barat
6a118f6afad9326442663902;TRX-C4LKZ9HR;10/12/2025;Mega Pertiwi;user38@example.com;Member;Kemeja Flanel Oversize;Fashion;250000;3;COD;750000;0;750000;Semarang;Jawa Tengah
6a118f6afad9326442663903;TRX-WJ0749MN;11/09/2025;Jono Adriansyah;user39@example.com;Non-Member;Sepatu Sneaker Lokal;Fashion;450000;2;E-Wallet (OVO/Dana);900000;0;900000;Surabaya;Jawa Timur
6a118f6afad9326442663904;TRX-YNG30MC9;24/11/2025;Jono Adriansyah;user40@example.com;Non-Member;Smartphone Samsung S24;Elektronik;13000000;4;E-Wallet (OVO/Dana);52000000;0;52000000;Semarang;Jawa Tengah
6a118f6afad9326442663905;TRX-BZW3EFM5;08/05/2025;Budi Santoso;user41@example.com;Member;Kopi Susu Gula Aren 1L;Kuliner;65000;4;Transfer Bank;260000;0;260000;Makassar;Sulawesi Selatan
6a118f6afad9326442663906;TRX-G7L2LJQ2;05/07/2025;Siti Aminah;user42@example.com;Non-Member;Kopi Susu Gula Aren 1L;Kuliner;65000;4;E-Wallet (OVO/Dana);260000;0;260000;Makassar;Sulawesi Selatan
6a118f6afad9326442663907;TRX-2BSEOEGZ;13/06/2025;Novianti;user43@example.com;Non-Member;Kopi Susu Gula Aren 1L;Kuliner;65000;4;E-Wallet (OVO/Dana);260000;0;260000;Sukabumi;Jawa Barat
6a118f6afad9326442663908;TRX-2OAMXA7G;11/09/2025;Rian Hidayat;user44@example.com;Non-Member;Kemeja Flanel Oversize;Fashion;250000;4;Kartu Kredit;1000000;0;1000000;Sukabumi;Jawa Barat
6a118f6afad9326442663909;TRX-6KSGCR4L;03/02/2025;Budi Santoso;user45@example.com;Member;Meja Kerja Minimalis;Furniture;1200000;2;Transfer Bank;2400000;0;2400000;Sukabumi;Jawa Barat
6a118f6afad932644266390a;TRX-0N928732;07/06/2025;Novianti;user46@example.com;Non-Member;Sepatu Sneaker Lokal;Fashion;450000;1;Transfer Bank;450000;0;450000;Bandung;Jawa Barat
6a118f6afad932644266390b;TRX-5NNE8WG3;17/05/2025;Rian Hidayat;user47@example.com;Non-Member;Laptop ASUS ROG;Elektronik;20000000;4;COD;80000000;0;80000000;Medan;Sumatera Utara
6a118f6afad932644266390c;TRX-VPQWQXH6;19/04/2025;Rian Hidayat;user48@example.com;Member;Smartphone Samsung S24;Elektronik;13000000;4;COD;52000000;0;52000000;Sukabumi;Jawa Barat
6a118f6afad932644266390d;TRX-YFNA1JRZ;07/08/2025;Fahmi Idris;user49@example.com;Non-Member;Smartphone Samsung S24;Elektronik;13000000;2;COD;26000000;0;26000000;Medan;Sumatera Utara
6a118f6afad932644266390e;TRX-9X460OBK;30/04/2025;Jono Adriansyah;user50@example.com;Non-Member;Sepatu Sneaker Lokal;Fashion;450000;3;E-Wallet (OVO/Dana);1350000;0;1350000;Semarang;Jawa Tengah
6a118f6afad932644266390f;TRX-296NVKQX;02/01/2025;Jono Adriansyah;user51@example.com;Non-Member;Paket Ayam Bakar Madu;Kuliner;35000;1;Kartu Kredit;35000;0;35000;Sukabumi;Jawa Barat
6a118f6afad9326442663910;TRX-TUCEB878;02/04/2025;Dewi Lestari;user52@example.com;Non-Member;Meja Kerja Minimalis;Furniture;1200000;4;Kartu Kredit;4800000;0;4800000;Makassar;Sulawesi Selatan
6a118f6afad9326442663911;TRX-C2V1KQME;03/12/2025;Budi Santoso;user53@example.com;Non-Member;Smartphone Samsung S24;Elektronik;13000000;3;Kartu Kredit;39000000;0;39000000;Sukabumi;Jawa Barat
6a118f6afad9326442663912;TRX-CV64ZAS3;01/07/2025;Eko Prasetyo;user54@example.com;Member;Kursi Gaming Premium;Furniture;2500000;3;Transfer Bank;7500000;0;7500000;Jakarta;DKI Jakarta
6a118f6afad9326442663913;TRX-U8UCV8X4;22/05/2025;Jono Adriansyah;user55@example.com;Member;Kemeja Flanel Oversize;Fashion;250000;1;COD;250000;0;250000;Medan;Sumatera Utara
6a118f6afad9326442663914;TRX-9EER54GE;02/03/2025;Siti Aminah;user56@example.com;Non-Member;Kopi Susu Gula Aren 1L;Kuliner;65000;2;Kartu Kredit;130000;0;130000;Bandung;Jawa Barat
6a118f6afad9326442663915;TRX-NSMGF6XB;20/12/2025;Rian Hidayat;user57@example.com;Non-Member;Meja Kerja Minimalis;Furniture;1200000;2;E-Wallet (OVO/Dana);2400000;0;2400000;Bandung;Jawa Barat
6a118f6afad9326442663916;TRX-1B51JCET;01/03/2025;Jono Adriansyah;user58@example.com;Non-Member;Paket Ayam Bakar Madu;Kuliner;35000;1;E-Wallet (OVO/Dana);35000;0;35000;Sukabumi;Jawa Barat
6a118f6afad9326442663917;TRX-GSK4VOJ5;15/01/2025;Novianti;user59@example.com;Member;Kopi Susu Gula Aren 1L;Kuliner;65000;3;Kartu Kredit;195000;0;195000;Makassar;Sulawesi Selatan
6a118f6afad9326442663918;TRX-LQMYQ2WX;11/03/2026;Andi Wijaya;user60@example.com;Member;Paket Ayam Bakar Madu;Kuliner;35000;1;Kartu Kredit;35000;0;35000;Bandung;Jawa Barat
6a118f6afad9326442663919;TRX-CEF7S4JI;11/02/2025;Andi Wijaya;user61@example.com;Member;Laptop ASUS ROG;Elektronik;20000000;1;Kartu Kredit;20000000;0;20000000;Jakarta;DKI Jakarta
6a118f6afad932644266391a;TRX-1XKLUVAQ;19/03/2026;Novianti;user62@example.com;Non-Member;Paket Ayam Bakar Madu;Kuliner;35000;1;Kartu Kredit;35000;0;35000;Sukabumi;Jawa Barat
6a118f6afad932644266391b;TRX-KB8ZYRPZ;23/02/2025;Budi Santoso;user63@example.com;Non-Member;Laptop ASUS ROG;Elektronik;20000000;3;Kartu Kredit;60000000;0;60000000;Semarang;Jawa Tengah
6a118f6afad932644266391c;TRX-8GXC9WFY;23/03/2025;Eko Prasetyo;user64@example.com;Member;Laptop ASUS ROG;Elektronik;20000000;3;E-Wallet (OVO/Dana);60000000;0;60000000;Semarang;Jawa Tengah
6a118f6afad932644266391d;TRX-1B9I0E36;14/01/2025;Budi Santoso;user65@example.com;Non-Member;Smartphone Samsung S24;Elektronik;13000000;3;Transfer Bank;39000000;0;39000000;Semarang;Jawa Tengah
6a118f6afad932644266391e;TRX-MWTK12Y3;03/03/2026;Novianti;user66@example.com;Member;Laptop ASUS ROG;Elektronik;20000000;2;COD;40000000;0;40000000;Sukabumi;Jawa Barat
6a118f6afad932644266391f;TRX-9DJ7UO5O;16/07/2025;Andi Wijaya;user67@example.com;Member;Meja Kerja Minimalis;Furniture;1200000;1;Transfer Bank;1200000;0;1200000;Semarang;Jawa Tengah
6a118f6afad9326442663920;TRX-YHT7O9BS;08/10/2025;Siti Aminah;user68@example.com;Non-Member;Sepatu Sneaker Lokal;Fashion;450000;4;E-Wallet (OVO/Dana);1800000;0;1800000;Makassar;Sulawesi Selatan
6a118f6afad9326442663921;TRX-TQEYZ27W;05/03/2026;Andi Wijaya;user69@example.com;Non-Member;Kemeja Flanel Oversize;Fashion;250000;4;Transfer Bank;1000000;0;1000000;Surabaya;Jawa Timur
6a118f6afad9326442663922;TRX-E1HKBW5P;14/11/2025;Siti Aminah;user70@example.com;Member;Smartphone Samsung S24;Elektronik;13000000;2;Transfer Bank;26000000;0;26000000;Makassar;Sulawesi Selatan
6a118f6afad9326442663923;TRX-DCJGYNYS;23/02/2026;Mega Pertiwi;user71@example.com;Non-Member;Smartphone Samsung S24;Elektronik;13000000;2;E-Wallet (OVO/Dana);26000000;0;26000000;Makassar;Sulawesi Selatan
6a118f6afad9326442663924;TRX-PNBAM4TP;18/12/2025;Budi Santoso;user72@example.com;Non-Member;Kopi Susu Gula Aren 1L;Kuliner;65000;2;Kartu Kredit;130000;0;130000;Bandung;Jawa Barat
6a118f6afad9326442663925;TRX-R9EYSEUH;06/11/2025;Rian Hidayat;user73@example.com;Member;Kopi Susu Gula Aren 1L;Kuliner;65000;2;COD;130000;0;130000;Bandung;Jawa Barat
6a118f6afad9326442663926;TRX-D8RROEBD;10/11/2025;Eko Prasetyo;user74@example.com;Member;Kursi Gaming Premium;Furniture;2500000;3;E-Wallet (OVO/Dana);7500000;0;7500000;Semarang;Jawa Tengah
6a118f6afad9326442663927;TRX-6MWEYSBA;07/04/2026;Fahmi Idris;user75@example.com;Member;Meja Kerja Minimalis;Furniture;1200000;4;E-Wallet (OVO/Dana);4800000;0;4800000;Medan;Sumatera Utara
6a118f6afad9326442663928;TRX-S18OXUBU;04/06/2025;Novianti;user76@example.com;Member;Laptop ASUS ROG;Elektronik;20000000;2;E-Wallet (OVO/Dana);40000000;0;40000000;Surabaya;Jawa Timur
6a118f6afad9326442663929;TRX-EZ4XMW7S;26/04/2025;Andi Wijaya;user77@example.com;Member;Kemeja Flanel Oversize;Fashion;250000;4;Kartu Kredit;1000000;0;1000000;Medan;Sumatera Utara
6a118f6afad932644266392a;TRX-L6KXAJWY;24/04/2025;Siti Aminah;user78@example.com;Member;Kursi Gaming Premium;Furniture;2500000;2;Transfer Bank;5000000;0;5000000;Surabaya;Jawa Timur
6a118f6afad932644266392b;TRX-HE4MMRPY;10/01/2026;Budi Santoso;user79@example.com;Member;Sepatu Sneaker Lokal;Fashion;450000;4;Kartu Kredit;1800000;0;1800000;Semarang;Jawa Tengah
6a118f6afad932644266392c;TRX-U9PZ20KM;19/08/2025;Andi Wijaya;user80@example.com;Non-Member;Sepatu Sneaker Lokal;Fashion;450000;1;COD;450000;0;450000;Medan;Sumatera Utara
6a118f6afad932644266392d;TRX-R3QKPQPN;26/06/2025;Rian Hidayat;user81@example.com;Member;Meja Kerja Minimalis;Furniture;1200000;2;Transfer Bank;2400000;0;2400000;Medan;Sumatera Utara
6a118f6afad932644266392e;TRX-SOR8D2XW;08/04/2025;Dewi Lestari;user82@example.com;Member;Paket Ayam Bakar Madu;Kuliner;35000;4;E-Wallet (OVO/Dana);140000;0;140000;Bandung;Jawa Barat
6a118f6afad932644266392f;TRX-9NJE927U;10/02/2025;Budi Santoso;user83@example.com;Member;Kopi Susu Gula Aren 1L;Kuliner;65000;4;Kartu Kredit;260000;0;260000;Semarang;Jawa Tengah
6a118f6afad9326442663930;TRX-IO4CW44G;14/03/2025;Dewi Lestari;user84@example.com;Non-Member;Kursi Gaming Premium;Furniture;2500000;3;COD;7500000;0;7500000;Bandung;Jawa Barat
6a118f6afad9326442663931;TRX-688J5XZA;06/11/2025;Novianti;user85@example.com;Member;Laptop ASUS ROG;Elektronik;20000000;3;E-Wallet (OVO/Dana);60000000;0;60000000;Jakarta;DKI Jakarta
6a118f6afad9326442663932;TRX-DL2BQBYF;06/02/2025;Fahmi Idris;user86@example.com;Non-Member;Kopi Susu Gula Aren 1L;Kuliner;65000;2;Kartu Kredit;130000;0;130000;Makassar;Sulawesi Selatan
6a118f6afad9326442663933;TRX-ATEL998Z;01/01/2025;Novianti;user87@example.com;Non-Member;Paket Ayam Bakar Madu;Kuliner;35000;4;Kartu Kredit;140000;0;140000;Bandung;Jawa Barat
6a118f6afad9326442663934;TRX-KVQ61TSZ;11/11/2025;Dewi Lestari;user88@example.com;Member;Kopi Susu Gula Aren 1L;Kuliner;65000;3;Kartu Kredit;195000;0;195000;Jakarta;DKI Jakarta
6a118f6afad9326442663935;TRX-EBUZ8RRU;19/01/2025;Budi Santoso;user89@example.com;Member;Kopi Susu Gula Aren 1L;Kuliner;65000;4;Transfer Bank;260000;0;260000;Medan;Sumatera Utara
6a118f6afad9326442663936;TRX-YWSVK1VB;03/08/2025;Budi Santoso;user90@example.com;Member;Laptop ASUS ROG;Elektronik;20000000;2;Kartu Kredit;40000000;0;40000000;Medan;Sumatera Utara
6a118f6afad9326442663937;TRX-KIZ4B8H2;16/09/2025;Fahmi Idris;user91@example.com;Member;Kemeja Flanel Oversize;Fashion;250000;2;COD;500000;0;500000;Jakarta;DKI Jakarta
6a118f6afad9326442663938;TRX-8SN79KQL;15/04/2026;Andi Wijaya;user92@example.com;Non-Member;Kemeja Flanel Oversize;Fashion;250000;4;COD;1000000;0;1000000;Bandung;Jawa Barat
6a118f6afad9326442663939;TRX-1G1RXSC6;05/06/2025;Budi Santoso;user93@example.com;Non-Member;Meja Kerja Minimalis;Furniture;1200000;2;Kartu Kredit;2400000;0;2400000;Makassar;Sulawesi Selatan
6a118f6afad932644266393a;TRX-QAGND3Y1;27/03/2025;Mega Pertiwi;user94@example.com;Non-Member;Paket Ayam Bakar Madu;Kuliner;35000;2;E-Wallet (OVO/Dana);70000;0;70000;Semarang;Jawa Tengah
6a118f6afad932644266393b;TRX-K2YS4CRA;24/11/2025;Fahmi Idris;user95@example.com;Non-Member;Meja Kerja Minimalis;Furniture;1200000;3;E-Wallet (OVO/Dana);3600000;0;3600000;Makassar;Sulawesi Selatan
6a118f6afad932644266393c;TRX-JLIYTFGM;10/04/2025;Novianti;user96@example.com;Member;Laptop ASUS ROG;Elektronik;20000000;4;Kartu Kredit;80000000;0;80000000;Bandung;Jawa Barat
6a118f6afad932644266393d;TRX-JWVRWU9R;16/01/2025;Novianti;user97@example.com;Member;Kemeja Flanel Oversize;Fashion;250000;2;Transfer Bank;500000;0;500000;Jakarta;DKI Jakarta
6a118f6afad932644266393e;TRX-WO1IP2PU;21/01/2026;Budi Santoso;user98@example.com;Member;Kursi Gaming Premium;Furniture;2500000;1;Kartu Kredit;2500000;0;2500000;Bandung;Jawa Barat
6a118f6afad932644266393f;TRX-QDDNAYCX;25/03/2026;Jono Adriansyah;user99@example.com;Non-Member;Kursi Gaming Premium;Furniture;2500000;2;Kartu Kredit;5000000;0;5000000;Sukabumi;Jawa Barat
6a118f6afad9326442663940;TRX-O2B5S3YU;05/10/2025;Budi Santoso;user100@example.com;Non-Member;Meja Kerja Minimalis;Furniture;1200000;3;E-Wallet (OVO/Dana);3600000;0;3600000;Bandung;Jawa Barat
6a118f6afad9326442663941;TRX-D5QLPX8G;11/01/2025;Dewi Lestari;user101@example.com;Member;Sepatu Sneaker Lokal;Fashion;450000;3;Kartu Kredit;1350000;0;1350000;Jakarta;DKI Jakarta
6a118f6afad9326442663942;TRX-63H32OHZ;23/09/2025;Jono Adriansyah;user102@example.com;Non-Member;Kopi Susu Gula Aren 1L;Kuliner;65000;1;Transfer Bank;65000;0;65000;Medan;Sumatera Utara
6a118f6afad9326442663943;TRX-GGXB4ALG;20/11/2025;Eko Prasetyo;user103@example.com;Member;Sepatu Sneaker Lokal;Fashion;450000;2;Kartu Kredit;900000;0;900000;Surabaya;Jawa Timur
6a118f6afad9326442663944;TRX-88LG6CXM;15/08/2025;Jono Adriansyah;user104@example.com;Non-Member;Paket Ayam Bakar Madu;Kuliner;35000;1;Kartu Kredit;35000;0;35000;Surabaya;Jawa Timur
6a118f6afad9326442663945;TRX-4EADG0FY;02/04/2025;Siti Aminah;user105@example.com;Non-Member;Kursi Gaming Premium;Furniture;2500000;1;Transfer Bank;2500000;0;2500000;Semarang;Jawa Tengah
6a118f6afad9326442663946;TRX-VBUUNJU9;03/11/2025;Siti Aminah;user106@example.com;Member;Kopi Susu Gula Aren 1L;Kuliner;65000;3;Transfer Bank;195000;0;195000;Jakarta;DKI Jakarta
6a118f6afad9326442663947;TRX-2TP73W41;24/07/2025;Budi Santoso;user107@example.com;Non-Member;Paket Ayam Bakar Madu;Kuliner;35000;3;E-Wallet (OVO/Dana);105000;0;105000;Makassar;Sulawesi Selatan
6a118f6afad9326442663948;TRX-INNONLJB;06/05/2026;Eko Prasetyo;user108@example.com;Member;Kursi Gaming Premium;Furniture;2500000;3;Kartu Kredit;7500000;0;7500000;Jakarta;DKI Jakarta
6a118f6afad9326442663949;TRX-S9IX562R;17/03/2026;Novianti;user109@example.com;Non-Member;Sepatu Sneaker Lokal;Fashion;450000;1;Kartu Kredit;450000;0;450000;Makassar;Sulawesi Selatan
6a118f6afad932644266394a;TRX-SVFTOBQ1;20/01/2026;Eko Prasetyo;user110@example.com;Non-Member;Laptop ASUS ROG;Elektronik;20000000;2;E-Wallet (OVO/Dana);40000000;0;40000000;Makassar;Sulawesi Selatan
6a118f6afad932644266394b;TRX-R8GA8ZBH;18/02/2025;Siti Aminah;user111@example.com;Non-Member;Smartphone Samsung S24;Elektronik;13000000;2;Transfer Bank;26000000;0;26000000;Surabaya;Jawa Timur
6a118f6afad932644266394c;TRX-QQOG54L0;15/11/2025;Siti Aminah;user112@example.com;Member;Meja Kerja Minimalis;Furniture;1200000;2;COD;2400000;0;2400000;Makassar;Sulawesi Selatan
6a118f6afad932644266394d;TRX-BNMCTH4M;13/02/2025;Rian Hidayat;user113@example.com;Non-Member;Meja Kerja Minimalis;Furniture;1200000;2;Kartu Kredit;2400000;0;2400000;Sukabumi;Jawa Barat
6a118f6afad932644266394e;TRX-C7MDI98N;13/05/2025;Dewi Lestari;user114@example.com;Member;Laptop ASUS ROG;Elektronik;20000000;1;Transfer Bank;20000000;0;20000000;Medan;Sumatera Utara
6a118f6afad932644266394f;TRX-8DP3KL0A;03/04/2026;Budi Santoso;user115@example.com;Member;Smartphone Samsung S24;Elektronik;13000000;4;COD;52000000;0;52000000;Sukabumi;Jawa Barat
6a118f6afad9326442663950;TRX-O63YTDO5;06/02/2026;Novianti;user116@example.com;Member;Sepatu Sneaker Lokal;Fashion;450000;1;Kartu Kredit;450000;0;450000;Semarang;Jawa Tengah
6a118f6afad9326442663951;TRX-2C0CG8JH;02/04/2025;Mega Pertiwi;user117@example.com;Member;Smartphone Samsung S24;Elektronik;13000000;1;Transfer Bank;13000000;0;13000000;Makassar;Sulawesi Selatan
6a118f6afad9326442663952;TRX-HF16R9SH;23/09/2025;Mega Pertiwi;user118@example.com;Member;Kursi Gaming Premium;Furniture;2500000;4;COD;10000000;0;10000000;Makassar;Sulawesi Selatan
6a118f6afad9326442663953;TRX-P9QEZBXL;16/05/2026;Mega Pertiwi;user119@example.com;Non-Member;Smartphone Samsung S24;Elektronik;13000000;2;Kartu Kredit;26000000;0;26000000;Bandung;Jawa Barat
6a118f6afad9326442663954;TRX-FHL9E2AL;08/07/2025;Eko Prasetyo;user120@example.com;Non-Member;Sepatu Sneaker Lokal;Fashion;450000;4;COD;1800000;0;1800000;Bandung;Jawa Barat
6a118f6afad9326442663955;TRX-5CXZ2VFR;26/10/2025;Fahmi Idris;user121@example.com;Member;Sepatu Sneaker Lokal;Fashion;450000;2;Transfer Bank;900000;0;900000;Jakarta;DKI Jakarta
6a118f6afad9326442663956;TRX-0VEK8J83;02/04/2026;Andi Wijaya;user122@example.com;Member;Meja Kerja Minimalis;Furniture;1200000;1;Transfer Bank;1200000;0;1200000;Bandung;Jawa Barat
6a118f6afad9326442663957;TRX-N49WYR7T;22/05/2025;Siti Aminah;user123@example.com;Non-Member;Smartphone Samsung S24;Elektronik;13000000;4;Kartu Kredit;52000000;0;52000000;Bandung;Jawa Barat
6a118f6afad9326442663958;TRX-1O1Y1MPJ;30/04/2025;Fahmi Idris;user124@example.com;Non-Member;Kursi Gaming Premium;Furniture;2500000;4;Kartu Kredit;10000000;0;10000000;Semarang;Jawa Tengah
6a118f6afad9326442663959;TRX-1HFZGCMK;18/01/2025;Fahmi Idris;user125@example.com;Non-Member;Sepatu Sneaker Lokal;Fashion;450000;3;E-Wallet (OVO/Dana);1350000;0;1350000;Sukabumi;Jawa Barat
6a118f6afad932644266395a;TRX-PPW3D5VP;18/04/2026;Rian Hidayat;user126@example.com;Non-Member;Meja Kerja Minimalis;Furniture;1200000;1;E-Wallet (OVO/Dana);1200000;0;1200000;Medan;Sumatera Utara
6a118f6afad932644266395b;TRX-YTO9VGF5;08/01/2025;Andi Wijaya;user127@example.com;Non-Member;Smartphone Samsung S24;Elektronik;13000000;3;Transfer Bank;39000000;0;39000000;Makassar;Sulawesi Selatan
6a118f6afad932644266395c;TRX-1L8RDVU2;12/12/2025;Andi Wijaya;user128@example.com;Member;Kemeja Flanel Oversize;Fashion;250000;4;E-Wallet (OVO/Dana);1000000;0;1000000;Medan;Sumatera Utara
6a118f6afad932644266395d;TRX-4NTTNBUA;07/04/2026;Eko Prasetyo;user129@example.com;Member;Kemeja Flanel Oversize;Fashion;250000;2;Transfer Bank;500000;0;500000;Bandung;Jawa Barat
6a118f6afad932644266395e;TRX-UGHABW1Q;12/06/2025;Dewi Lestari;user130@example.com;Member;Kursi Gaming Premium;Furniture;2500000;1;COD;2500000;0;2500000;Bandung;Jawa Barat
6a118f6afad932644266395f;TRX-M02GIE9T;31/12/2024;Rian Hidayat;user131@example.com;Non-Member;Kursi Gaming Premium;Furniture;2500000;4;Transfer Bank;10000000;0;10000000;Semarang;Jawa Tengah
6a118f6afad9326442663960;TRX-XJD356H1;12/01/2025;Novianti;user132@example.com;Non-Member;Kursi Gaming Premium;Furniture;2500000;1;Transfer Bank;2500000;0;2500000;Surabaya;Jawa Timur
6a118f6afad9326442663961;TRX-19UM2JQG;01/04/2025;Eko Prasetyo;user133@example.com;Non-Member;Laptop ASUS ROG;Elektronik;20000000;2;COD;40000000;0;40000000;Makassar;Sulawesi Selatan
6a118f6afad9326442663962;TRX-THM7LSCA;15/04/2025;Novianti;user134@example.com;Non-Member;Kopi Susu Gula Aren 1L;Kuliner;65000;4;COD;260000;0;260000;Semarang;Jawa Tengah
6a118f6afad9326442663963;TRX-KFZ6JH2Y;16/09/2025;Mega Pertiwi;user135@example.com;Non-Member;Smartphone Samsung S24;Elektronik;13000000;1;COD;13000000;0;13000000;Semarang;Jawa Tengah
6a118f6afad9326442663964;TRX-CEBWBWFZ;12/09/2025;Novianti;user136@example.com;Non-Member;Smartphone Samsung S24;Elektronik;13000000;1;Kartu Kredit;13000000;0;13000000;Bandung;Jawa Barat
6a118f6afad9326442663965;TRX-YY9UV3F3;04/11/2025;Jono Adriansyah;user137@example.com;Member;Kopi Susu Gula Aren 1L;Kuliner;65000;2;Kartu Kredit;130000;0;130000;Makassar;Sulawesi Selatan
6a118f6afad9326442663966;TRX-ZZOSACYJ;10/01/2025;Budi Santoso;user138@example.com;Member;Kursi Gaming Premium;Furniture;2500000;2;Transfer Bank;5000000;0;5000000;Semarang;Jawa Tengah
6a118f6afad9326442663967;TRX-ER6SB6MP;04/01/2026;Mega Pertiwi;user139@example.com;Member;Smartphone Samsung S24;Elektronik;13000000;1;Transfer Bank;13000000;0;13000000;Jakarta;DKI Jakarta
6a118f6afad9326442663968;TRX-0S1T1N8K;20/03/2026;Mega Pertiwi;user140@example.com;Non-Member;Meja Kerja Minimalis;Furniture;1200000;3;Transfer Bank;3600000;0;3600000;Makassar;Sulawesi Selatan
6a118f6afad9326442663969;TRX-MJWV509N;14/03/2026;Mega Pertiwi;user141@example.com;Non-Member;Kemeja Flanel Oversize;Fashion;250000;1;Kartu Kredit;250000;0;250000;Semarang;Jawa Tengah
6a118f6afad932644266396a;TRX-3SLLAMJB;02/01/2026;Siti Aminah;user142@example.com;Member;Sepatu Sneaker Lokal;Fashion;450000;4;COD;1800000;0;1800000;Semarang;Jawa Tengah
6a118f6afad932644266396b;TRX-HHGO6LJX;09/02/2026;Siti Aminah;user143@example.com;Member;Kemeja Flanel Oversize;Fashion;250000;3;E-Wallet (OVO/Dana);750000;0;750000;Surabaya;Jawa Timur
6a118f6afad932644266396c;TRX-237IYI7W;25/12/2025;Rian Hidayat;user144@example.com;Non-Member;Kemeja Flanel Oversize;Fashion;250000;2;E-Wallet (OVO/Dana);500000;0;500000;Makassar;Sulawesi Selatan
6a118f6afad932644266396d;TRX-WG47SISQ;31/05/2025;Fahmi Idris;user145@example.com;Non-Member;Paket Ayam Bakar Madu;Kuliner;35000;1;COD;35000;0;35000;Semarang;Jawa Tengah
6a118f6afad932644266396e;TRX-93GFX149;31/12/2024;Mega Pertiwi;user146@example.com;Member;Kursi Gaming Premium;Furniture;2500000;3;Transfer Bank;7500000;0;7500000;Bandung;Jawa Barat
6a118f6afad932644266396f;TRX-DOZ2PEZH;27/02/2025;Fahmi Idris;user147@example.com;Non-Member;Kursi Gaming Premium;Furniture;2500000;4;COD;10000000;0;10000000;Surabaya;Jawa Timur
6a118f6afad9326442663970;TRX-SA837S1M;24/01/2026;Siti Aminah;user148@example.com;Member;Laptop ASUS ROG;Elektronik;20000000;1;Transfer Bank;20000000;0;20000000;Medan;Sumatera Utara
6a118f6afad9326442663971;TRX-769KMMJQ;26/04/2025;Jono Adriansyah;user149@example.com;Member;Kopi Susu Gula Aren 1L;Kuliner;65000;1;COD;65000;0;65000;Bandung;Jawa Barat
6a118f6afad9326442663972;TRX-8PZ7S96Z;01/01/2026;Fahmi Idris;user150@example.com;Member;Kopi Susu Gula Aren 1L;Kuliner;65000;2;Transfer Bank;130000;0;130000;Sukabumi;Jawa Barat
6a118f6afad9326442663973;TRX-WEWL7FBI;06/04/2025;Siti Aminah;user151@example.com;Member;Smartphone Samsung S24;Elektronik;13000000;1;Transfer Bank;13000000;0;13000000;Sukabumi;Jawa Barat
6a118f6afad9326442663974;TRX-ADWQWPEQ;19/02/2025;Fahmi Idris;user152@example.com;Member;Smartphone Samsung S24;Elektronik;13000000;4;COD;52000000;0;52000000;Surabaya;Jawa Timur
6a118f6afad9326442663975;TRX-1O8ZL51I;17/05/2025;Fahmi Idris;user153@example.com;Member;Kursi Gaming Premium;Furniture;2500000;1;E-Wallet (OVO/Dana);2500000;0;2500000;Sukabumi;Jawa Barat
6a118f6afad9326442663976;TRX-4R6942K1;17/01/2025;Dewi Lestari;user154@example.com;Non-Member;Laptop ASUS ROG;Elektronik;20000000;1;E-Wallet (OVO/Dana);20000000;0;20000000;Surabaya;Jawa Timur
6a118f6afad9326442663977;TRX-JMMUK2H5;15/02/2025;Fahmi Idris;user155@example.com;Non-Member;Kemeja Flanel Oversize;Fashion;250000;1;Kartu Kredit;250000;0;250000;Medan;Sumatera Utara
6a118f6afad9326442663978;TRX-QJ30EHO5;25/12/2025;Jono Adriansyah;user156@example.com;Non-Member;Laptop ASUS ROG;Elektronik;20000000;2;COD;40000000;0;40000000;Makassar;Sulawesi Selatan
6a118f6afad9326442663979;TRX-FJ482I3A;08/04/2026;Eko Prasetyo;user157@example.com;Non-Member;Kemeja Flanel Oversize;Fashion;250000;1;Transfer Bank;250000;0;250000;Makassar;Sulawesi Selatan
6a118f6afad932644266397a;TRX-YTU0D7MM;10/08/2025;Dewi Lestari;user158@example.com;Member;Sepatu Sneaker Lokal;Fashion;450000;1;Transfer Bank;450000;0;450000;Medan;Sumatera Utara
6a118f6afad932644266397b;TRX-N2OW3CJI;15/01/2026;Jono Adriansyah;user159@example.com;Member;Kemeja Flanel Oversize;Fashion;250000;4;COD;1000000;0;1000000;Sukabumi;Jawa Barat
6a118f6afad932644266397c;TRX-L23O7634;04/12/2025;Novianti;user160@example.com;Non-Member;Meja Kerja Minimalis;Furniture;1200000;1;COD;1200000;0;1200000;Sukabumi;Jawa Barat
6a118f6afad932644266397d;TRX-DFHB4ZDX;09/01/2026;Fahmi Idris;user161@example.com;Member;Kursi Gaming Premium;Furniture;2500000;2;Kartu Kredit;5000000;0;5000000;Semarang;Jawa Tengah
6a118f6afad932644266397e;TRX-TN9WC4U9;17/01/2026;Budi Santoso;user162@example.com;Non-Member;Laptop ASUS ROG;Elektronik;20000000;1;Transfer Bank;20000000;0;20000000;Medan;Sumatera Utara
6a118f6afad932644266397f;TRX-W0WZIEG8;23/03/2026;Fahmi Idris;user163@example.com;Member;Meja Kerja Minimalis;Furniture;1200000;4;E-Wallet (OVO/Dana);4800000;0;4800000;Surabaya;Jawa Timur
6a118f6afad9326442663980;TRX-Z06QWPQ2;26/02/2026;Eko Prasetyo;user164@example.com;Member;Paket Ayam Bakar Madu;Kuliner;35000;1;E-Wallet (OVO/Dana);35000;0;35000;Sukabumi;Jawa Barat
6a118f6afad9326442663981;TRX-5C0RW37P;06/02/2025;Mega Pertiwi;user165@example.com;Non-Member;Kopi Susu Gula Aren 1L;Kuliner;65000;3;COD;195000;0;195000;Makassar;Sulawesi Selatan
6a118f6afad9326442663982;TRX-OWX253VG;23/01/2026;Andi Wijaya;user166@example.com;Non-Member;Meja Kerja Minimalis;Furniture;1200000;1;Transfer Bank;1200000;0;1200000;Sukabumi;Jawa Barat
6a118f6afad9326442663983;TRX-FPXUOONT;26/04/2026;Jono Adriansyah;user167@example.com;Non-Member;Kursi Gaming Premium;Furniture;2500000;1;COD;2500000;0;2500000;Jakarta;DKI Jakarta
6a118f6afad9326442663984;TRX-KO5NPGO2;12/03/2025;Jono Adriansyah;user168@example.com;Member;Kopi Susu Gula Aren 1L;Kuliner;65000;2;COD;130000;0;130000;Bandung;Jawa Barat
6a118f6afad9326442663985;TRX-LI20M6PJ;30/04/2025;Eko Prasetyo;user169@example.com;Member;Meja Kerja Minimalis;Furniture;1200000;1;COD;1200000;0;1200000;Medan;Sumatera Utara
6a118f6afad9326442663986;TRX-NLMX5N0J;12/05/2026;Jono Adriansyah;user170@example.com;Member;Paket Ayam Bakar Madu;Kuliner;35000;3;COD;105000;0;105000;Sukabumi;Jawa Barat
6a118f6afad9326442663987;TRX-WVTJC4EW;02/06/2025;Dewi Lestari;user171@example.com;Non-Member;Meja Kerja Minimalis;Furniture;1200000;4;Transfer Bank;4800000;0;4800000;Jakarta;DKI Jakarta
6a118f6afad9326442663988;TRX-E1S5NSV4;17/02/2026;Novianti;user172@example.com;Member;Laptop ASUS ROG;Elektronik;20000000;3;E-Wallet (OVO/Dana);60000000;0;60000000;Sukabumi;Jawa Barat
6a118f6afad9326442663989;TRX-S7C3TWTW;15/02/2025;Novianti;user173@example.com;Member;Kopi Susu Gula Aren 1L;Kuliner;65000;1;Kartu Kredit;65000;0;65000;Sukabumi;Jawa Barat
6a118f6afad932644266398a;TRX-7YKP8GH8;19/03/2025;Andi Wijaya;user174@example.com;Non-Member;Kursi Gaming Premium;Furniture;2500000;2;Kartu Kredit;5000000;0;5000000;Surabaya;Jawa Timur
6a118f6afad932644266398b;TRX-FV9XEEQK;12/10/2025;Dewi Lestari;user175@example.com;Non-Member;Smartphone Samsung S24;Elektronik;13000000;3;Kartu Kredit;39000000;0;39000000;Surabaya;Jawa Timur
6a118f6afad932644266398c;TRX-1XJ7NKLS;23/04/2026;Fahmi Idris;user176@example.com;Non-Member;Meja Kerja Minimalis;Furniture;1200000;2;Kartu Kredit;2400000;0;2400000;Semarang;Jawa Tengah
6a118f6afad932644266398d;TRX-E8752CHB;10/11/2025;Novianti;user177@example.com;Non-Member;Smartphone Samsung S24;Elektronik;13000000;2;E-Wallet (OVO/Dana);26000000;0;26000000;Sukabumi;Jawa Barat
6a118f6afad932644266398e;TRX-UFUJHJPQ;21/05/2025;Siti Aminah;user178@example.com;Member;Laptop ASUS ROG;Elektronik;20000000;1;COD;20000000;0;20000000;Semarang;Jawa Tengah
6a118f6afad932644266398f;TRX-WTUNGCTB;10/01/2025;Andi Wijaya;user179@example.com;Member;Meja Kerja Minimalis;Furniture;1200000;3;Transfer Bank;3600000;0;3600000;Sukabumi;Jawa Barat
6a118f6afad9326442663990;TRX-KQRYJS6P;01/04/2025;Dewi Lestari;user180@example.com;Non-Member;Kemeja Flanel Oversize;Fashion;250000;3;E-Wallet (OVO/Dana);750000;0;750000;Bandung;Jawa Barat
6a118f6afad9326442663991;TRX-Q2VDF2M3;17/01/2025;Budi Santoso;user181@example.com;Member;Laptop ASUS ROG;Elektronik;20000000;4;Transfer Bank;80000000;0;80000000;Sukabumi;Jawa Barat
6a118f6afad9326442663992;TRX-ZMPQ7WVK;17/04/2025;Eko Prasetyo;user182@example.com;Non-Member;Meja Kerja Minimalis;Furniture;1200000;4;E-Wallet (OVO/Dana);4800000;0;4800000;Medan;Sumatera Utara
6a118f6afad9326442663993;TRX-CHKKPT6X;19/02/2025;Fahmi Idris;user183@example.com;Non-Member;Paket Ayam Bakar Madu;Kuliner;35000;3;COD;105000;0;105000;Jakarta;DKI Jakarta
6a118f6afad9326442663994;TRX-B506N9UP;18/07/2025;Jono Adriansyah;user184@example.com;Non-Member;Kemeja Flanel Oversize;Fashion;250000;3;COD;750000;0;750000;Bandung;Jawa Barat
6a118f6afad9326442663995;TRX-GQHI5A8S;05/05/2026;Jono Adriansyah;user185@example.com;Non-Member;Meja Kerja Minimalis;Furniture;1200000;4;Kartu Kredit;4800000;0;4800000;Medan;Sumatera Utara
6a118f6afad9326442663996;TRX-PIOFH5UZ;09/05/2026;Rian Hidayat;user186@example.com;Non-Member;Kemeja Flanel Oversize;Fashion;250000;2;COD;500000;0;500000;Semarang;Jawa Tengah
6a118f6afad9326442663997;TRX-ZPLVEWV2;03/11/2025;Dewi Lestari;user187@example.com;Member;Kopi Susu Gula Aren 1L;Kuliner;65000;2;COD;130000;0;130000;Semarang;Jawa Tengah
6a118f6afad9326442663998;TRX-XCCX1B5B;03/12/2025;Fahmi Idris;user188@example.com;Member;Kemeja Flanel Oversize;Fashion;250000;4;Transfer Bank;1000000;0;1000000;Sukabumi;Jawa Barat
6a118f6afad9326442663999;TRX-89SUXG9L;08/06/2025;Siti Aminah;user189@example.com;Member;Meja Kerja Minimalis;Furniture;1200000;3;Kartu Kredit;3600000;0;3600000;Makassar;Sulawesi Selatan
6a118f6afad932644266399a;TRX-Q80EZKE9;27/02/2026;Jono Adriansyah;user190@example.com;Non-Member;Sepatu Sneaker Lokal;Fashion;450000;4;E-Wallet (OVO/Dana);1800000;0;1800000;Jakarta;DKI Jakarta
6a118f6afad932644266399b;TRX-1KQJAT9C;03/12/2025;Jono Adriansyah;user191@example.com;Member;Kopi Susu Gula Aren 1L;Kuliner;65000;4;COD;260000;0;260000;Jakarta;DKI Jakarta
6a118f6afad932644266399c;TRX-IWT6YGPM;09/01/2026;Siti Aminah;user192@example.com;Non-Member;Kopi Susu Gula Aren 1L;Kuliner;65000;4;Transfer Bank;260000;0;260000;Surabaya;Jawa Timur
6a118f6afad932644266399d;TRX-3XOCKBZ9;23/08/2025;Rian Hidayat;user193@example.com;Non-Member;Kursi Gaming Premium;Furniture;2500000;4;Transfer Bank;10000000;0;10000000;Semarang;Jawa Tengah
6a118f6afad932644266399e;TRX-PH6SA54S;21/06/2025;Mega Pertiwi;user194@example.com;Member;Kemeja Flanel Oversize;Fashion;250000;3;Transfer Bank;750000;0;750000;Semarang;Jawa Tengah
6a118f6afad932644266399f;TRX-BZPKLYWY;09/10/2025;Budi Santoso;user195@example.com;Non-Member;Meja Kerja Minimalis;Furniture;1200000;4;COD;4800000;0;4800000;Surabaya;Jawa Timur
6a118f6afad93264426639a0;TRX-K2V7OJDC;14/03/2025;Dewi Lestari;user196@example.com;Non-Member;Kursi Gaming Premium;Furniture;2500000;3;Transfer Bank;7500000;0;7500000;Surabaya;Jawa Timur
6a118f6afad93264426639a1;TRX-X5WL3IB7;25/08/2025;Budi Santoso;user197@example.com;Member;Sepatu Sneaker Lokal;Fashion;450000;4;E-Wallet (OVO/Dana);1800000;0;1800000;Semarang;Jawa Tengah
6a118f6afad93264426639a2;TRX-BK4MNJX1;08/12/2025;Rian Hidayat;user198@example.com;Non-Member;Paket Ayam Bakar Madu;Kuliner;35000;1;Kartu Kredit;35000;0;35000;Semarang;Jawa Tengah
6a118f6afad93264426639a3;TRX-LIQ2CIZT;19/08/2025;Jono Adriansyah;user199@example.com;Member;Paket Ayam Bakar Madu;Kuliner;35000;3;E-Wallet (OVO/Dana);105000;0;105000;Makassar;Sulawesi Selatan
6a118f6afad93264426639a4;TRX-QWJ22AVJ;20/08/2025;Rian Hidayat;user200@example.com;Member;Kemeja Flanel Oversize;Fashion;250000;3;Transfer Bank;750000;0;750000;Makassar;Sulawesi Selatan
6a118f6afad93264426639a5;TRX-R5K9JFQJ;26/02/2026;Budi Santoso;user201@example.com;Member;Kemeja Flanel Oversize;Fashion;250000;3;Kartu Kredit;750000;0;750000;Makassar;Sulawesi Selatan
6a118f6afad93264426639a6;TRX-TT0HZ7Y4;16/11/2025;Novianti;user202@example.com;Non-Member;Kursi Gaming Premium;Furniture;2500000;3;COD;7500000;0;7500000;Bandung;Jawa Barat
6a118f6afad93264426639a7;TRX-CGMCR0WV;03/09/2025;Eko Prasetyo;user203@example.com;Member;Paket Ayam Bakar Madu;Kuliner;35000;1;Transfer Bank;35000;0;35000;Medan;Sumatera Utara
6a118f6afad93264426639a8;TRX-PV437EZD;08/01/2026;Jono Adriansyah;user204@example.com;Non-Member;Kemeja Flanel Oversize;Fashion;250000;2;COD;500000;0;500000;Medan;Sumatera Utara
6a118f6afad93264426639a9;TRX-X3QLPVOW;23/08/2025;Andi Wijaya;user205@example.com;Member;Paket Ayam Bakar Madu;Kuliner;35000;2;COD;70000;0;70000;Semarang;Jawa Tengah
6a118f6afad93264426639aa;TRX-6WYMENVB;10/01/2026;Novianti;user206@example.com;Member;Laptop ASUS ROG;Elektronik;20000000;2;COD;40000000;0;40000000;Makassar;Sulawesi Selatan
6a118f6afad93264426639ab;TRX-5E3T185Z;10/05/2026;Fahmi Idris;user207@example.com;Non-Member;Sepatu Sneaker Lokal;Fashion;450000;2;COD;900000;0;900000;Bandung;Jawa Barat
6a118f6afad93264426639ac;TRX-DDXADODO;25/02/2025;Andi Wijaya;user208@example.com;Member;Meja Kerja Minimalis;Furniture;1200000;3;Transfer Bank;3600000;0;3600000;Sukabumi;Jawa Barat
6a118f6afad93264426639ad;TRX-VNI4TAC1;13/02/2026;Jono Adriansyah;user209@example.com;Non-Member;Laptop ASUS ROG;Elektronik;20000000;1;E-Wallet (OVO/Dana);20000000;0;20000000;Surabaya;Jawa Timur
6a118f6afad93264426639ae;TRX-EOCTUN6D;08/07/2025;Mega Pertiwi;user210@example.com;Member;Paket Ayam Bakar Madu;Kuliner;35000;1;Kartu Kredit;35000;0;35000;Makassar;Sulawesi Selatan
6a118f6afad93264426639af;TRX-8O2FOZ2N;13/05/2026;Novianti;user211@example.com;Non-Member;Kopi Susu Gula Aren 1L;Kuliner;65000;1;E-Wallet (OVO/Dana);65000;0;65000;Semarang;Jawa Tengah
6a118f6afad93264426639b0;TRX-BA2JN7DY;12/02/2026;Dewi Lestari;user212@example.com;Member;Paket Ayam Bakar Madu;Kuliner;35000;3;E-Wallet (OVO/Dana);105000;0;105000;Jakarta;DKI Jakarta
6a118f6afad93264426639b1;TRX-YEG5PMIO;07/04/2026;Rian Hidayat;user213@example.com;Member;Smartphone Samsung S24;Elektronik;13000000;3;COD;39000000;0;39000000;Sukabumi;Jawa Barat
6a118f6afad93264426639b2;TRX-EY62ET2V;22/03/2026;Siti Aminah;user214@example.com;Non-Member;Kopi Susu Gula Aren 1L;Kuliner;65000;3;Kartu Kredit;195000;0;195000;Bandung;Jawa Barat
6a118f6afad93264426639b3;TRX-BY3FPB1C;04/05/2025;Novianti;user215@example.com;Non-Member;Paket Ayam Bakar Madu;Kuliner;35000;3;Kartu Kredit;105000;0;105000;Surabaya;Jawa Timur
6a118f6afad93264426639b4;TRX-18M60C68;26/01/2025;Dewi Lestari;user216@example.com;Member;Kopi Susu Gula Aren 1L;Kuliner;65000;3;COD;195000;0;195000;Semarang;Jawa Tengah
6a118f6afad93264426639b5;TRX-V2RQHHT3;20/12/2025;Budi Santoso;user217@example.com;Non-Member;Kemeja Flanel Oversize;Fashion;250000;4;COD;1000000;0;1000000;Bandung;Jawa Barat
6a118f6afad93264426639b6;TRX-NIBPYHW7;02/12/2025;Mega Pertiwi;user218@example.com;Member;Laptop ASUS ROG;Elektronik;20000000;1;Kartu Kredit;20000000;0;20000000;Jakarta;DKI Jakarta
6a118f6afad93264426639b7;TRX-QM0GVBFT;01/02/2025;Andi Wijaya;user219@example.com;Non-Member;Sepatu Sneaker Lokal;Fashion;450000;4;E-Wallet (OVO/Dana);1800000;0;1800000;Semarang;Jawa Tengah
6a118f6afad93264426639b8;TRX-POEMY72F;22/11/2025;Dewi Lestari;user220@example.com;Non-Member;Sepatu Sneaker Lokal;Fashion;450000;1;Transfer Bank;450000;0;450000;Medan;Sumatera Utara
6a118f6afad93264426639b9;TRX-AP7VJML3;18/04/2026;Dewi Lestari;user221@example.com;Member;Smartphone Samsung S24;Elektronik;13000000;1;E-Wallet (OVO/Dana);13000000;0;13000000;Sukabumi;Jawa Barat
6a118f6afad93264426639ba;TRX-TJFKMM90;19/03/2026;Jono Adriansyah;user222@example.com;Non-Member;Smartphone Samsung S24;Elektronik;13000000;3;E-Wallet (OVO/Dana);39000000;0;39000000;Semarang;Jawa Tengah
6a118f6afad93264426639bb;TRX-X1B2T3IA;26/05/2026;Eko Prasetyo;user223@example.com;Non-Member;Kursi Gaming Premium;Furniture;2500000;1;E-Wallet (OVO/Dana);2500000;0;2500000;Surabaya;Jawa Timur
6a118f6afad93264426639bc;TRX-LUYO9J9X;04/01/2025;Dewi Lestari;user224@example.com;Non-Member;Paket Ayam Bakar Madu;Kuliner;35000;4;Kartu Kredit;140000;0;140000;Semarang;Jawa Tengah
6a118f6afad93264426639bd;TRX-VS1D1DQE;06/01/2026;Jono Adriansyah;user225@example.com;Member;Meja Kerja Minimalis;Furniture;1200000;1;Transfer Bank;1200000;0;1200000;Sukabumi;Jawa Barat
6a118f6afad93264426639be;TRX-KLMNEYEQ;18/12/2025;Budi Santoso;user226@example.com;Non-Member;Kemeja Flanel Oversize;Fashion;250000;1;E-Wallet (OVO/Dana);250000;0;250000;Makassar;Sulawesi Selatan
6a118f6afad93264426639bf;TRX-NSE6ORZS;15/03/2026;Dewi Lestari;user227@example.com;Non-Member;Smartphone Samsung S24;Elektronik;13000000;3;E-Wallet (OVO/Dana);39000000;0;39000000;Surabaya;Jawa Timur
6a118f6afad93264426639c0;TRX-O9CLSWWR;26/05/2025;Eko Prasetyo;user228@example.com;Member;Sepatu Sneaker Lokal;Fashion;450000;2;Transfer Bank;900000;0;900000;Semarang;Jawa Tengah
6a118f6afad93264426639c1;TRX-51YMA3Q7;07/11/2025;Siti Aminah;user229@example.com;Non-Member;Meja Kerja Minimalis;Furniture;1200000;2;COD;2400000;0;2400000;Makassar;Sulawesi Selatan
6a118f6afad93264426639c2;TRX-5S9RWW9K;07/01/2025;Andi Wijaya;user230@example.com;Non-Member;Kemeja Flanel Oversize;Fashion;250000;4;E-Wallet (OVO/Dana);1000000;0;1000000;Surabaya;Jawa Timur
6a118f6afad93264426639c3;TRX-RC30C4UU;27/02/2026;Mega Pertiwi;user231@example.com;Member;Sepatu Sneaker Lokal;Fashion;450000;3;Kartu Kredit;1350000;0;1350000;Semarang;Jawa Tengah
6a118f6afad93264426639c4;TRX-9LHY3LIR;16/07/2025;Mega Pertiwi;user232@example.com;Non-Member;Kemeja Flanel Oversize;Fashion;250000;2;Transfer Bank;500000;0;500000;Makassar;Sulawesi Selatan
6a118f6afad93264426639c5;TRX-X0A0CP48;27/01/2026;Jono Adriansyah;user233@example.com;Non-Member;Meja Kerja Minimalis;Furniture;1200000;4;E-Wallet (OVO/Dana);4800000;0;4800000;Makassar;Sulawesi Selatan
6a118f6afad93264426639c6;TRX-H6EZHYX8;26/02/2025;Dewi Lestari;user234@example.com;Member;Kemeja Flanel Oversize;Fashion;250000;2;Transfer Bank;500000;0;500000;Surabaya;Jawa Timur
6a118f6afad93264426639c7;TRX-MJ7CHMJ9;21/10/2025;Eko Prasetyo;user235@example.com;Member;Sepatu Sneaker Lokal;Fashion;450000;3;E-Wallet (OVO/Dana);1350000;0;1350000;Sukabumi;Jawa Barat
6a118f6afad93264426639c8;TRX-6K5RG99K;14/08/2025;Budi Santoso;user236@example.com;Member;Kemeja Flanel Oversize;Fashion;250000;3;Transfer Bank;750000;0;750000;Medan;Sumatera Utara
6a118f6afad93264426639c9;TRX-97N0PXP1;25/06/2025;Andi Wijaya;user237@example.com;Non-Member;Kopi Susu Gula Aren 1L;Kuliner;65000;4;Kartu Kredit;260000;0;260000;Sukabumi;Jawa Barat
6a118f6afad93264426639ca;TRX-4Q1C27XY;23/05/2025;Mega Pertiwi;user238@example.com;Member;Smartphone Samsung S24;Elektronik;13000000;3;Kartu Kredit;39000000;0;39000000;Surabaya;Jawa Timur
6a118f6afad93264426639cb;TRX-QTCIY8OU;01/12/2025;Mega Pertiwi;user239@example.com;Member;Smartphone Samsung S24;Elektronik;13000000;2;E-Wallet (OVO/Dana);26000000;0;26000000;Sukabumi;Jawa Barat
6a118f6afad93264426639cc;TRX-F93BOJ0V;05/01/2025;Rian Hidayat;user240@example.com;Member;Kopi Susu Gula Aren 1L;Kuliner;65000;4;E-Wallet (OVO/Dana);260000;0;260000;Bandung;Jawa Barat
6a118f6afad93264426639cd;TRX-DBR43V43;03/06/2025;Budi Santoso;user241@example.com;Non-Member;Smartphone Samsung S24;Elektronik;13000000;2;Kartu Kredit;26000000;0;26000000;Surabaya;Jawa Timur
6a118f6afad93264426639ce;TRX-71CFXREC;19/03/2026;Jono Adriansyah;user242@example.com;Non-Member;Kemeja Flanel Oversize;Fashion;250000;4;Transfer Bank;1000000;0;1000000;Medan;Sumatera Utara
6a118f6afad93264426639cf;TRX-PSKM6BPA;07/09/2025;Novianti;user243@example.com;Member;Paket Ayam Bakar Madu;Kuliner;35000;4;E-Wallet (OVO/Dana);140000;0;140000;Jakarta;DKI Jakarta
6a118f6afad93264426639d0;TRX-JGW98UK9;02/03/2025;Rian Hidayat;user244@example.com;Member;Kopi Susu Gula Aren 1L;Kuliner;65000;4;Transfer Bank;260000;0;260000;Makassar;Sulawesi Selatan
6a118f6afad93264426639d1;TRX-KLSOXQLU;26/04/2025;Andi Wijaya;user245@example.com;Non-Member;Sepatu Sneaker Lokal;Fashion;450000;1;Kartu Kredit;450000;0;450000;Medan;Sumatera Utara
6a118f6afad93264426639d2;TRX-8QL308DZ;09/09/2025;Mega Pertiwi;user246@example.com;Non-Member;Sepatu Sneaker Lokal;Fashion;450000;2;E-Wallet (OVO/Dana);900000;0;900000;Medan;Sumatera Utara
6a118f6afad93264426639d3;TRX-654GVNR3;09/03/2025;Jono Adriansyah;user247@example.com;Non-Member;Sepatu Sneaker Lokal;Fashion;450000;4;Transfer Bank;1800000;0;1800000;Sukabumi;Jawa Barat
6a118f6afad93264426639d4;TRX-E04DZKA9;27/05/2026;Fahmi Idris;user248@example.com;Member;Laptop ASUS ROG;Elektronik;20000000;4;COD;80000000;0;80000000;Semarang;Jawa Tengah
6a118f6afad93264426639d5;TRX-HZM7NEHN;17/06/2025;Dewi Lestari;user249@example.com;Non-Member;Laptop ASUS ROG;Elektronik;20000000;4;E-Wallet (OVO/Dana);80000000;0;80000000;Surabaya;Jawa Timur
6a118f6afad93264426639d6;TRX-Z9A70GNC;04/03/2026;Fahmi Idris;user250@example.com;Non-Member;Kopi Susu Gula Aren 1L;Kuliner;65000;3;Kartu Kredit;195000;0;195000;Medan;Sumatera Utara
6a118f6afad93264426639d7;TRX-Z2RIAMCL;13/11/2025;Andi Wijaya;user251@example.com;Non-Member;Paket Ayam Bakar Madu;Kuliner;35000;1;COD;35000;0;35000;Semarang;Jawa Tengah
6a118f6afad93264426639d8;TRX-3ISUZ067;22/05/2026;Budi Santoso;user252@example.com;Member;Laptop ASUS ROG;Elektronik;20000000;1;Kartu Kredit;20000000;0;20000000;Medan;Sumatera Utara
6a118f6afad93264426639d9;TRX-DFLSG0ZO;09/04/2026;Siti Aminah;user253@example.com;Non-Member;Paket Ayam Bakar Madu;Kuliner;35000;4;COD;140000;0;140000;Makassar;Sulawesi Selatan
6a118f6afad93264426639da;TRX-JJE98KZA;18/06/2025;Budi Santoso;user254@example.com;Member;Kopi Susu Gula Aren 1L;Kuliner;65000;1;Kartu Kredit;65000;0;65000;Semarang;Jawa Tengah
6a118f6afad93264426639db;TRX-NGI8KWCZ;03/03/2025;Mega Pertiwi;user255@example.com;Non-Member;Kursi Gaming Premium;Furniture;2500000;4;Transfer Bank;10000000;0;10000000;Medan;Sumatera Utara
6a118f6afad93264426639dc;TRX-LV5ODQ8N;06/03/2026;Andi Wijaya;user256@example.com;Non-Member;Kopi Susu Gula Aren 1L;Kuliner;65000;4;E-Wallet (OVO/Dana);260000;0;260000;Jakarta;DKI Jakarta
6a118f6afad93264426639dd;TRX-H9I6KBK2;31/12/2024;Eko Prasetyo;user257@example.com;Non-Member;Kopi Susu Gula Aren 1L;Kuliner;65000;1;E-Wallet (OVO/Dana);65000;0;65000;Makassar;Sulawesi Selatan
6a118f6afad93264426639de;TRX-Z8MSXKRP;17/10/2025;Mega Pertiwi;user258@example.com;Non-Member;Kursi Gaming Premium;Furniture;2500000;1;COD;2500000;0;2500000;Sukabumi;Jawa Barat
6a118f6afad93264426639df;TRX-K2UWU25O;11/11/2025;Siti Aminah;user259@example.com;Non-Member;Kopi Susu Gula Aren 1L;Kuliner;65000;4;Transfer Bank;260000;0;260000;Medan;Sumatera Utara
6a118f6afad93264426639e0;TRX-9I25W2OQ;02/02/2025;Dewi Lestari;user260@example.com;Member;Smartphone Samsung S24;Elektronik;13000000;1;Transfer Bank;13000000;0;13000000;Sukabumi;Jawa Barat
6a118f6afad93264426639e1;TRX-6TQM16LS;04/03/2025;Andi Wijaya;user261@example.com;Non-Member;Kursi Gaming Premium;Furniture;2500000;3;Kartu Kredit;7500000;0;7500000;Medan;Sumatera Utara
6a118f6afad93264426639e2;TRX-073I1M0T;22/07/2025;Fahmi Idris;user262@example.com;Non-Member;Sepatu Sneaker Lokal;Fashion;450000;4;Kartu Kredit;1800000;0;1800000;Sukabumi;Jawa Barat
6a118f6afad93264426639e3;TRX-LQ3DGGL8;08/12/2025;Siti Aminah;user263@example.com;Non-Member;Kursi Gaming Premium;Furniture;2500000;4;Transfer Bank;10000000;0;10000000;Sukabumi;Jawa Barat
6a118f6afad93264426639e4;TRX-J7NUQ7QP;12/06/2025;Andi Wijaya;user264@example.com;Member;Laptop ASUS ROG;Elektronik;20000000;2;Transfer Bank;40000000;0;40000000;Sukabumi;Jawa Barat
6a118f6afad93264426639e5;TRX-IO1X6IO3;05/09/2025;Fahmi Idris;user265@example.com;Member;Laptop ASUS ROG;Elektronik;20000000;1;E-Wallet (OVO/Dana);20000000;0;20000000;Medan;Sumatera Utara
6a118f6afad93264426639e6;TRX-AXE78HZ7;07/01/2025;Eko Prasetyo;user266@example.com;Member;Laptop ASUS ROG;Elektronik;20000000;3;E-Wallet (OVO/Dana);60000000;0;60000000;Surabaya;Jawa Timur
6a118f6afad93264426639e7;TRX-OIBCJ8BR;08/10/2025;Mega Pertiwi;user267@example.com;Member;Laptop ASUS ROG;Elektronik;20000000;4;Transfer Bank;80000000;0;80000000;Sukabumi;Jawa Barat
6a118f6afad93264426639e8;TRX-D1FY2W9B;08/06/2025;Novianti;user268@example.com;Non-Member;Meja Kerja Minimalis;Furniture;1200000;2;Kartu Kredit;2400000;0;2400000;Makassar;Sulawesi Selatan
6a118f6afad93264426639e9;TRX-A7TL20TJ;24/07/2025;Rian Hidayat;user269@example.com;Non-Member;Paket Ayam Bakar Madu;Kuliner;35000;2;Transfer Bank;70000;0;70000;Jakarta;DKI Jakarta
6a118f6afad93264426639ea;TRX-J18QKPMJ;20/08/2025;Dewi Lestari;user270@example.com;Non-Member;Kemeja Flanel Oversize;Fashion;250000;4;COD;1000000;0;1000000;Bandung;Jawa Barat
6a118f6afad93264426639eb;TRX-26P6UHEP;15/03/2026;Mega Pertiwi;user271@example.com;Non-Member;Paket Ayam Bakar Madu;Kuliner;35000;1;Kartu Kredit;35000;0;35000;Semarang;Jawa Tengah
6a118f6afad93264426639ec;TRX-5KN9B7RI;07/06/2025;Andi Wijaya;user272@example.com;Member;Paket Ayam Bakar Madu;Kuliner;35000;2;E-Wallet (OVO/Dana);70000;0;70000;Jakarta;DKI Jakarta
6a118f6afad93264426639ed;TRX-ZZ32YQJZ;03/05/2025;Siti Aminah;user273@example.com;Member;Paket Ayam Bakar Madu;Kuliner;35000;4;E-Wallet (OVO/Dana);140000;0;140000;Sukabumi;Jawa Barat
6a118f6afad93264426639ee;TRX-PXHA7EIV;12/04/2025;Novianti;user274@example.com;Member;Kopi Susu Gula Aren 1L;Kuliner;65000;1;COD;65000;0;65000;Surabaya;Jawa Timur
6a118f6afad93264426639ef;TRX-NQCG233F;25/06/2025;Mega Pertiwi;user275@example.com;Member;Kemeja Flanel Oversize;Fashion;250000;3;E-Wallet (OVO/Dana);750000;0;750000;Sukabumi;Jawa Barat
6a118f6afad93264426639f0;TRX-34I0BTDN;21/09/2025;Novianti;user276@example.com;Non-Member;Laptop ASUS ROG;Elektronik;20000000;4;Transfer Bank;80000000;0;80000000;Jakarta;DKI Jakarta
6a118f6afad93264426639f1;TRX-C54E7OKE;11/03/2026;Eko Prasetyo;user277@example.com;Non-Member;Paket Ayam Bakar Madu;Kuliner;35000;2;Transfer Bank;70000;0;70000;Medan;Sumatera Utara
6a118f6afad93264426639f2;TRX-OL05PF44;01/12/2025;Rian Hidayat;user278@example.com;Non-Member;Laptop ASUS ROG;Elektronik;20000000;3;E-Wallet (OVO/Dana);60000000;0;60000000;Bandung;Jawa Barat
6a118f6afad93264426639f3;TRX-IQM6WM9B;05/04/2026;Dewi Lestari;user279@example.com;Non-Member;Smartphone Samsung S24;Elektronik;13000000;4;E-Wallet (OVO/Dana);52000000;0;52000000;Makassar;Sulawesi Selatan
6a118f6afad93264426639f4;TRX-C9CLP9Q0;09/10/2025;Dewi Lestari;user280@example.com;Member;Smartphone Samsung S24;Elektronik;13000000;1;Kartu Kredit;13000000;0;13000000;Jakarta;DKI Jakarta
6a118f6afad93264426639f5;TRX-LX0UA6VI;18/05/2026;Dewi Lestari;user281@example.com;Non-Member;Kursi Gaming Premium;Furniture;2500000;3;COD;7500000;0;7500000;Semarang;Jawa Tengah
6a118f6afad93264426639f6;TRX-EIH3P9Y9;09/11/2025;Budi Santoso;user282@example.com;Non-Member;Kursi Gaming Premium;Furniture;2500000;3;Kartu Kredit;7500000;0;7500000;Medan;Sumatera Utara
6a118f6afad93264426639f7;TRX-C6OJB3V7;06/01/2025;Dewi Lestari;user283@example.com;Non-Member;Kopi Susu Gula Aren 1L;Kuliner;65000;1;COD;65000;0;65000;Surabaya;Jawa Timur
6a118f6afad93264426639f8;TRX-8IGP1EYB;09/03/2025;Novianti;user284@example.com;Non-Member;Meja Kerja Minimalis;Furniture;1200000;3;Transfer Bank;3600000;0;3600000;Bandung;Jawa Barat
6a118f6afad93264426639f9;TRX-7EO3QRJ5;22/04/2025;Dewi Lestari;user285@example.com;Member;Paket Ayam Bakar Madu;Kuliner;35000;3;Kartu Kredit;105000;0;105000;Makassar;Sulawesi Selatan
6a118f6afad93264426639fa;TRX-JMC5U3XM;14/04/2026;Dewi Lestari;user286@example.com;Member;Paket Ayam Bakar Madu;Kuliner;35000;3;E-Wallet (OVO/Dana);105000;0;105000;Makassar;Sulawesi Selatan
6a118f6afad93264426639fb;TRX-9VEZPKWH;23/06/2025;Budi Santoso;user287@example.com;Non-Member;Kemeja Flanel Oversize;Fashion;250000;2;COD;500000;0;500000;Makassar;Sulawesi Selatan
6a118f6afad93264426639fc;TRX-4FXVC6T5;26/04/2025;Dewi Lestari;user288@example.com;Non-Member;Kopi Susu Gula Aren 1L;Kuliner;65000;2;Kartu Kredit;130000;0;130000;Semarang;Jawa Tengah
6a118f6afad93264426639fd;TRX-1NCW92K0;18/10/2025;Dewi Lestari;user289@example.com;Member;Paket Ayam Bakar Madu;Kuliner;35000;2;COD;70000;0;70000;Semarang;Jawa Tengah
6a118f6afad93264426639fe;TRX-WBLJYX91;17/12/2025;Fahmi Idris;user290@example.com;Non-Member;Meja Kerja Minimalis;Furniture;1200000;1;Kartu Kredit;1200000;0;1200000;Bandung;Jawa Barat
6a118f6afad93264426639ff;TRX-3TOZFCGS;09/07/2025;Rian Hidayat;user291@example.com;Member;Paket Ayam Bakar Madu;Kuliner;35000;3;E-Wallet (OVO/Dana);105000;0;105000;Makassar;Sulawesi Selatan
6a118f6afad9326442663a00;TRX-DV6RKFG8;24/12/2025;Budi Santoso;user292@example.com;Non-Member;Paket Ayam Bakar Madu;Kuliner;35000;1;E-Wallet (OVO/Dana);35000;0;35000;Makassar;Sulawesi Selatan
6a118f6afad9326442663a01;TRX-BV0H4R3E;02/03/2026;Andi Wijaya;user293@example.com;Member;Kopi Susu Gula Aren 1L;Kuliner;65000;1;Kartu Kredit;65000;0;65000;Sukabumi;Jawa Barat
6a118f6afad9326442663a02;TRX-6KT6PER4;06/05/2026;Novianti;user294@example.com;Member;Paket Ayam Bakar Madu;Kuliner;35000;3;Transfer Bank;105000;0;105000;Semarang;Jawa Tengah
6a118f6afad9326442663a03;TRX-T258DP68;01/10/2025;Novianti;user295@example.com;Member;Laptop ASUS ROG;Elektronik;20000000;3;Transfer Bank;60000000;0;60000000;Semarang;Jawa Tengah
6a118f6afad9326442663a04;TRX-NH04UO22;19/06/2025;Eko Prasetyo;user296@example.com;Non-Member;Meja Kerja Minimalis;Furniture;1200000;4;Kartu Kredit;4800000;0;4800000;Medan;Sumatera Utara
6a118f6afad9326442663a05;TRX-VOO4SOXV;03/10/2025;Eko Prasetyo;user297@example.com;Non-Member;Kopi Susu Gula Aren 1L;Kuliner;65000;1;E-Wallet (OVO/Dana);65000;0;65000;Surabaya;Jawa Timur
6a118f6afad9326442663a06;TRX-OXQ9KA5G;21/10/2025;Andi Wijaya;user298@example.com;Member;Laptop ASUS ROG;Elektronik;20000000;3;E-Wallet (OVO/Dana);60000000;0;60000000;Jakarta;DKI Jakarta
6a118f6afad9326442663a07;TRX-W8322IZ4;22/08/2025;Siti Aminah;user299@example.com;Member;Kemeja Flanel Oversize;Fashion;250000;3;Kartu Kredit;750000;0;750000;Medan;Sumatera Utara
6a118f6afad9326442663a08;TRX-XIZ9S08C;20/10/2025;Eko Prasetyo;user300@example.com;Member;Meja Kerja Minimalis;Furniture;1200000;2;E-Wallet (OVO/Dana);2400000;0;2400000;Medan;Sumatera Utara
6a118f6afad9326442663a09;TRX-WCX3L9WA;10/06/2025;Eko Prasetyo;user301@example.com;Member;Meja Kerja Minimalis;Furniture;1200000;4;Kartu Kredit;4800000;0;4800000;Bandung;Jawa Barat
6a118f6afad9326442663a0a;TRX-EG9IKULL;19/04/2026;Novianti;user302@example.com;Member;Smartphone Samsung S24;Elektronik;13000000;4;COD;52000000;0;52000000;Bandung;Jawa Barat
6a118f6afad9326442663a0b;TRX-8EZH58PD;25/07/2025;Budi Santoso;user303@example.com;Member;Smartphone Samsung S24;Elektronik;13000000;3;COD;39000000;0;39000000;Bandung;Jawa Barat
6a118f6afad9326442663a0c;TRX-EC37G759;02/02/2025;Eko Prasetyo;user304@example.com;Non-Member;Sepatu Sneaker Lokal;Fashion;450000;4;Kartu Kredit;1800000;0;1800000;Jakarta;DKI Jakarta
6a118f6afad9326442663a0d;TRX-2EB9BRWO;09/07/2025;Andi Wijaya;user305@example.com;Member;Kursi Gaming Premium;Furniture;2500000;3;COD;7500000;0;7500000;Surabaya;Jawa Timur
6a118f6afad9326442663a0e;TRX-LMADXVGR;27/01/2026;Mega Pertiwi;user306@example.com;Member;Paket Ayam Bakar Madu;Kuliner;35000;1;Transfer Bank;35000;0;35000;Medan;Sumatera Utara
6a118f6afad9326442663a0f;TRX-T2HLMZOU;10/05/2025;Fahmi Idris;user307@example.com;Member;Meja Kerja Minimalis;Furniture;1200000;1;Kartu Kredit;1200000;0;1200000;Jakarta;DKI Jakarta
6a118f6afad9326442663a10;TRX-O0OI7IZK;25/01/2026;Budi Santoso;user308@example.com;Non-Member;Meja Kerja Minimalis;Furniture;1200000;1;Transfer Bank;1200000;0;1200000;Semarang;Jawa Tengah
6a118f6afad9326442663a11;TRX-EAGAA3L8;11/03/2026;Mega Pertiwi;user309@example.com;Member;Kopi Susu Gula Aren 1L;Kuliner;65000;1;E-Wallet (OVO/Dana);65000;0;65000;Sukabumi;Jawa Barat
6a118f6afad9326442663a12;TRX-954OPEWL;16/10/2025;Rian Hidayat;user310@example.com;Member;Sepatu Sneaker Lokal;Fashion;450000;1;E-Wallet (OVO/Dana);450000;0;450000;Surabaya;Jawa Timur
6a118f6afad9326442663a13;TRX-N5SCM34R;14/01/2026;Mega Pertiwi;user311@example.com;Non-Member;Meja Kerja Minimalis;Furniture;1200000;4;COD;4800000;0;4800000;Jakarta;DKI Jakarta
6a118f6afad9326442663a14;TRX-HPTSR2SI;15/12/2025;Novianti;user312@example.com;Non-Member;Paket Ayam Bakar Madu;Kuliner;35000;2;Transfer Bank;70000;0;70000;Surabaya;Jawa Timur
6a118f6afad9326442663a15;TRX-RXN0MDVN;30/09/2025;Dewi Lestari;user313@example.com;Non-Member;Sepatu Sneaker Lokal;Fashion;450000;2;Kartu Kredit;900000;0;900000;Semarang;Jawa Tengah
6a118f6afad9326442663a16;TRX-OH05O4DH;12/09/2025;Andi Wijaya;user314@example.com;Member;Laptop ASUS ROG;Elektronik;20000000;1;Kartu Kredit;20000000;0;20000000;Surabaya;Jawa Timur
6a118f6afad9326442663a17;TRX-ENLLA6VN;17/04/2026;Rian Hidayat;user315@example.com;Non-Member;Kursi Gaming Premium;Furniture;2500000;1;COD;2500000;0;2500000;Bandung;Jawa Barat
6a118f6afad9326442663a18;TRX-6FIJ6DJG;22/03/2025;Dewi Lestari;user316@example.com;Member;Kemeja Flanel Oversize;Fashion;250000;2;E-Wallet (OVO/Dana);500000;0;500000;Makassar;Sulawesi Selatan
6a118f6afad9326442663a19;TRX-2YIJL3JN;11/01/2025;Fahmi Idris;user317@example.com;Non-Member;Kemeja Flanel Oversize;Fashion;250000;3;Kartu Kredit;750000;0;750000;Makassar;Sulawesi Selatan
6a118f6afad9326442663a1a;TRX-Y8UQX2T5;12/07/2025;Budi Santoso;user318@example.com;Member;Paket Ayam Bakar Madu;Kuliner;35000;4;COD;140000;0;140000;Makassar;Sulawesi Selatan
6a118f6afad9326442663a1b;TRX-5MMRQM32;08/05/2026;Fahmi Idris;user319@example.com;Member;Meja Kerja Minimalis;Furniture;1200000;2;Kartu Kredit;2400000;0;2400000;Semarang;Jawa Tengah
6a118f6afad9326442663a1c;TRX-F0L3EZTH;12/02/2026;Rian Hidayat;user320@example.com;Non-Member;Meja Kerja Minimalis;Furniture;1200000;4;COD;4800000;0;4800000;Medan;Sumatera Utara
6a118f6afad9326442663a1d;TRX-MUSBZOPE;27/05/2026;Mega Pertiwi;user321@example.com;Non-Member;Kopi Susu Gula Aren 1L;Kuliner;65000;1;Kartu Kredit;65000;0;65000;Surabaya;Jawa Timur
6a118f6afad9326442663a1e;TRX-ON9GTA2F;13/04/2026;Novianti;user322@example.com;Non-Member;Laptop ASUS ROG;Elektronik;20000000;2;Kartu Kredit;40000000;0;40000000;Semarang;Jawa Tengah
6a118f6afad9326442663a1f;TRX-KYOP6HXV;22/06/2025;Rian Hidayat;user323@example.com;Non-Member;Laptop ASUS ROG;Elektronik;20000000;4;Transfer Bank;80000000;0;80000000;Medan;Sumatera Utara
6a118f6afad9326442663a20;TRX-X6DXJSRA;06/04/2026;Budi Santoso;user324@example.com;Member;Kursi Gaming Premium;Furniture;2500000;1;Kartu Kredit;2500000;0;2500000;Sukabumi;Jawa Barat
6a118f6afad9326442663a21;TRX-LG3PUO2W;13/05/2026;Rian Hidayat;user325@example.com;Member;Smartphone Samsung S24;Elektronik;13000000;4;Kartu Kredit;52000000;0;52000000;Bandung;Jawa Barat
6a118f6afad9326442663a22;TRX-6YEXN7DG;09/06/2025;Mega Pertiwi;user326@example.com;Non-Member;Paket Ayam Bakar Madu;Kuliner;35000;3;Kartu Kredit;105000;0;105000;Semarang;Jawa Tengah
6a118f6afad9326442663a23;TRX-8LZ8A77B;08/03/2026;Dewi Lestari;user327@example.com;Member;Kemeja Flanel Oversize;Fashion;250000;4;COD;1000000;0;1000000;Jakarta;DKI Jakarta
6a118f6afad9326442663a24;TRX-1FA200B5;31/01/2026;Eko Prasetyo;user328@example.com;Member;Kemeja Flanel Oversize;Fashion;250000;3;Transfer Bank;750000;0;750000;Jakarta;DKI Jakarta
6a118f6afad9326442663a25;TRX-U47GPA4V;12/10/2025;Mega Pertiwi;user329@example.com;Non-Member;Smartphone Samsung S24;Elektronik;13000000;1;E-Wallet (OVO/Dana);13000000;0;13000000;Medan;Sumatera Utara
6a118f6afad9326442663a26;TRX-51KRRYKQ;05/05/2026;Budi Santoso;user330@example.com;Non-Member;Kopi Susu Gula Aren 1L;Kuliner;65000;4;Kartu Kredit;260000;0;260000;Bandung;Jawa Barat
6a118f6afad9326442663a27;TRX-H46PALWI;14/01/2026;Mega Pertiwi;user331@example.com;Non-Member;Laptop ASUS ROG;Elektronik;20000000;1;Transfer Bank;20000000;0;20000000;Makassar;Sulawesi Selatan
6a118f6afad9326442663a28;TRX-OGWGC69T;04/12/2025;Eko Prasetyo;user332@example.com;Member;Laptop ASUS ROG;Elektronik;20000000;1;E-Wallet (OVO/Dana);20000000;0;20000000;Jakarta;DKI Jakarta
6a118f6afad9326442663a29;TRX-9PRQMABL;13/03/2026;Budi Santoso;user333@example.com;Member;Paket Ayam Bakar Madu;Kuliner;35000;3;Transfer Bank;105000;0;105000;Medan;Sumatera Utara
6a118f6afad9326442663a2a;TRX-T9BRW6Q1;05/12/2025;Budi Santoso;user334@example.com;Member;Kopi Susu Gula Aren 1L;Kuliner;65000;4;Transfer Bank;260000;0;260000;Semarang;Jawa Tengah
6a118f6afad9326442663a2b;TRX-8I4PIXAX;21/10/2025;Andi Wijaya;user335@example.com;Member;Smartphone Samsung S24;Elektronik;13000000;3;COD;39000000;0;39000000;Makassar;Sulawesi Selatan
6a118f6afad9326442663a2c;TRX-2BLHCP2Z;07/07/2025;Rian Hidayat;user336@example.com;Non-Member;Paket Ayam Bakar Madu;Kuliner;35000;2;E-Wallet (OVO/Dana);70000;0;70000;Bandung;Jawa Barat
6a118f6afad9326442663a2d;TRX-NZ4X10YK;19/04/2026;Andi Wijaya;user337@example.com;Member;Sepatu Sneaker Lokal;Fashion;450000;4;COD;1800000;0;1800000;Medan;Sumatera Utara
6a118f6afad9326442663a2e;TRX-KJBJK90M;27/01/2026;Jono Adriansyah;user338@example.com;Non-Member;Kemeja Flanel Oversize;Fashion;250000;4;Transfer Bank;1000000;0;1000000;Medan;Sumatera Utara
6a118f6afad9326442663a2f;TRX-UKBSEFLI;16/02/2026;Dewi Lestari;user339@example.com;Non-Member;Kopi Susu Gula Aren 1L;Kuliner;65000;3;Kartu Kredit;195000;0;195000;Bandung;Jawa Barat
6a118f6afad9326442663a30;TRX-FUZ8EXWW;20/02/2026;Andi Wijaya;user340@example.com;Non-Member;Kursi Gaming Premium;Furniture;2500000;4;Transfer Bank;10000000;0;10000000;Sukabumi;Jawa Barat
6a118f6afad9326442663a31;TRX-A97HKB21;22/12/2025;Andi Wijaya;user341@example.com;Non-Member;Kursi Gaming Premium;Furniture;2500000;2;E-Wallet (OVO/Dana);5000000;0;5000000;Bandung;Jawa Barat
6a118f6afad9326442663a32;TRX-LAC863RZ;28/02/2026;Siti Aminah;user342@example.com;Member;Laptop ASUS ROG;Elektronik;20000000;3;COD;60000000;0;60000000;Sukabumi;Jawa Barat
6a118f6afad9326442663a33;TRX-CF1ZXSR1;25/12/2025;Budi Santoso;user343@example.com;Member;Kemeja Flanel Oversize;Fashion;250000;4;COD;1000000;0;1000000;Bandung;Jawa Barat
6a118f6afad9326442663a34;TRX-8FZCR2KV;25/10/2025;Mega Pertiwi;user344@example.com;Non-Member;Smartphone Samsung S24;Elektronik;13000000;2;Transfer Bank;26000000;0;26000000;Makassar;Sulawesi Selatan
6a118f6afad9326442663a35;TRX-F1T2IZVK;14/01/2026;Fahmi Idris;user345@example.com;Member;Kursi Gaming Premium;Furniture;2500000;1;COD;2500000;0;2500000;Semarang;Jawa Tengah
6a118f6afad9326442663a36;TRX-U5BX1TVU;02/03/2025;Siti Aminah;user346@example.com;Member;Sepatu Sneaker Lokal;Fashion;450000;2;COD;900000;0;900000;Sukabumi;Jawa Barat
6a118f6afad9326442663a37;TRX-4HD362OQ;23/04/2026;Fahmi Idris;user347@example.com;Member;Meja Kerja Minimalis;Furniture;1200000;3;Transfer Bank;3600000;0;3600000;Semarang;Jawa Tengah
6a118f6afad9326442663a38;TRX-GNDQ2U66;17/04/2025;Fahmi Idris;user348@example.com;Non-Member;Meja Kerja Minimalis;Furniture;1200000;1;Transfer Bank;1200000;0;1200000;Medan;Sumatera Utara
6a118f6afad9326442663a39;TRX-DENI9JNK;26/03/2026;Mega Pertiwi;user349@example.com;Non-Member;Paket Ayam Bakar Madu;Kuliner;35000;4;Transfer Bank;140000;0;140000;Bandung;Jawa Barat
6a118f6afad9326442663a3a;TRX-6MEE9N52;10/07/2025;Eko Prasetyo;user350@example.com;Non-Member;Smartphone Samsung S24;Elektronik;13000000;1;E-Wallet (OVO/Dana);13000000;0;13000000;Semarang;Jawa Tengah
6a118f6afad9326442663a3b;TRX-ILCA9DFR;22/02/2025;Siti Aminah;user351@example.com;Non-Member;Kopi Susu Gula Aren 1L;Kuliner;65000;1;E-Wallet (OVO/Dana);65000;0;65000;Makassar;Sulawesi Selatan
6a118f6afad9326442663a3c;TRX-7Q5MM31X;14/08/2025;Mega Pertiwi;user352@example.com;Non-Member;Kopi Susu Gula Aren 1L;Kuliner;65000;1;Transfer Bank;65000;0;65000;Surabaya;Jawa Timur
6a118f6afad9326442663a3d;TRX-NK05BDSW;16/12/2025;Jono Adriansyah;user353@example.com;Non-Member;Smartphone Samsung S24;Elektronik;13000000;1;Kartu Kredit;13000000;0;13000000;Surabaya;Jawa Timur
6a118f6afad9326442663a3e;TRX-IGOVU45D;01/09/2025;Eko Prasetyo;user354@example.com;Member;Laptop ASUS ROG;Elektronik;20000000;2;Kartu Kredit;40000000;0;40000000;Makassar;Sulawesi Selatan
6a118f6afad9326442663a3f;TRX-TSM3K8H9;22/06/2025;Jono Adriansyah;user355@example.com;Member;Kemeja Flanel Oversize;Fashion;250000;4;COD;1000000;0;1000000;Medan;Sumatera Utara
6a118f6afad9326442663a40;TRX-J7ORL82V;14/04/2026;Fahmi Idris;user356@example.com;Member;Laptop ASUS ROG;Elektronik;20000000;1;Kartu Kredit;20000000;0;20000000;Medan;Sumatera Utara
6a118f6afad9326442663a41;TRX-QYOYWYUK;08/10/2025;Rian Hidayat;user357@example.com;Non-Member;Kemeja Flanel Oversize;Fashion;250000;4;Transfer Bank;1000000;0;1000000;Medan;Sumatera Utara
6a118f6afad9326442663a42;TRX-F9VAICAZ;10/05/2026;Rian Hidayat;user358@example.com;Non-Member;Sepatu Sneaker Lokal;Fashion;450000;1;COD;450000;0;450000;Makassar;Sulawesi Selatan
6a118f6afad9326442663a43;TRX-KL4PNJTO;04/01/2026;Andi Wijaya;user359@example.com;Member;Laptop ASUS ROG;Elektronik;20000000;4;Transfer Bank;80000000;0;80000000;Jakarta;DKI Jakarta
6a118f6afad9326442663a44;TRX-HPBUSREJ;10/11/2025;Rian Hidayat;user360@example.com;Non-Member;Laptop ASUS ROG;Elektronik;20000000;1;Kartu Kredit;20000000;0;20000000;Semarang;Jawa Tengah
6a118f6afad9326442663a45;TRX-JI5JG6YS;07/09/2025;Dewi Lestari;user361@example.com;Member;Meja Kerja Minimalis;Furniture;1200000;4;Transfer Bank;4800000;0;4800000;Semarang;Jawa Tengah
6a118f6afad9326442663a46;TRX-9Q4IGRZQ;20/08/2025;Fahmi Idris;user362@example.com;Member;Kopi Susu Gula Aren 1L;Kuliner;65000;1;COD;65000;0;65000;Semarang;Jawa Tengah
6a118f6afad9326442663a47;TRX-OS6Y42RJ;07/01/2026;Eko Prasetyo;user363@example.com;Member;Smartphone Samsung S24;Elektronik;13000000;4;Kartu Kredit;52000000;0;52000000;Jakarta;DKI Jakarta
6a118f6afad9326442663a48;TRX-9PVR80VX;22/05/2025;Dewi Lestari;user364@example.com;Non-Member;Sepatu Sneaker Lokal;Fashion;450000;1;COD;450000;0;450000;Bandung;Jawa Barat
6a118f6afad9326442663a49;TRX-DI9WIB6E;08/04/2026;Andi Wijaya;user365@example.com;Member;Paket Ayam Bakar Madu;Kuliner;35000;1;Transfer Bank;35000;0;35000;Medan;Sumatera Utara
6a118f6afad9326442663a4a;TRX-LVCN9PAJ;07/02/2026;Rian Hidayat;user366@example.com;Member;Kopi Susu Gula Aren 1L;Kuliner;65000;2;COD;130000;0;130000;Semarang;Jawa Tengah
6a118f6afad9326442663a4b;TRX-IMNVLKD0;21/02/2025;Dewi Lestari;user367@example.com;Member;Smartphone Samsung S24;Elektronik;13000000;3;E-Wallet (OVO/Dana);39000000;0;39000000;Makassar;Sulawesi Selatan
6a118f6afad9326442663a4c;TRX-T3D505CJ;24/02/2025;Rian Hidayat;user368@example.com;Member;Laptop ASUS ROG;Elektronik;20000000;1;Transfer Bank;20000000;0;20000000;Makassar;Sulawesi Selatan
6a118f6afad9326442663a4d;TRX-UQNOVXGA;02/03/2026;Rian Hidayat;user369@example.com;Member;Paket Ayam Bakar Madu;Kuliner;35000;2;COD;70000;0;70000;Jakarta;DKI Jakarta
6a118f6afad9326442663a4e;TRX-W2FDRI3B;18/10/2025;Fahmi Idris;user370@example.com;Member;Sepatu Sneaker Lokal;Fashion;450000;4;E-Wallet (OVO/Dana);1800000;0;1800000;Makassar;Sulawesi Selatan
6a118f6afad9326442663a4f;TRX-I6H4R4TU;10/07/2025;Jono Adriansyah;user371@example.com;Non-Member;Laptop ASUS ROG;Elektronik;20000000;4;Transfer Bank;80000000;0;80000000;Surabaya;Jawa Timur
6a118f6afad9326442663a50;TRX-Q17STN4R;12/08/2025;Dewi Lestari;user372@example.com;Non-Member;Kopi Susu Gula Aren 1L;Kuliner;65000;1;E-Wallet (OVO/Dana);65000;0;65000;Sukabumi;Jawa Barat
6a118f6afad9326442663a51;TRX-AE6RRV2E;04/06/2025;Siti Aminah;user373@example.com;Member;Sepatu Sneaker Lokal;Fashion;450000;3;COD;1350000;0;1350000;Medan;Sumatera Utara
6a118f6afad9326442663a52;TRX-IIK1UYGN;27/11/2025;Eko Prasetyo;user374@example.com;Member;Smartphone Samsung S24;Elektronik;13000000;1;Transfer Bank;13000000;0;13000000;Sukabumi;Jawa Barat
6a118f6afad9326442663a53;TRX-A0EAK4W9;09/10/2025;Fahmi Idris;user375@example.com;Member;Laptop ASUS ROG;Elektronik;20000000;2;E-Wallet (OVO/Dana);40000000;0;40000000;Bandung;Jawa Barat
6a118f6afad9326442663a54;TRX-7YZN1JMY;01/08/2025;Mega Pertiwi;user376@example.com;Member;Paket Ayam Bakar Madu;Kuliner;35000;1;COD;35000;0;35000;Medan;Sumatera Utara
6a118f6afad9326442663a55;TRX-6W2KGU7K;01/06/2025;Rian Hidayat;user377@example.com;Non-Member;Smartphone Samsung S24;Elektronik;13000000;3;Kartu Kredit;39000000;0;39000000;Medan;Sumatera Utara
6a118f6afad9326442663a56;TRX-I7HG0OO5;06/10/2025;Jono Adriansyah;user378@example.com;Member;Kursi Gaming Premium;Furniture;2500000;2;E-Wallet (OVO/Dana);5000000;0;5000000;Sukabumi;Jawa Barat
6a118f6afad9326442663a57;TRX-DONUY5Z2;30/04/2025;Mega Pertiwi;user379@example.com;Member;Meja Kerja Minimalis;Furniture;1200000;1;COD;1200000;0;1200000;Semarang;Jawa Tengah
6a118f6afad9326442663a58;TRX-EUBJ2UR3;18/05/2026;Dewi Lestari;user380@example.com;Member;Kemeja Flanel Oversize;Fashion;250000;4;COD;1000000;0;1000000;Jakarta;DKI Jakarta
6a118f6afad9326442663a59;TRX-XAJEUCY6;31/05/2025;Siti Aminah;user381@example.com;Member;Paket Ayam Bakar Madu;Kuliner;35000;4;E-Wallet (OVO/Dana);140000;0;140000;Sukabumi;Jawa Barat
6a118f6afad9326442663a5a;TRX-MB1V5KBP;12/05/2025;Novianti;user382@example.com;Non-Member;Meja Kerja Minimalis;Furniture;1200000;3;E-Wallet (OVO/Dana);3600000;0;3600000;Semarang;Jawa Tengah
6a118f6afad9326442663a5b;TRX-TMQ34NCO;19/03/2025;Fahmi Idris;user383@example.com;Non-Member;Paket Ayam Bakar Madu;Kuliner;35000;1;COD;35000;0;35000;Jakarta;DKI Jakarta
6a118f6afad9326442663a5c;TRX-UUAMLOSK;13/05/2026;Eko Prasetyo;user384@example.com;Non-Member;Laptop ASUS ROG;Elektronik;20000000;3;COD;60000000;0;60000000;Medan;Sumatera Utara
6a118f6afad9326442663a5d;TRX-J9GYGGNA;21/09/2025;Fahmi Idris;user385@example.com;Non-Member;Kursi Gaming Premium;Furniture;2500000;3;E-Wallet (OVO/Dana);7500000;0;7500000;Makassar;Sulawesi Selatan
6a118f6afad9326442663a5e;TRX-IFTXSF9G;16/02/2025;Mega Pertiwi;user386@example.com;Non-Member;Laptop ASUS ROG;Elektronik;20000000;4;COD;80000000;0;80000000;Semarang;Jawa Tengah
6a118f6afad9326442663a5f;TRX-Y4OOJ8UH;24/07/2025;Andi Wijaya;user387@example.com;Non-Member;Smartphone Samsung S24;Elektronik;13000000;4;COD;52000000;0;52000000;Makassar;Sulawesi Selatan
6a118f6afad9326442663a60;TRX-1AG97JQ1;05/04/2026;Siti Aminah;user388@example.com;Member;Smartphone Samsung S24;Elektronik;13000000;2;E-Wallet (OVO/Dana);26000000;0;26000000;Surabaya;Jawa Timur
6a118f6afad9326442663a61;TRX-E7SUZSJT;22/10/2025;Fahmi Idris;user389@example.com;Member;Kursi Gaming Premium;Furniture;2500000;2;E-Wallet (OVO/Dana);5000000;0;5000000;Surabaya;Jawa Timur
6a118f6afad9326442663a62;TRX-UHPT09IU;11/07/2025;Jono Adriansyah;user390@example.com;Member;Kursi Gaming Premium;Furniture;2500000;2;E-Wallet (OVO/Dana);5000000;0;5000000;Semarang;Jawa Tengah
6a118f6afad9326442663a63;TRX-RTLUHZ25;08/07/2025;Mega Pertiwi;user391@example.com;Member;Sepatu Sneaker Lokal;Fashion;450000;3;Transfer Bank;1350000;0;1350000;Jakarta;DKI Jakarta
6a118f6afad9326442663a64;TRX-3INWWSQ7;02/05/2026;Budi Santoso;user392@example.com;Non-Member;Meja Kerja Minimalis;Furniture;1200000;1;E-Wallet (OVO/Dana);1200000;0;1200000;Makassar;Sulawesi Selatan
6a118f6afad9326442663a65;TRX-E1IO9H53;22/01/2026;Andi Wijaya;user393@example.com;Member;Paket Ayam Bakar Madu;Kuliner;35000;4;E-Wallet (OVO/Dana);140000;0;140000;Semarang;Jawa Tengah
6a118f6afad9326442663a66;TRX-29JMA2S3;18/11/2025;Andi Wijaya;user394@example.com;Non-Member;Kopi Susu Gula Aren 1L;Kuliner;65000;2;COD;130000;0;130000;Sukabumi;Jawa Barat
6a118f6afad9326442663a67;TRX-F5P2P9YZ;11/03/2025;Novianti;user395@example.com;Member;Meja Kerja Minimalis;Furniture;1200000;4;Transfer Bank;4800000;0;4800000;Semarang;Jawa Tengah
6a118f6afad9326442663a68;TRX-AKJLZZGG;23/03/2025;Siti Aminah;user396@example.com;Member;Kopi Susu Gula Aren 1L;Kuliner;65000;4;Kartu Kredit;260000;0;260000;Surabaya;Jawa Timur
6a118f6afad9326442663a69;TRX-ANLW7Z87;23/05/2026;Dewi Lestari;user397@example.com;Non-Member;Kursi Gaming Premium;Furniture;2500000;1;COD;2500000;0;2500000;Bandung;Jawa Barat
6a118f6afad9326442663a6a;TRX-4KUFPTJJ;16/06/2025;Siti Aminah;user398@example.com;Member;Kopi Susu Gula Aren 1L;Kuliner;65000;2;E-Wallet (OVO/Dana);130000;0;130000;Medan;Sumatera Utara
6a118f6afad9326442663a6b;TRX-DG9IAZR1;06/05/2025;Andi Wijaya;user399@example.com;Member;Meja Kerja Minimalis;Furniture;1200000;4;COD;4800000;0;4800000;Makassar;Sulawesi Selatan
6a118f6afad9326442663a6c;TRX-1GKTPK1M;12/01/2026;Dewi Lestari;user400@example.com;Non-Member;Laptop ASUS ROG;Elektronik;20000000;4;COD;80000000;0;80000000;Medan;Sumatera Utara
6a118f6afad9326442663a6d;TRX-RIO98KLJ;26/03/2026;Budi Santoso;user401@example.com;Member;Meja Kerja Minimalis;Furniture;1200000;2;COD;2400000;0;2400000;Jakarta;DKI Jakarta
6a118f6afad9326442663a6e;TRX-6ZP3G4BV;12/11/2025;Mega Pertiwi;user402@example.com;Non-Member;Kemeja Flanel Oversize;Fashion;250000;4;COD;1000000;0;1000000;Bandung;Jawa Barat
6a118f6afad9326442663a6f;TRX-M5SNVK4D;07/04/2025;Jono Adriansyah;user403@example.com;Member;Smartphone Samsung S24;Elektronik;13000000;4;Transfer Bank;52000000;0;52000000;Bandung;Jawa Barat
6a118f6afad9326442663a70;TRX-SKP0QHDL;20/02/2025;Jono Adriansyah;user404@example.com;Non-Member;Kemeja Flanel Oversize;Fashion;250000;3;Transfer Bank;750000;0;750000;Medan;Sumatera Utara
6a118f6afad9326442663a71;TRX-J56XZQHE;19/11/2025;Novianti;user405@example.com;Member;Meja Kerja Minimalis;Furniture;1200000;3;E-Wallet (OVO/Dana);3600000;0;3600000;Surabaya;Jawa Timur
6a118f6afad9326442663a72;TRX-J8HEYMX0;23/12/2025;Andi Wijaya;user406@example.com;Member;Paket Ayam Bakar Madu;Kuliner;35000;3;COD;105000;0;105000;Medan;Sumatera Utara
6a118f6afad9326442663a73;TRX-KHVRCFGD;22/03/2026;Dewi Lestari;user407@example.com;Member;Sepatu Sneaker Lokal;Fashion;450000;3;COD;1350000;0;1350000;Medan;Sumatera Utara
6a118f6afad9326442663a74;TRX-6ICXQNV0;01/05/2026;Rian Hidayat;user408@example.com;Non-Member;Smartphone Samsung S24;Elektronik;13000000;4;Kartu Kredit;52000000;0;52000000;Semarang;Jawa Tengah
6a118f6afad9326442663a75;TRX-I2ERHS2L;01/08/2025;Fahmi Idris;user409@example.com;Non-Member;Sepatu Sneaker Lokal;Fashion;450000;4;E-Wallet (OVO/Dana);1800000;0;1800000;Jakarta;DKI Jakarta
6a118f6afad9326442663a76;TRX-QHP1TPUA;03/03/2026;Jono Adriansyah;user410@example.com;Member;Paket Ayam Bakar Madu;Kuliner;35000;2;COD;70000;0;70000;Bandung;Jawa Barat
6a118f6afad9326442663a77;TRX-KKD9JUUL;02/03/2025;Mega Pertiwi;user411@example.com;Non-Member;Meja Kerja Minimalis;Furniture;1200000;1;E-Wallet (OVO/Dana);1200000;0;1200000;Semarang;Jawa Tengah
6a118f6afad9326442663a78;TRX-7BHJ7D2I;03/05/2025;Siti Aminah;user412@example.com;Non-Member;Meja Kerja Minimalis;Furniture;1200000;2;Transfer Bank;2400000;0;2400000;Bandung;Jawa Barat
6a118f6afad9326442663a79;TRX-7SJC6JK7;23/06/2025;Mega Pertiwi;user413@example.com;Non-Member;Sepatu Sneaker Lokal;Fashion;450000;1;E-Wallet (OVO/Dana);450000;0;450000;Bandung;Jawa Barat
6a118f6afad9326442663a7a;TRX-JR2GTUMF;22/06/2025;Novianti;user414@example.com;Non-Member;Paket Ayam Bakar Madu;Kuliner;35000;2;E-Wallet (OVO/Dana);70000;0;70000;Semarang;Jawa Tengah
6a118f6afad9326442663a7b;TRX-LSVZJUQG;13/08/2025;Dewi Lestari;user415@example.com;Non-Member;Kursi Gaming Premium;Furniture;2500000;1;Kartu Kredit;2500000;0;2500000;Surabaya;Jawa Timur
6a118f6afad9326442663a7c;TRX-9G3JZVKK;24/12/2025;Jono Adriansyah;user416@example.com;Member;Kopi Susu Gula Aren 1L;Kuliner;65000;2;Kartu Kredit;130000;0;130000;Semarang;Jawa Tengah
6a118f6afad9326442663a7d;TRX-L3P8NXNK;21/09/2025;Siti Aminah;user417@example.com;Non-Member;Kemeja Flanel Oversize;Fashion;250000;3;COD;750000;0;750000;Makassar;Sulawesi Selatan
6a118f6afad9326442663a7e;TRX-QCC0FIRQ;03/03/2026;Eko Prasetyo;user418@example.com;Non-Member;Kopi Susu Gula Aren 1L;Kuliner;65000;4;COD;260000;0;260000;Surabaya;Jawa Timur
6a118f6afad9326442663a7f;TRX-JE5PA9DB;07/02/2025;Eko Prasetyo;user419@example.com;Non-Member;Smartphone Samsung S24;Elektronik;13000000;3;E-Wallet (OVO/Dana);39000000;0;39000000;Jakarta;DKI Jakarta
6a118f6afad9326442663a80;TRX-BSVQ3DO9;16/11/2025;Rian Hidayat;user420@example.com;Member;Sepatu Sneaker Lokal;Fashion;450000;1;Transfer Bank;450000;0;450000;Bandung;Jawa Barat
6a118f6afad9326442663a81;TRX-2P9JZNFB;06/02/2026;Andi Wijaya;user421@example.com;Member;Meja Kerja Minimalis;Furniture;1200000;3;Transfer Bank;3600000;0;3600000;Surabaya;Jawa Timur
6a118f6afad9326442663a82;TRX-1DW59491;17/01/2025;Eko Prasetyo;user422@example.com;Non-Member;Sepatu Sneaker Lokal;Fashion;450000;2;E-Wallet (OVO/Dana);900000;0;900000;Bandung;Jawa Barat
6a118f6afad9326442663a83;TRX-PEQU58ZR;17/03/2025;Rian Hidayat;user423@example.com;Non-Member;Paket Ayam Bakar Madu;Kuliner;35000;2;E-Wallet (OVO/Dana);70000;0;70000;Jakarta;DKI Jakarta
6a118f6afad9326442663a84;TRX-R6RTIUKI;09/03/2026;Jono Adriansyah;user424@example.com;Member;Sepatu Sneaker Lokal;Fashion;450000;1;Kartu Kredit;450000;0;450000;Semarang;Jawa Tengah
6a118f6afad9326442663a85;TRX-1F4NU2QF;11/02/2025;Fahmi Idris;user425@example.com;Member;Kursi Gaming Premium;Furniture;2500000;1;Kartu Kredit;2500000;0;2500000;Sukabumi;Jawa Barat
6a118f6afad9326442663a86;TRX-L62FSSHQ;30/09/2025;Budi Santoso;user426@example.com;Member;Sepatu Sneaker Lokal;Fashion;450000;1;Transfer Bank;450000;0;450000;Jakarta;DKI Jakarta
6a118f6afad9326442663a87;TRX-W1XI2LJ9;15/05/2026;Novianti;user427@example.com;Non-Member;Smartphone Samsung S24;Elektronik;13000000;3;COD;39000000;0;39000000;Makassar;Sulawesi Selatan
6a118f6afad9326442663a88;TRX-M5D9UYES;08/04/2025;Jono Adriansyah;user428@example.com;Non-Member;Meja Kerja Minimalis;Furniture;1200000;1;E-Wallet (OVO/Dana);1200000;0;1200000;Jakarta;DKI Jakarta
6a118f6afad9326442663a89;TRX-JS2NP25Z;12/05/2026;Budi Santoso;user429@example.com;Non-Member;Sepatu Sneaker Lokal;Fashion;450000;3;E-Wallet (OVO/Dana);1350000;0;1350000;Sukabumi;Jawa Barat
6a118f6afad9326442663a8a;TRX-7UUZBBU6;31/12/2024;Eko Prasetyo;user430@example.com;Member;Kopi Susu Gula Aren 1L;Kuliner;65000;3;Kartu Kredit;195000;0;195000;Surabaya;Jawa Timur
6a118f6afad9326442663a8b;TRX-CDO3ZEUC;01/12/2025;Andi Wijaya;user431@example.com;Member;Smartphone Samsung S24;Elektronik;13000000;4;COD;52000000;0;52000000;Bandung;Jawa Barat
6a118f6afad9326442663a8c;TRX-DI4AH1OP;19/09/2025;Eko Prasetyo;user432@example.com;Non-Member;Smartphone Samsung S24;Elektronik;13000000;1;COD;13000000;0;13000000;Semarang;Jawa Tengah
6a118f6afad9326442663a8d;TRX-5F6QGZYB;27/01/2025;Dewi Lestari;user433@example.com;Member;Kursi Gaming Premium;Furniture;2500000;1;COD;2500000;0;2500000;Surabaya;Jawa Timur
6a118f6afad9326442663a8e;TRX-YB630BGE;13/01/2026;Rian Hidayat;user434@example.com;Member;Meja Kerja Minimalis;Furniture;1200000;2;Transfer Bank;2400000;0;2400000;Sukabumi;Jawa Barat
6a118f6afad9326442663a8f;TRX-X2ZSND5B;22/07/2025;Andi Wijaya;user435@example.com;Member;Meja Kerja Minimalis;Furniture;1200000;2;E-Wallet (OVO/Dana);2400000;0;2400000;Sukabumi;Jawa Barat
6a118f6afad9326442663a90;TRX-EWRXESW3;09/04/2026;Novianti;user436@example.com;Member;Kemeja Flanel Oversize;Fashion;250000;3;Transfer Bank;750000;0;750000;Surabaya;Jawa Timur
6a118f6afad9326442663a91;TRX-7FC6GPHV;01/02/2026;Eko Prasetyo;user437@example.com;Non-Member;Kemeja Flanel Oversize;Fashion;250000;4;Transfer Bank;1000000;0;1000000;Medan;Sumatera Utara
6a118f6afad9326442663a92;TRX-1IQXYTC0;24/05/2025;Mega Pertiwi;user438@example.com;Non-Member;Kursi Gaming Premium;Furniture;2500000;1;Kartu Kredit;2500000;0;2500000;Semarang;Jawa Tengah
6a118f6afad9326442663a93;TRX-3CCBNGS3;19/02/2025;Rian Hidayat;user439@example.com;Non-Member;Laptop ASUS ROG;Elektronik;20000000;2;COD;40000000;0;40000000;Jakarta;DKI Jakarta
6a118f6afad9326442663a94;TRX-GBN869RM;23/05/2025;Fahmi Idris;user440@example.com;Member;Laptop ASUS ROG;Elektronik;20000000;1;COD;20000000;0;20000000;Jakarta;DKI Jakarta
6a118f6afad9326442663a95;TRX-GD92I240;13/09/2025;Budi Santoso;user441@example.com;Non-Member;Laptop ASUS ROG;Elektronik;20000000;4;E-Wallet (OVO/Dana);80000000;0;80000000;Makassar;Sulawesi Selatan
6a118f6afad9326442663a96;TRX-NMSTPV6D;20/06/2025;Siti Aminah;user442@example.com;Member;Meja Kerja Minimalis;Furniture;1200000;4;Kartu Kredit;4800000;0;4800000;Sukabumi;Jawa Barat
6a118f6afad9326442663a97;TRX-N0A6M38F;08/08/2025;Andi Wijaya;user443@example.com;Non-Member;Smartphone Samsung S24;Elektronik;13000000;1;Kartu Kredit;13000000;0;13000000;Semarang;Jawa Tengah
6a118f6afad9326442663a98;TRX-5RRIPNQB;08/06/2025;Dewi Lestari;user444@example.com;Member;Kursi Gaming Premium;Furniture;2500000;4;Kartu Kredit;10000000;0;10000000;Medan;Sumatera Utara
6a118f6afad9326442663a99;TRX-2APKU3D2;21/06/2025;Rian Hidayat;user445@example.com;Member;Laptop ASUS ROG;Elektronik;20000000;3;Kartu Kredit;60000000;0;60000000;Medan;Sumatera Utara
6a118f6afad9326442663a9a;TRX-85KIBE8G;24/02/2025;Jono Adriansyah;user446@example.com;Non-Member;Laptop ASUS ROG;Elektronik;20000000;2;Transfer Bank;40000000;0;40000000;Jakarta;DKI Jakarta
6a118f6afad9326442663a9b;TRX-VD1MP1LV;18/10/2025;Novianti;user447@example.com;Member;Kemeja Flanel Oversize;Fashion;250000;1;COD;250000;0;250000;Sukabumi;Jawa Barat
6a118f6afad9326442663a9c;TRX-S3S1I6RJ;27/12/2025;Andi Wijaya;user448@example.com;Member;Kemeja Flanel Oversize;Fashion;250000;4;Transfer Bank;1000000;0;1000000;Semarang;Jawa Tengah
6a118f6afad9326442663a9d;TRX-G8UVD3O8;21/12/2025;Eko Prasetyo;user449@example.com;Member;Kursi Gaming Premium;Furniture;2500000;4;Kartu Kredit;10000000;0;10000000;Jakarta;DKI Jakarta
6a118f6afad9326442663a9e;TRX-T302PFWD;22/02/2026;Jono Adriansyah;user450@example.com;Non-Member;Meja Kerja Minimalis;Furniture;1200000;3;E-Wallet (OVO/Dana);3600000;0;3600000;Jakarta;DKI Jakarta
6a118f6afad9326442663a9f;TRX-1SU8JRJ3;19/05/2025;Andi Wijaya;user451@example.com;Non-Member;Paket Ayam Bakar Madu;Kuliner;35000;2;COD;70000;0;70000;Sukabumi;Jawa Barat
6a118f6afad9326442663aa0;TRX-8RS0CEAR;05/11/2025;Eko Prasetyo;user452@example.com;Member;Paket Ayam Bakar Madu;Kuliner;35000;1;COD;35000;0;35000;Makassar;Sulawesi Selatan
6a118f6afad9326442663aa1;TRX-BB8P5CEK;04/01/2026;Fahmi Idris;user453@example.com;Member;Smartphone Samsung S24;Elektronik;13000000;3;Transfer Bank;39000000;0;39000000;Bandung;Jawa Barat
6a118f6afad9326442663aa2;TRX-CWJYSY5S;06/08/2025;Mega Pertiwi;user454@example.com;Non-Member;Kursi Gaming Premium;Furniture;2500000;4;E-Wallet (OVO/Dana);10000000;0;10000000;Makassar;Sulawesi Selatan
6a118f6afad9326442663aa3;TRX-0V8BVFFA;06/02/2025;Mega Pertiwi;user455@example.com;Non-Member;Kemeja Flanel Oversize;Fashion;250000;1;Kartu Kredit;250000;0;250000;Surabaya;Jawa Timur
6a118f6afad9326442663aa4;TRX-YQV037VG;27/02/2026;Mega Pertiwi;user456@example.com;Non-Member;Kopi Susu Gula Aren 1L;Kuliner;65000;3;COD;195000;0;195000;Sukabumi;Jawa Barat
6a118f6afad9326442663aa5;TRX-GJK6F8JF;12/05/2025;Eko Prasetyo;user457@example.com;Non-Member;Smartphone Samsung S24;Elektronik;13000000;1;COD;13000000;0;13000000;Sukabumi;Jawa Barat
6a118f6afad9326442663aa6;TRX-B2QJDXMP;24/02/2025;Mega Pertiwi;user458@example.com;Non-Member;Meja Kerja Minimalis;Furniture;1200000;2;COD;2400000;0;2400000;Sukabumi;Jawa Barat
6a118f6afad9326442663aa7;TRX-M0JP0LF4;07/03/2026;Dewi Lestari;user459@example.com;Member;Kemeja Flanel Oversize;Fashion;250000;4;Transfer Bank;1000000;0;1000000;Bandung;Jawa Barat
6a118f6afad9326442663aa8;TRX-BI47Y8U5;06/03/2026;Dewi Lestari;user460@example.com;Non-Member;Laptop ASUS ROG;Elektronik;20000000;2;COD;40000000;0;40000000;Jakarta;DKI Jakarta
6a118f6afad9326442663aa9;TRX-8Q4NO5N0;01/04/2025;Andi Wijaya;user461@example.com;Member;Meja Kerja Minimalis;Furniture;1200000;4;Kartu Kredit;4800000;0;4800000;Surabaya;Jawa Timur
6a118f6afad9326442663aaa;TRX-CDWCFUE6;04/03/2025;Novianti;user462@example.com;Non-Member;Kemeja Flanel Oversize;Fashion;250000;2;Transfer Bank;500000;0;500000;Jakarta;DKI Jakarta
6a118f6afad9326442663aab;TRX-FW4RR1JB;19/11/2025;Fahmi Idris;user463@example.com;Non-Member;Smartphone Samsung S24;Elektronik;13000000;2;Kartu Kredit;26000000;0;26000000;Surabaya;Jawa Timur
6a118f6afad9326442663aac;TRX-DT7NIRHM;03/12/2025;Dewi Lestari;user464@example.com;Member;Smartphone Samsung S24;Elektronik;13000000;1;Transfer Bank;13000000;0;13000000;Surabaya;Jawa Timur
6a118f6afad9326442663aad;TRX-R82AIPFD;13/01/2026;Siti Aminah;user465@example.com;Member;Smartphone Samsung S24;Elektronik;13000000;1;Transfer Bank;13000000;0;13000000;Bandung;Jawa Barat
6a118f6afad9326442663aae;TRX-JT3HJ2DQ;02/06/2025;Dewi Lestari;user466@example.com;Non-Member;Smartphone Samsung S24;Elektronik;13000000;3;Transfer Bank;39000000;0;39000000;Semarang;Jawa Tengah
6a118f6afad9326442663aaf;TRX-LRESVLKP;05/01/2026;Andi Wijaya;user467@example.com;Non-Member;Smartphone Samsung S24;Elektronik;13000000;1;Kartu Kredit;13000000;0;13000000;Semarang;Jawa Tengah
6a118f6afad9326442663ab0;TRX-SW78Z0J8;23/06/2025;Jono Adriansyah;user468@example.com;Non-Member;Smartphone Samsung S24;Elektronik;13000000;3;E-Wallet (OVO/Dana);39000000;0;39000000;Makassar;Sulawesi Selatan
6a118f6afad9326442663ab1;TRX-NCU1E0L9;07/06/2025;Novianti;user469@example.com;Non-Member;Meja Kerja Minimalis;Furniture;1200000;2;Transfer Bank;2400000;0;2400000;Bandung;Jawa Barat
6a118f6afad9326442663ab2;TRX-NA2F1PIJ;18/01/2025;Budi Santoso;user470@example.com;Non-Member;Laptop ASUS ROG;Elektronik;20000000;2;E-Wallet (OVO/Dana);40000000;0;40000000;Bandung;Jawa Barat
6a118f6afad9326442663ab3;TRX-AFZJJD8T;16/05/2025;Andi Wijaya;user471@example.com;Member;Kemeja Flanel Oversize;Fashion;250000;3;Kartu Kredit;750000;0;750000;Surabaya;Jawa Timur
6a118f6afad9326442663ab4;TRX-A87QGHA0;09/03/2025;Siti Aminah;user472@example.com;Non-Member;Smartphone Samsung S24;Elektronik;13000000;3;Transfer Bank;39000000;0;39000000;Jakarta;DKI Jakarta
6a118f6afad9326442663ab5;TRX-YMOT41EG;01/05/2025;Budi Santoso;user473@example.com;Non-Member;Paket Ayam Bakar Madu;Kuliner;35000;2;E-Wallet (OVO/Dana);70000;0;70000;Medan;Sumatera Utara
6a118f6afad9326442663ab6;TRX-CF0LGQ2T;24/03/2026;Fahmi Idris;user474@example.com;Member;Kopi Susu Gula Aren 1L;Kuliner;65000;2;Transfer Bank;130000;0;130000;Sukabumi;Jawa Barat
6a118f6afad9326442663ab7;TRX-P6YIJCPQ;17/01/2026;Andi Wijaya;user475@example.com;Member;Kopi Susu Gula Aren 1L;Kuliner;65000;2;Kartu Kredit;130000;0;130000;Sukabumi;Jawa Barat
6a118f6afad9326442663ab8;TRX-JQYACOW1;08/06/2025;Dewi Lestari;user476@example.com;Member;Laptop ASUS ROG;Elektronik;20000000;1;Kartu Kredit;20000000;0;20000000;Bandung;Jawa Barat
6a118f6afad9326442663ab9;TRX-1LUPIVI1;09/03/2026;Budi Santoso;user477@example.com;Non-Member;Smartphone Samsung S24;Elektronik;13000000;4;Transfer Bank;52000000;0;52000000;Sukabumi;Jawa Barat
6a118f6afad9326442663aba;TRX-L0IYI2FD;19/03/2026;Budi Santoso;user478@example.com;Non-Member;Meja Kerja Minimalis;Furniture;1200000;2;E-Wallet (OVO/Dana);2400000;0;2400000;Medan;Sumatera Utara
6a118f6afad9326442663abb;TRX-E5IP0NSC;21/08/2025;Siti Aminah;user479@example.com;Member;Kursi Gaming Premium;Furniture;2500000;2;Transfer Bank;5000000;0;5000000;Makassar;Sulawesi Selatan
6a118f6afad9326442663abc;TRX-Z2UBTQ4T;04/04/2026;Novianti;user480@example.com;Member;Sepatu Sneaker Lokal;Fashion;450000;1;Transfer Bank;450000;0;450000;Semarang;Jawa Tengah
6a118f6afad9326442663abd;TRX-BI07USN3;01/01/2026;Fahmi Idris;user481@example.com;Member;Kopi Susu Gula Aren 1L;Kuliner;65000;4;Kartu Kredit;260000;0;260000;Jakarta;DKI Jakarta
6a118f6afad9326442663abe;TRX-8TBVD0NW;11/10/2025;Mega Pertiwi;user482@example.com;Non-Member;Kursi Gaming Premium;Furniture;2500000;1;Transfer Bank;2500000;0;2500000;Semarang;Jawa Tengah
6a118f6afad9326442663abf;TRX-GQXF636A;04/01/2026;Jono Adriansyah;user483@example.com;Member;Kemeja Flanel Oversize;Fashion;250000;4;E-Wallet (OVO/Dana);1000000;0;1000000;Jakarta;DKI Jakarta
6a118f6afad9326442663ac0;TRX-0BCF349J;24/03/2026;Rian Hidayat;user484@example.com;Non-Member;Kopi Susu Gula Aren 1L;Kuliner;65000;1;COD;65000;0;65000;Surabaya;Jawa Timur
6a118f6afad9326442663ac1;TRX-YLO2BT47;27/03/2026;Andi Wijaya;user485@example.com;Non-Member;Meja Kerja Minimalis;Furniture;1200000;3;Transfer Bank;3600000;0;3600000;Bandung;Jawa Barat
6a118f6afad9326442663ac2;TRX-TUQN7R1M;17/05/2025;Novianti;user486@example.com;Member;Smartphone Samsung S24;Elektronik;13000000;1;Transfer Bank;13000000;0;13000000;Jakarta;DKI Jakarta
6a118f6afad9326442663ac3;TRX-PS1D1N6G;02/02/2025;Novianti;user487@example.com;Member;Kemeja Flanel Oversize;Fashion;250000;1;COD;250000;0;250000;Bandung;Jawa Barat
6a118f6afad9326442663ac4;TRX-VUBQPLLA;14/01/2025;Budi Santoso;user488@example.com;Non-Member;Kemeja Flanel Oversize;Fashion;250000;1;Kartu Kredit;250000;0;250000;Jakarta;DKI Jakarta
6a118f6afad9326442663ac5;TRX-XE6D0TXW;09/03/2026;Eko Prasetyo;user489@example.com;Non-Member;Laptop ASUS ROG;Elektronik;20000000;2;COD;40000000;0;40000000;Makassar;Sulawesi Selatan
6a118f6afad9326442663ac6;TRX-2A05MDUO;03/10/2025;Siti Aminah;user490@example.com;Non-Member;Kursi Gaming Premium;Furniture;2500000;4;COD;10000000;0;10000000;Medan;Sumatera Utara
6a118f6afad9326442663ac7;TRX-3ZKJI10O;05/02/2025;Budi Santoso;user491@example.com;Member;Paket Ayam Bakar Madu;Kuliner;35000;2;COD;70000;0;70000;Medan;Sumatera Utara
6a118f6afad9326442663ac8;TRX-1QPHRPD0;14/01/2025;Rian Hidayat;user492@example.com;Member;Paket Ayam Bakar Madu;Kuliner;35000;2;E-Wallet (OVO/Dana);70000;0;70000;Sukabumi;Jawa Barat
6a118f6afad9326442663ac9;TRX-F1E20KHO;06/02/2025;Mega Pertiwi;user493@example.com;Member;Kemeja Flanel Oversize;Fashion;250000;2;E-Wallet (OVO/Dana);500000;0;500000;Makassar;Sulawesi Selatan
6a118f6afad9326442663aca;TRX-KZKLAJ74;24/03/2025;Novianti;user494@example.com;Non-Member;Laptop ASUS ROG;Elektronik;20000000;3;COD;60000000;0;60000000;Medan;Sumatera Utara
6a118f6afad9326442663acb;TRX-SI0ISAF6;27/02/2025;Jono Adriansyah;user495@example.com;Non-Member;Meja Kerja Minimalis;Furniture;1200000;4;Kartu Kredit;4800000;0;4800000;Surabaya;Jawa Timur
6a118f6afad9326442663acc;TRX-EN0YPF8N;17/05/2025;Budi Santoso;user496@example.com;Member;Kopi Susu Gula Aren 1L;Kuliner;65000;2;Transfer Bank;130000;0;130000;Makassar;Sulawesi Selatan
6a118f6afad9326442663acd;TRX-LBDAZKOZ;05/01/2026;Novianti;user497@example.com;Non-Member;Kopi Susu Gula Aren 1L;Kuliner;65000;4;Transfer Bank;260000;0;260000;Jakarta;DKI Jakarta
6a118f6afad9326442663ace;TRX-4A7M7OHH;04/04/2026;Fahmi Idris;user498@example.com;Member;Kopi Susu Gula Aren 1L;Kuliner;65000;4;Transfer Bank;260000;0;260000;Surabaya;Jawa Timur
6a118f6afad9326442663acf;TRX-CRDLEVQH;24/01/2026;Eko Prasetyo;user499@example.com;Non-Member;Smartphone Samsung S24;Elektronik;13000000;2;E-Wallet (OVO/Dana);26000000;0;26000000;Surabaya;Jawa Timur
6a118f6afad9326442663ad0;TRX-G83BY1YQ;16/02/2025;Eko Prasetyo;user500@example.com;Member;Sepatu Sneaker Lokal;Fashion;450000;1;COD;450000;0;450000;Makassar;Sulawesi Selatan
6a118f6afad9326442663ad1;TRX-HS00KE3O;19/07/2025;Fahmi Idris;user501@example.com;Member;Paket Ayam Bakar Madu;Kuliner;35000;1;Kartu Kredit;35000;0;35000;Bandung;Jawa Barat
6a118f6afad9326442663ad2;TRX-8PG63M8Q;12/10/2025;Fahmi Idris;user502@example.com;Member;Sepatu Sneaker Lokal;Fashion;450000;4;Transfer Bank;1800000;0;1800000;Makassar;Sulawesi Selatan
6a118f6afad9326442663ad3;TRX-BA4BP5EE;14/08/2025;Siti Aminah;user503@example.com;Non-Member;Sepatu Sneaker Lokal;Fashion;450000;4;Kartu Kredit;1800000;0;1800000;Semarang;Jawa Tengah
6a118f6afad9326442663ad4;TRX-2DGL45LI;09/09/2025;Siti Aminah;user504@example.com;Non-Member;Smartphone Samsung S24;Elektronik;13000000;2;E-Wallet (OVO/Dana);26000000;0;26000000;Jakarta;DKI Jakarta
6a118f6afad9326442663ad5;TRX-GNKH8SUB;23/05/2025;Andi Wijaya;user505@example.com;Non-Member;Paket Ayam Bakar Madu;Kuliner;35000;2;E-Wallet (OVO/Dana);70000;0;70000;Sukabumi;Jawa Barat
6a118f6afad9326442663ad6;TRX-I6AV6RJF;10/01/2026;Dewi Lestari;user506@example.com;Non-Member;Laptop ASUS ROG;Elektronik;20000000;3;Kartu Kredit;60000000;0;60000000;Jakarta;DKI Jakarta
6a118f6afad9326442663ad7;TRX-B7JLB1ZJ;25/07/2025;Siti Aminah;user507@example.com;Non-Member;Laptop ASUS ROG;Elektronik;20000000;1;Kartu Kredit;20000000;0;20000000;Surabaya;Jawa Timur
6a118f6afad9326442663ad8;TRX-80IQHVF9;12/03/2026;Jono Adriansyah;user508@example.com;Non-Member;Smartphone Samsung S24;Elektronik;13000000;2;COD;26000000;0;26000000;Jakarta;DKI Jakarta
6a118f6afad9326442663ad9;TRX-POYWGQT9;25/04/2025;Siti Aminah;user509@example.com;Member;Laptop ASUS ROG;Elektronik;20000000;4;COD;80000000;0;80000000;Semarang;Jawa Tengah
6a118f6afad9326442663ada;TRX-GYFMDQF0;17/07/2025;Siti Aminah;user510@example.com;Non-Member;Kursi Gaming Premium;Furniture;2500000;2;COD;5000000;0;5000000;Jakarta;DKI Jakarta
6a118f6afad9326442663adb;TRX-T46BNRQ4;01/04/2025;Mega Pertiwi;user511@example.com;Member;Laptop ASUS ROG;Elektronik;20000000;3;E-Wallet (OVO/Dana);60000000;0;60000000;Bandung;Jawa Barat
6a118f6afad9326442663adc;TRX-OJFTHQ2D;24/12/2025;Rian Hidayat;user512@example.com;Member;Meja Kerja Minimalis;Furniture;1200000;3;Kartu Kredit;3600000;0;3600000;Surabaya;Jawa Timur
6a118f6afad9326442663add;TRX-NQAEJICR;10/10/2025;Budi Santoso;user513@example.com;Non-Member;Smartphone Samsung S24;Elektronik;13000000;1;COD;13000000;0;13000000;Makassar;Sulawesi Selatan
6a118f6afad9326442663ade;TRX-MBYE11N1;23/01/2026;Fahmi Idris;user514@example.com;Member;Kursi Gaming Premium;Furniture;2500000;3;Transfer Bank;7500000;0;7500000;Medan;Sumatera Utara
6a118f6afad9326442663adf;TRX-KO7VBXVG;26/01/2025;Eko Prasetyo;user515@example.com;Member;Smartphone Samsung S24;Elektronik;13000000;1;Kartu Kredit;13000000;0;13000000;Semarang;Jawa Tengah
6a118f6afad9326442663ae0;TRX-KLM5BUXI;18/04/2025;Andi Wijaya;user516@example.com;Member;Meja Kerja Minimalis;Furniture;1200000;2;Kartu Kredit;2400000;0;2400000;Makassar;Sulawesi Selatan
6a118f6afad9326442663ae1;TRX-IFYS6G1X;19/01/2026;Mega Pertiwi;user517@example.com;Member;Sepatu Sneaker Lokal;Fashion;450000;1;Transfer Bank;450000;0;450000;Sukabumi;Jawa Barat
6a118f6afad9326442663ae2;TRX-PC019JNG;21/09/2025;Novianti;user518@example.com;Member;Sepatu Sneaker Lokal;Fashion;450000;3;E-Wallet (OVO/Dana);1350000;0;1350000;Sukabumi;Jawa Barat
6a118f6afad9326442663ae3;TRX-EX3BARII;25/07/2025;Andi Wijaya;user519@example.com;Member;Sepatu Sneaker Lokal;Fashion;450000;3;Transfer Bank;1350000;0;1350000;Surabaya;Jawa Timur
6a118f6afad9326442663ae4;TRX-0PX9WIGS;24/10/2025;Eko Prasetyo;user520@example.com;Non-Member;Sepatu Sneaker Lokal;Fashion;450000;3;E-Wallet (OVO/Dana);1350000;0;1350000;Sukabumi;Jawa Barat
6a118f6afad9326442663ae5;TRX-PH489RGB;12/04/2026;Siti Aminah;user521@example.com;Member;Laptop ASUS ROG;Elektronik;20000000;1;COD;20000000;0;20000000;Medan;Sumatera Utara
6a118f6afad9326442663ae6;TRX-CUAFSNT2;11/06/2025;Mega Pertiwi;user522@example.com;Non-Member;Smartphone Samsung S24;Elektronik;13000000;3;Kartu Kredit;39000000;0;39000000;Jakarta;DKI Jakarta
6a118f6afad9326442663ae7;TRX-Y05LG2NE;02/09/2025;Mega Pertiwi;user523@example.com;Non-Member;Paket Ayam Bakar Madu;Kuliner;35000;3;COD;105000;0;105000;Jakarta;DKI Jakarta
6a118f6afad9326442663ae8;TRX-0Z9OYGMU;19/09/2025;Jono Adriansyah;user524@example.com;Member;Meja Kerja Minimalis;Furniture;1200000;2;Kartu Kredit;2400000;0;2400000;Makassar;Sulawesi Selatan
6a118f6afad9326442663ae9;TRX-L7JPUIK0;18/07/2025;Siti Aminah;user525@example.com;Member;Paket Ayam Bakar Madu;Kuliner;35000;1;Kartu Kredit;35000;0;35000;Bandung;Jawa Barat
6a118f6afad9326442663aea;TRX-2IS92ED3;17/02/2026;Jono Adriansyah;user526@example.com;Non-Member;Kopi Susu Gula Aren 1L;Kuliner;65000;3;Kartu Kredit;195000;0;195000;Sukabumi;Jawa Barat
6a118f6afad9326442663aeb;TRX-GWM1W365;11/02/2026;Mega Pertiwi;user527@example.com;Non-Member;Laptop ASUS ROG;Elektronik;20000000;4;COD;80000000;0;80000000;Medan;Sumatera Utara
6a118f6afad9326442663aec;TRX-RXCBZ5BY;09/04/2026;Eko Prasetyo;user528@example.com;Member;Kemeja Flanel Oversize;Fashion;250000;4;E-Wallet (OVO/Dana);1000000;0;1000000;Makassar;Sulawesi Selatan
6a118f6afad9326442663aed;TRX-R12NQS18;01/01/2026;Novianti;user529@example.com;Non-Member;Kemeja Flanel Oversize;Fashion;250000;3;COD;750000;0;750000;Bandung;Jawa Barat
6a118f6afad9326442663aee;TRX-ACOT6N6P;22/08/2025;Andi Wijaya;user530@example.com;Non-Member;Paket Ayam Bakar Madu;Kuliner;35000;2;Transfer Bank;70000;0;70000;Sukabumi;Jawa Barat
6a118f6afad9326442663aef;TRX-CG1S7QCX;17/07/2025;Budi Santoso;user531@example.com;Non-Member;Paket Ayam Bakar Madu;Kuliner;35000;2;COD;70000;0;70000;Sukabumi;Jawa Barat
6a118f6afad9326442663af0;TRX-SSZ8VTJX;25/08/2025;Dewi Lestari;user532@example.com;Non-Member;Meja Kerja Minimalis;Furniture;1200000;1;Transfer Bank;1200000;0;1200000;Sukabumi;Jawa Barat
6a118f6afad9326442663af1;TRX-AFLNUDKC;13/01/2026;Dewi Lestari;user533@example.com;Member;Laptop ASUS ROG;Elektronik;20000000;3;COD;60000000;0;60000000;Jakarta;DKI Jakarta
6a118f6afad9326442663af2;TRX-CW6FAMYS;19/02/2025;Dewi Lestari;user534@example.com;Member;Kemeja Flanel Oversize;Fashion;250000;2;E-Wallet (OVO/Dana);500000;0;500000;Surabaya;Jawa Timur
6a118f6afad9326442663af3;TRX-LA1QZAQ7;26/04/2025;Novianti;user535@example.com;Member;Kemeja Flanel Oversize;Fashion;250000;3;Transfer Bank;750000;0;750000;Bandung;Jawa Barat
6a118f6afad9326442663af4;TRX-39HH5BKT;08/04/2025;Rian Hidayat;user536@example.com;Member;Kopi Susu Gula Aren 1L;Kuliner;65000;2;COD;130000;0;130000;Jakarta;DKI Jakarta
6a118f6afad9326442663af5;TRX-5CAHSLPO;25/01/2025;Budi Santoso;user537@example.com;Member;Laptop ASUS ROG;Elektronik;20000000;1;Kartu Kredit;20000000;0;20000000;Bandung;Jawa Barat
6a118f6afad9326442663af6;TRX-IU2NH65T;04/02/2026;Fahmi Idris;user538@example.com;Member;Kursi Gaming Premium;Furniture;2500000;1;Kartu Kredit;2500000;0;2500000;Bandung;Jawa Barat
6a118f6afad9326442663af7;TRX-QQNE3A1X;24/03/2026;Dewi Lestari;user539@example.com;Member;Kopi Susu Gula Aren 1L;Kuliner;65000;3;Kartu Kredit;195000;0;195000;Makassar;Sulawesi Selatan
6a118f6afad9326442663af8;TRX-F2UQPKQ8;05/02/2026;Siti Aminah;user540@example.com;Non-Member;Kemeja Flanel Oversize;Fashion;250000;3;Transfer Bank;750000;0;750000;Jakarta;DKI Jakarta
6a118f6afad9326442663af9;TRX-BCVUREWW;13/04/2025;Siti Aminah;user541@example.com;Member;Kursi Gaming Premium;Furniture;2500000;4;Transfer Bank;10000000;0;10000000;Makassar;Sulawesi Selatan
6a118f6afad9326442663afa;TRX-1D4PCBN7;31/03/2026;Fahmi Idris;user542@example.com;Member;Paket Ayam Bakar Madu;Kuliner;35000;2;Kartu Kredit;70000;0;70000;Surabaya;Jawa Timur
6a118f6afad9326442663afb;TRX-PANSAJ09;31/05/2025;Fahmi Idris;user543@example.com;Member;Kopi Susu Gula Aren 1L;Kuliner;65000;2;COD;130000;0;130000;Semarang;Jawa Tengah
6a118f6afad9326442663afc;TRX-KC1AZX9I;11/03/2025;Budi Santoso;user544@example.com;Non-Member;Kursi Gaming Premium;Furniture;2500000;1;COD;2500000;0;2500000;Sukabumi;Jawa Barat
6a118f6afad9326442663afd;TRX-NR5K8GBH;21/04/2025;Rian Hidayat;user545@example.com;Non-Member;Laptop ASUS ROG;Elektronik;20000000;4;Kartu Kredit;80000000;0;80000000;Bandung;Jawa Barat
6a118f6afad9326442663afe;TRX-56D0THQB;01/02/2026;Mega Pertiwi;user546@example.com;Non-Member;Kursi Gaming Premium;Furniture;2500000;4;Kartu Kredit;10000000;0;10000000;Jakarta;DKI Jakarta
6a118f6afad9326442663aff;TRX-PB5UKEM5;05/11/2025;Novianti;user547@example.com;Non-Member;Kemeja Flanel Oversize;Fashion;250000;1;Kartu Kredit;250000;0;250000;Bandung;Jawa Barat
6a118f6afad9326442663b00;TRX-4O2T18X6;03/12/2025;Jono Adriansyah;user548@example.com;Non-Member;Paket Ayam Bakar Madu;Kuliner;35000;4;COD;140000;0;140000;Medan;Sumatera Utara
6a118f6afad9326442663b01;TRX-1S41GQRP;13/09/2025;Mega Pertiwi;user549@example.com;Non-Member;Paket Ayam Bakar Madu;Kuliner;35000;1;Transfer Bank;35000;0;35000;Makassar;Sulawesi Selatan
6a118f6afad9326442663b02;TRX-9YZHIZ5G;07/05/2026;Rian Hidayat;user550@example.com;Non-Member;Kemeja Flanel Oversize;Fashion;250000;2;Transfer Bank;500000;0;500000;Jakarta;DKI Jakarta
6a118f6afad9326442663b03;TRX-B5F8VVA1;31/10/2025;Dewi Lestari;user551@example.com;Non-Member;Paket Ayam Bakar Madu;Kuliner;35000;1;Transfer Bank;35000;0;35000;Makassar;Sulawesi Selatan
6a118f6afad9326442663b04;TRX-V2CT60WY;25/01/2026;Jono Adriansyah;user552@example.com;Member;Kopi Susu Gula Aren 1L;Kuliner;65000;4;COD;260000;0;260000;Medan;Sumatera Utara
6a118f6afad9326442663b05;TRX-KQ8BEX7V;17/03/2025;Siti Aminah;user553@example.com;Member;Laptop ASUS ROG;Elektronik;20000000;3;Kartu Kredit;60000000;0;60000000;Medan;Sumatera Utara
6a118f6afad9326442663b06;TRX-CSHQRSIL;21/05/2026;Jono Adriansyah;user554@example.com;Non-Member;Kopi Susu Gula Aren 1L;Kuliner;65000;2;Kartu Kredit;130000;0;130000;Bandung;Jawa Barat
6a118f6afad9326442663b07;TRX-XKILT5WH;08/10/2025;Rian Hidayat;user555@example.com;Non-Member;Smartphone Samsung S24;Elektronik;13000000;1;E-Wallet (OVO/Dana);13000000;0;13000000;Makassar;Sulawesi Selatan
6a118f6afad9326442663b08;TRX-W6DOBQJN;27/06/2025;Rian Hidayat;user556@example.com;Member;Sepatu Sneaker Lokal;Fashion;450000;1;E-Wallet (OVO/Dana);450000;0;450000;Bandung;Jawa Barat
6a118f6afad9326442663b09;TRX-WR0DUHBC;16/02/2026;Mega Pertiwi;user557@example.com;Non-Member;Meja Kerja Minimalis;Furniture;1200000;4;COD;4800000;0;4800000;Jakarta;DKI Jakarta
6a118f6afad9326442663b0a;TRX-G2HM4GRX;23/01/2025;Budi Santoso;user558@example.com;Member;Laptop ASUS ROG;Elektronik;20000000;1;Transfer Bank;20000000;0;20000000;Sukabumi;Jawa Barat
6a118f6afad9326442663b0b;TRX-K6HHA2GW;19/12/2025;Andi Wijaya;user559@example.com;Non-Member;Meja Kerja Minimalis;Furniture;1200000;2;COD;2400000;0;2400000;Sukabumi;Jawa Barat
6a118f6afad9326442663b0c;TRX-2W6AG3ZB;11/08/2025;Siti Aminah;user560@example.com;Non-Member;Laptop ASUS ROG;Elektronik;20000000;2;COD;40000000;0;40000000;Makassar;Sulawesi Selatan
6a118f6afad9326442663b0d;TRX-K7AG5OMI;19/03/2026;Novianti;user561@example.com;Member;Kopi Susu Gula Aren 1L;Kuliner;65000;2;COD;130000;0;130000;Medan;Sumatera Utara
6a118f6afad9326442663b0e;TRX-FKXQEZIG;31/12/2024;Budi Santoso;user562@example.com;Member;Sepatu Sneaker Lokal;Fashion;450000;3;COD;1350000;0;1350000;Sukabumi;Jawa Barat
6a118f6afad9326442663b0f;TRX-YJWU65XH;25/07/2025;Siti Aminah;user563@example.com;Non-Member;Kopi Susu Gula Aren 1L;Kuliner;65000;3;E-Wallet (OVO/Dana);195000;0;195000;Bandung;Jawa Barat
6a118f6afad9326442663b10;TRX-VHEOKUXZ;19/02/2026;Budi Santoso;user564@example.com;Non-Member;Paket Ayam Bakar Madu;Kuliner;35000;2;Transfer Bank;70000;0;70000;Jakarta;DKI Jakarta
6a118f6afad9326442663b11;TRX-ABPONWYR;14/04/2025;Fahmi Idris;user565@example.com;Member;Paket Ayam Bakar Madu;Kuliner;35000;2;COD;70000;0;70000;Jakarta;DKI Jakarta
6a118f6afad9326442663b12;TRX-KDIUMY9R;08/05/2026;Jono Adriansyah;user566@example.com;Non-Member;Laptop ASUS ROG;Elektronik;20000000;2;E-Wallet (OVO/Dana);40000000;0;40000000;Semarang;Jawa Tengah
6a118f6afad9326442663b13;TRX-E2RPNZ6W;18/04/2025;Budi Santoso;user567@example.com;Member;Kemeja Flanel Oversize;Fashion;250000;3;Kartu Kredit;750000;0;750000;Bandung;Jawa Barat
6a118f6afad9326442663b14;TRX-Z91VS7AH;02/03/2025;Siti Aminah;user568@example.com;Non-Member;Kopi Susu Gula Aren 1L;Kuliner;65000;1;COD;65000;0;65000;Surabaya;Jawa Timur
6a118f6afad9326442663b15;TRX-NC97NNHS;05/11/2025;Budi Santoso;user569@example.com;Non-Member;Laptop ASUS ROG;Elektronik;20000000;1;Transfer Bank;20000000;0;20000000;Jakarta;DKI Jakarta
6a118f6afad9326442663b16;TRX-X4WQBDTO;24/01/2025;Budi Santoso;user570@example.com;Member;Laptop ASUS ROG;Elektronik;20000000;3;COD;60000000;0;60000000;Semarang;Jawa Tengah
6a118f6afad9326442663b17;TRX-L8TOCAG5;14/12/2025;Eko Prasetyo;user571@example.com;Non-Member;Smartphone Samsung S24;Elektronik;13000000;3;Kartu Kredit;39000000;0;39000000;Surabaya;Jawa Timur
6a118f6afad9326442663b18;TRX-ME1Y50B4;03/01/2025;Dewi Lestari;user572@example.com;Non-Member;Meja Kerja Minimalis;Furniture;1200000;3;COD;3600000;0;3600000;Sukabumi;Jawa Barat
6a118f6afad9326442663b19;TRX-S4VP89B0;18/02/2026;Budi Santoso;user573@example.com;Member;Kursi Gaming Premium;Furniture;2500000;2;E-Wallet (OVO/Dana);5000000;0;5000000;Surabaya;Jawa Timur
6a118f6afad9326442663b1a;TRX-C3ZNE6CB;15/08/2025;Andi Wijaya;user574@example.com;Non-Member;Sepatu Sneaker Lokal;Fashion;450000;3;COD;1350000;0;1350000;Surabaya;Jawa Timur
6a118f6afad9326442663b1b;TRX-65UN8WFK;07/08/2025;Siti Aminah;user575@example.com;Member;Smartphone Samsung S24;Elektronik;13000000;1;Transfer Bank;13000000;0;13000000;Jakarta;DKI Jakarta
6a118f6afad9326442663b1c;TRX-XJ5GEW06;07/10/2025;Siti Aminah;user576@example.com;Non-Member;Paket Ayam Bakar Madu;Kuliner;35000;2;E-Wallet (OVO/Dana);70000;0;70000;Sukabumi;Jawa Barat
6a118f6afad9326442663b1d;TRX-Q9QHX7FO;14/04/2026;Novianti;user577@example.com;Member;Paket Ayam Bakar Madu;Kuliner;35000;2;Transfer Bank;70000;0;70000;Medan;Sumatera Utara
6a118f6afad9326442663b1e;TRX-9JO0Q2I3;01/04/2026;Fahmi Idris;user578@example.com;Member;Sepatu Sneaker Lokal;Fashion;450000;4;COD;1800000;0;1800000;Bandung;Jawa Barat
6a118f6afad9326442663b1f;TRX-51ME5D9Y;15/12/2025;Fahmi Idris;user579@example.com;Member;Paket Ayam Bakar Madu;Kuliner;35000;2;COD;70000;0;70000;Surabaya;Jawa Timur
6a118f6afad9326442663b20;TRX-1VAWE2DD;14/03/2026;Andi Wijaya;user580@example.com;Member;Sepatu Sneaker Lokal;Fashion;450000;4;E-Wallet (OVO/Dana);1800000;0;1800000;Bandung;Jawa Barat
6a118f6afad9326442663b21;TRX-9PMSH8HB;02/02/2026;Mega Pertiwi;user581@example.com;Non-Member;Laptop ASUS ROG;Elektronik;20000000;2;Transfer Bank;40000000;0;40000000;Jakarta;DKI Jakarta
6a118f6afad9326442663b22;TRX-71G8EMXW;21/04/2025;Rian Hidayat;user582@example.com;Non-Member;Kopi Susu Gula Aren 1L;Kuliner;65000;3;Kartu Kredit;195000;0;195000;Makassar;Sulawesi Selatan
6a118f6afad9326442663b23;TRX-FI2T6U4T;16/10/2025;Budi Santoso;user583@example.com;Non-Member;Laptop ASUS ROG;Elektronik;20000000;4;Transfer Bank;80000000;0;80000000;Jakarta;DKI Jakarta
6a118f6afad9326442663b24;TRX-YDZ41G18;25/02/2026;Novianti;user584@example.com;Member;Kemeja Flanel Oversize;Fashion;250000;2;E-Wallet (OVO/Dana);500000;0;500000;Bandung;Jawa Barat
6a118f6afad9326442663b25;TRX-V1H5YJ1B;05/05/2025;Siti Aminah;user585@example.com;Member;Paket Ayam Bakar Madu;Kuliner;35000;1;Kartu Kredit;35000;0;35000;Bandung;Jawa Barat
6a118f6afad9326442663b26;TRX-J96ZITE3;02/05/2026;Jono Adriansyah;user586@example.com;Non-Member;Smartphone Samsung S24;Elektronik;13000000;3;COD;39000000;0;39000000;Semarang;Jawa Tengah
6a118f6afad9326442663b27;TRX-AYMP2VZS;09/02/2025;Rian Hidayat;user587@example.com;Non-Member;Meja Kerja Minimalis;Furniture;1200000;4;E-Wallet (OVO/Dana);4800000;0;4800000;Jakarta;DKI Jakarta
6a118f6afad9326442663b28;TRX-GD9Z6PDV;17/12/2025;Eko Prasetyo;user588@example.com;Non-Member;Laptop ASUS ROG;Elektronik;20000000;4;COD;80000000;0;80000000;Makassar;Sulawesi Selatan
6a118f6afad9326442663b29;TRX-18A0Y02D;11/06/2025;Jono Adriansyah;user589@example.com;Member;Paket Ayam Bakar Madu;Kuliner;35000;1;Kartu Kredit;35000;0;35000;Semarang;Jawa Tengah
6a118f6afad9326442663b2a;TRX-GD02QE70;15/03/2025;Siti Aminah;user590@example.com;Non-Member;Sepatu Sneaker Lokal;Fashion;450000;3;E-Wallet (OVO/Dana);1350000;0;1350000;Semarang;Jawa Tengah
6a118f6afad9326442663b2b;TRX-973NOOPI;10/08/2025;Eko Prasetyo;user591@example.com;Member;Smartphone Samsung S24;Elektronik;13000000;1;COD;13000000;0;13000000;Surabaya;Jawa Timur
6a118f6afad9326442663b2c;TRX-U1GP3ZX0;19/11/2025;Siti Aminah;user592@example.com;Non-Member;Kopi Susu Gula Aren 1L;Kuliner;65000;1;COD;65000;0;65000;Semarang;Jawa Tengah
6a118f6afad9326442663b2d;TRX-J62ZHHQ9;20/12/2025;Novianti;user593@example.com;Non-Member;Sepatu Sneaker Lokal;Fashion;450000;2;Transfer Bank;900000;0;900000;Medan;Sumatera Utara
6a118f6afad9326442663b2e;TRX-3SDL37T5;31/08/2025;Andi Wijaya;user594@example.com;Member;Sepatu Sneaker Lokal;Fashion;450000;2;Kartu Kredit;900000;0;900000;Bandung;Jawa Barat
6a118f6afad9326442663b2f;TRX-L0FJNF6Q;12/02/2025;Fahmi Idris;user595@example.com;Non-Member;Sepatu Sneaker Lokal;Fashion;450000;2;E-Wallet (OVO/Dana);900000;0;900000;Makassar;Sulawesi Selatan
6a118f6afad9326442663b30;TRX-56P7OVG0;08/07/2025;Dewi Lestari;user596@example.com;Non-Member;Kemeja Flanel Oversize;Fashion;250000;4;Transfer Bank;1000000;0;1000000;Jakarta;DKI Jakarta
6a118f6afad9326442663b31;TRX-TPT5T2L4;23/02/2025;Eko Prasetyo;user597@example.com;Non-Member;Paket Ayam Bakar Madu;Kuliner;35000;1;E-Wallet (OVO/Dana);35000;0;35000;Makassar;Sulawesi Selatan
6a118f6afad9326442663b32;TRX-N8155RJW;19/08/2025;Fahmi Idris;user598@example.com;Non-Member;Kursi Gaming Premium;Furniture;2500000;2;Kartu Kredit;5000000;0;5000000;Makassar;Sulawesi Selatan
6a118f6afad9326442663b33;TRX-I3DRQ4M8;19/11/2025;Jono Adriansyah;user599@example.com;Non-Member;Laptop ASUS ROG;Elektronik;20000000;2;Transfer Bank;40000000;0;40000000;Surabaya;Jawa Timur
6a118f6afad9326442663b34;TRX-YGMRJRK4;08/05/2026;Dewi Lestari;user600@example.com;Non-Member;Kemeja Flanel Oversize;Fashion;250000;4;Kartu Kredit;1000000;0;1000000;Jakarta;DKI Jakarta
6a118f6afad9326442663b35;TRX-GKB2YE4N;21/09/2025;Andi Wijaya;user601@example.com;Non-Member;Laptop ASUS ROG;Elektronik;20000000;1;Kartu Kredit;20000000;0;20000000;Jakarta;DKI Jakarta
6a118f6afad9326442663b36;TRX-60F8X5GT;20/04/2025;Eko Prasetyo;user602@example.com;Member;Meja Kerja Minimalis;Furniture;1200000;4;Transfer Bank;4800000;0;4800000;Sukabumi;Jawa Barat
6a118f6afad9326442663b37;TRX-XAXKF7XM;27/08/2025;Siti Aminah;user603@example.com;Member;Laptop ASUS ROG;Elektronik;20000000;1;COD;20000000;0;20000000;Makassar;Sulawesi Selatan
6a118f6afad9326442663b38;TRX-CWHDBMR3;12/05/2026;Rian Hidayat;user604@example.com;Member;Paket Ayam Bakar Madu;Kuliner;35000;3;E-Wallet (OVO/Dana);105000;0;105000;Jakarta;DKI Jakarta
6a118f6afad9326442663b39;TRX-XWIWZ53B;11/11/2025;Siti Aminah;user605@example.com;Member;Meja Kerja Minimalis;Furniture;1200000;3;Kartu Kredit;3600000;0;3600000;Surabaya;Jawa Timur
6a118f6afad9326442663b3a;TRX-ENGDODN3;18/08/2025;Fahmi Idris;user606@example.com;Member;Paket Ayam Bakar Madu;Kuliner;35000;2;Kartu Kredit;70000;0;70000;Semarang;Jawa Tengah
6a118f6afad9326442663b3b;TRX-3M7W59GV;15/03/2026;Novianti;user607@example.com;Member;Paket Ayam Bakar Madu;Kuliner;35000;2;COD;70000;0;70000;Makassar;Sulawesi Selatan
6a118f6afad9326442663b3c;TRX-NNM6NSAC;06/04/2026;Eko Prasetyo;user608@example.com;Member;Laptop ASUS ROG;Elektronik;20000000;3;Kartu Kredit;60000000;0;60000000;Jakarta;DKI Jakarta
6a118f6afad9326442663b3d;TRX-EL7S6PWJ;22/12/2025;Mega Pertiwi;user609@example.com;Member;Meja Kerja Minimalis;Furniture;1200000;3;COD;3600000;0;3600000;Medan;Sumatera Utara
6a118f6afad9326442663b3e;TRX-MYUQNHII;21/06/2025;Siti Aminah;user610@example.com;Non-Member;Sepatu Sneaker Lokal;Fashion;450000;3;Transfer Bank;1350000;0;1350000;Bandung;Jawa Barat
6a118f6afad9326442663b3f;TRX-X4JFCK7Q;09/05/2025;Rian Hidayat;user611@example.com;Member;Meja Kerja Minimalis;Furniture;1200000;3;Transfer Bank;3600000;0;3600000;Makassar;Sulawesi Selatan
6a118f6afad9326442663b40;TRX-IURZX903;26/10/2025;Andi Wijaya;user612@example.com;Member;Kursi Gaming Premium;Furniture;2500000;2;Kartu Kredit;5000000;0;5000000;Bandung;Jawa Barat
6a118f6afad9326442663b41;TRX-YY8V9RIA;09/05/2026;Jono Adriansyah;user613@example.com;Member;Kemeja Flanel Oversize;Fashion;250000;2;Kartu Kredit;500000;0;500000;Makassar;Sulawesi Selatan
6a118f6afad9326442663b42;TRX-85ET6W81;01/09/2025;Novianti;user614@example.com;Member;Kopi Susu Gula Aren 1L;Kuliner;65000;1;Kartu Kredit;65000;0;65000;Jakarta;DKI Jakarta
6a118f6afad9326442663b43;TRX-Y3HOBRDN;03/09/2025;Budi Santoso;user615@example.com;Member;Kemeja Flanel Oversize;Fashion;250000;3;COD;750000;0;750000;Medan;Sumatera Utara
6a118f6afad9326442663b44;TRX-SAU68XVO;31/01/2025;Andi Wijaya;user616@example.com;Non-Member;Paket Ayam Bakar Madu;Kuliner;35000;3;Transfer Bank;105000;0;105000;Sukabumi;Jawa Barat
6a118f6afad9326442663b45;TRX-NO89ZW80;25/02/2025;Dewi Lestari;user617@example.com;Non-Member;Meja Kerja Minimalis;Furniture;1200000;2;E-Wallet (OVO/Dana);2400000;0;2400000;Sukabumi;Jawa Barat
6a118f6afad9326442663b46;TRX-WYHPI98T;02/02/2025;Fahmi Idris;user618@example.com;Non-Member;Kopi Susu Gula Aren 1L;Kuliner;65000;2;Transfer Bank;130000;0;130000;Semarang;Jawa Tengah
6a118f6afad9326442663b47;TRX-QSWFQNJA;26/10/2025;Andi Wijaya;user619@example.com;Member;Smartphone Samsung S24;Elektronik;13000000;1;COD;13000000;0;13000000;Medan;Sumatera Utara
6a118f6afad9326442663b48;TRX-A7SV9RAX;13/01/2025;Siti Aminah;user620@example.com;Member;Paket Ayam Bakar Madu;Kuliner;35000;2;Transfer Bank;70000;0;70000;Semarang;Jawa Tengah
6a118f6afad9326442663b49;TRX-8XJ6VC3M;27/04/2026;Jono Adriansyah;user621@example.com;Non-Member;Paket Ayam Bakar Madu;Kuliner;35000;3;Transfer Bank;105000;0;105000;Medan;Sumatera Utara
6a118f6afad9326442663b4a;TRX-UVPRLSFO;21/12/2025;Eko Prasetyo;user622@example.com;Non-Member;Sepatu Sneaker Lokal;Fashion;450000;3;COD;1350000;0;1350000;Makassar;Sulawesi Selatan
6a118f6afad9326442663b4b;TRX-LUZ1PGJ8;06/03/2026;Andi Wijaya;user623@example.com;Member;Kopi Susu Gula Aren 1L;Kuliner;65000;3;Transfer Bank;195000;0;195000;Bandung;Jawa Barat
6a118f6afad9326442663b4c;TRX-HXKU3T75;03/05/2025;Eko Prasetyo;user624@example.com;Non-Member;Kemeja Flanel Oversize;Fashion;250000;4;COD;1000000;0;1000000;Sukabumi;Jawa Barat
6a118f6afad9326442663b4d;TRX-OCCD0TWY;21/05/2025;Jono Adriansyah;user625@example.com;Member;Paket Ayam Bakar Madu;Kuliner;35000;2;Kartu Kredit;70000;0;70000;Bandung;Jawa Barat
6a118f6afad9326442663b4e;TRX-V0Q2I1SW;17/09/2025;Andi Wijaya;user626@example.com;Member;Kursi Gaming Premium;Furniture;2500000;4;COD;10000000;0;10000000;Makassar;Sulawesi Selatan
6a118f6afad9326442663b4f;TRX-CTWN8PUI;21/05/2026;Dewi Lestari;user627@example.com;Non-Member;Laptop ASUS ROG;Elektronik;20000000;4;COD;80000000;0;80000000;Sukabumi;Jawa Barat
6a118f6afad9326442663b50;TRX-25YY6QB9;31/01/2025;Novianti;user628@example.com;Member;Kopi Susu Gula Aren 1L;Kuliner;65000;1;COD;65000;0;65000;Jakarta;DKI Jakarta
6a118f6afad9326442663b51;TRX-RBN9FXDV;10/07/2025;Andi Wijaya;user629@example.com;Non-Member;Sepatu Sneaker Lokal;Fashion;450000;1;E-Wallet (OVO/Dana);450000;0;450000;Jakarta;DKI Jakarta
6a118f6afad9326442663b52;TRX-BYKG6PN1;04/06/2025;Eko Prasetyo;user630@example.com;Non-Member;Kursi Gaming Premium;Furniture;2500000;1;Transfer Bank;2500000;0;2500000;Makassar;Sulawesi Selatan
6a118f6afad9326442663b53;TRX-UO26DP5C;13/02/2025;Rian Hidayat;user631@example.com;Member;Kopi Susu Gula Aren 1L;Kuliner;65000;3;E-Wallet (OVO/Dana);195000;0;195000;Medan;Sumatera Utara
6a118f6afad9326442663b54;TRX-79E7PADS;21/05/2026;Andi Wijaya;user632@example.com;Non-Member;Kursi Gaming Premium;Furniture;2500000;4;E-Wallet (OVO/Dana);10000000;0;10000000;Semarang;Jawa Tengah
6a118f6afad9326442663b55;TRX-X0KEUJ35;04/09/2025;Budi Santoso;user633@example.com;Member;Kemeja Flanel Oversize;Fashion;250000;1;Transfer Bank;250000;0;250000;Bandung;Jawa Barat
6a118f6afad9326442663b56;TRX-ZX80V6NQ;03/02/2026;Novianti;user634@example.com;Non-Member;Meja Kerja Minimalis;Furniture;1200000;2;Transfer Bank;2400000;0;2400000;Bandung;Jawa Barat
6a118f6afad9326442663b57;TRX-YI8ZBJM5;21/02/2026;Rian Hidayat;user635@example.com;Non-Member;Meja Kerja Minimalis;Furniture;1200000;1;Kartu Kredit;1200000;0;1200000;Surabaya;Jawa Timur
6a118f6afad9326442663b58;TRX-3S852Z57;08/08/2025;Andi Wijaya;user636@example.com;Member;Kemeja Flanel Oversize;Fashion;250000;1;Kartu Kredit;250000;0;250000;Jakarta;DKI Jakarta
6a118f6afad9326442663b59;TRX-4L9GRF2B;26/01/2026;Jono Adriansyah;user637@example.com;Member;Paket Ayam Bakar Madu;Kuliner;35000;2;Kartu Kredit;70000;0;70000;Bandung;Jawa Barat
6a118f6afad9326442663b5a;TRX-6MJB4LYG;11/01/2025;Rian Hidayat;user638@example.com;Non-Member;Kopi Susu Gula Aren 1L;Kuliner;65000;4;Kartu Kredit;260000;0;260000;Sukabumi;Jawa Barat
6a118f6afad9326442663b5b;TRX-8Z6RY0LL;22/05/2025;Fahmi Idris;user639@example.com;Non-Member;Kursi Gaming Premium;Furniture;2500000;2;Transfer Bank;5000000;0;5000000;Medan;Sumatera Utara
6a118f6afad9326442663b5c;TRX-XGUS996Q;19/01/2026;Eko Prasetyo;user640@example.com;Member;Sepatu Sneaker Lokal;Fashion;450000;3;E-Wallet (OVO/Dana);1350000;0;1350000;Surabaya;Jawa Timur
6a118f6afad9326442663b5d;TRX-NOG4TV11;06/06/2025;Andi Wijaya;user641@example.com;Non-Member;Meja Kerja Minimalis;Furniture;1200000;3;Transfer Bank;3600000;0;3600000;Semarang;Jawa Tengah
6a118f6afad9326442663b5e;TRX-0Y1A33DJ;04/03/2026;Dewi Lestari;user642@example.com;Member;Sepatu Sneaker Lokal;Fashion;450000;4;Kartu Kredit;1800000;0;1800000;Semarang;Jawa Tengah
6a118f6afad9326442663b5f;TRX-ONE73EWW;20/04/2026;Siti Aminah;user643@example.com;Member;Kursi Gaming Premium;Furniture;2500000;2;E-Wallet (OVO/Dana);5000000;0;5000000;Makassar;Sulawesi Selatan
6a118f6afad9326442663b60;TRX-0PMHFAWR;25/03/2025;Fahmi Idris;user644@example.com;Non-Member;Kursi Gaming Premium;Furniture;2500000;2;COD;5000000;0;5000000;Medan;Sumatera Utara
6a118f6afad9326442663b61;TRX-5IGYDVIJ;17/05/2026;Rian Hidayat;user645@example.com;Non-Member;Laptop ASUS ROG;Elektronik;20000000;2;Kartu Kredit;40000000;0;40000000;Semarang;Jawa Tengah
6a118f6afad9326442663b62;TRX-2OF52WKH;03/04/2026;Mega Pertiwi;user646@example.com;Member;Kopi Susu Gula Aren 1L;Kuliner;65000;3;Kartu Kredit;195000;0;195000;Bandung;Jawa Barat
6a118f6afad9326442663b63;TRX-VP3FPFIA;11/01/2026;Jono Adriansyah;user647@example.com;Member;Meja Kerja Minimalis;Furniture;1200000;1;Kartu Kredit;1200000;0;1200000;Jakarta;DKI Jakarta
6a118f6afad9326442663b64;TRX-R0WEFPZ8;02/04/2025;Fahmi Idris;user648@example.com;Member;Meja Kerja Minimalis;Furniture;1200000;4;COD;4800000;0;4800000;Sukabumi;Jawa Barat
6a118f6afad9326442663b65;TRX-34GHMGP2;01/01/2026;Rian Hidayat;user649@example.com;Non-Member;Smartphone Samsung S24;Elektronik;13000000;3;Transfer Bank;39000000;0;39000000;Sukabumi;Jawa Barat
6a118f6afad9326442663b66;TRX-ORFBTGUM;22/08/2025;Eko Prasetyo;user650@example.com;Non-Member;Smartphone Samsung S24;Elektronik;13000000;4;COD;52000000;0;52000000;Medan;Sumatera Utara
6a118f6afad9326442663b67;TRX-BC9BM4CT;12/02/2026;Rian Hidayat;user651@example.com;Member;Laptop ASUS ROG;Elektronik;20000000;3;COD;60000000;0;60000000;Jakarta;DKI Jakarta
6a118f6afad9326442663b68;TRX-AOY9T6GM;17/02/2026;Rian Hidayat;user652@example.com;Non-Member;Smartphone Samsung S24;Elektronik;13000000;3;COD;39000000;0;39000000;Bandung;Jawa Barat
6a118f6afad9326442663b69;TRX-J8AO4P7P;18/10/2025;Eko Prasetyo;user653@example.com;Member;Sepatu Sneaker Lokal;Fashion;450000;3;COD;1350000;0;1350000;Bandung;Jawa Barat
6a118f6afad9326442663b6a;TRX-ANZOAKHL;14/05/2026;Siti Aminah;user654@example.com;Member;Smartphone Samsung S24;Elektronik;13000000;2;COD;26000000;0;26000000;Bandung;Jawa Barat
6a118f6afad9326442663b6b;TRX-87HLG8H6;20/02/2025;Siti Aminah;user655@example.com;Member;Paket Ayam Bakar Madu;Kuliner;35000;4;E-Wallet (OVO/Dana);140000;0;140000;Surabaya;Jawa Timur
6a118f6afad9326442663b6c;TRX-WYVZVZGW;26/12/2025;Siti Aminah;user656@example.com;Member;Laptop ASUS ROG;Elektronik;20000000;4;Kartu Kredit;80000000;0;80000000;Semarang;Jawa Tengah
6a118f6afad9326442663b6d;TRX-1B6OSVFQ;19/04/2026;Novianti;user657@example.com;Non-Member;Kemeja Flanel Oversize;Fashion;250000;4;COD;1000000;0;1000000;Surabaya;Jawa Timur
6a118f6afad9326442663b6e;TRX-ZHSX9IUX;05/03/2026;Novianti;user658@example.com;Member;Kursi Gaming Premium;Furniture;2500000;4;E-Wallet (OVO/Dana);10000000;0;10000000;Makassar;Sulawesi Selatan
6a118f6afad9326442663b6f;TRX-QAJDTTSI;18/02/2025;Mega Pertiwi;user659@example.com;Member;Kopi Susu Gula Aren 1L;Kuliner;65000;2;Transfer Bank;130000;0;130000;Bandung;Jawa Barat
6a118f6afad9326442663b70;TRX-EB6NAMJ3;18/12/2025;Mega Pertiwi;user660@example.com;Non-Member;Sepatu Sneaker Lokal;Fashion;450000;4;COD;1800000;0;1800000;Surabaya;Jawa Timur
6a118f6afad9326442663b71;TRX-K5MK44EN;16/03/2025;Siti Aminah;user661@example.com;Member;Kemeja Flanel Oversize;Fashion;250000;1;Kartu Kredit;250000;0;250000;Surabaya;Jawa Timur
6a118f6afad9326442663b72;TRX-ZKGL6ZCK;23/09/2025;Siti Aminah;user662@example.com;Member;Meja Kerja Minimalis;Furniture;1200000;4;COD;4800000;0;4800000;Bandung;Jawa Barat
6a118f6afad9326442663b73;TRX-4DZLD7CP;06/01/2025;Dewi Lestari;user663@example.com;Member;Sepatu Sneaker Lokal;Fashion;450000;2;COD;900000;0;900000;Makassar;Sulawesi Selatan
6a118f6afad9326442663b74;TRX-S6NC2BQG;21/03/2026;Budi Santoso;user664@example.com;Member;Kopi Susu Gula Aren 1L;Kuliner;65000;3;Transfer Bank;195000;0;195000;Makassar;Sulawesi Selatan
6a118f6afad9326442663b75;TRX-1F9XNY4W;22/01/2025;Andi Wijaya;user665@example.com;Non-Member;Smartphone Samsung S24;Elektronik;13000000;1;Kartu Kredit;13000000;0;13000000;Makassar;Sulawesi Selatan
6a118f6afad9326442663b76;TRX-L0LYM75S;27/01/2026;Andi Wijaya;user666@example.com;Member;Kursi Gaming Premium;Furniture;2500000;1;Transfer Bank;2500000;0;2500000;Semarang;Jawa Tengah
6a118f6afad9326442663b77;TRX-006XN9E8;10/09/2025;Andi Wijaya;user667@example.com;Member;Kemeja Flanel Oversize;Fashion;250000;1;Transfer Bank;250000;0;250000;Sukabumi;Jawa Barat
6a118f6afad9326442663b78;TRX-U8KPDTKZ;02/02/2025;Budi Santoso;user668@example.com;Non-Member;Meja Kerja Minimalis;Furniture;1200000;3;COD;3600000;0;3600000;Surabaya;Jawa Timur
6a118f6afad9326442663b79;TRX-9HOBAMA1;05/01/2026;Siti Aminah;user669@example.com;Member;Kemeja Flanel Oversize;Fashion;250000;4;COD;1000000;0;1000000;Jakarta;DKI Jakarta
6a118f6afad9326442663b7a;TRX-YG4AX6MK;15/02/2026;Jono Adriansyah;user670@example.com;Non-Member;Sepatu Sneaker Lokal;Fashion;450000;1;Kartu Kredit;450000;0;450000;Surabaya;Jawa Timur
6a118f6afad9326442663b7b;TRX-E66OUY0E;16/03/2026;Andi Wijaya;user671@example.com;Non-Member;Paket Ayam Bakar Madu;Kuliner;35000;2;Transfer Bank;70000;0;70000;Medan;Sumatera Utara
6a118f6afad9326442663b7c;TRX-8PNA8598;27/01/2026;Jono Adriansyah;user672@example.com;Non-Member;Paket Ayam Bakar Madu;Kuliner;35000;2;Transfer Bank;70000;0;70000;Surabaya;Jawa Timur
6a118f6afad9326442663b7d;TRX-FP9TO7F0;24/06/2025;Novianti;user673@example.com;Non-Member;Kopi Susu Gula Aren 1L;Kuliner;65000;2;Transfer Bank;130000;0;130000;Semarang;Jawa Tengah
6a118f6afad9326442663b7e;TRX-U8WLJ2HU;11/03/2026;Rian Hidayat;user674@example.com;Member;Sepatu Sneaker Lokal;Fashion;450000;1;Kartu Kredit;450000;0;450000;Semarang;Jawa Tengah
6a118f6afad9326442663b7f;TRX-5GZMHRIF;19/01/2026;Siti Aminah;user675@example.com;Member;Sepatu Sneaker Lokal;Fashion;450000;2;Kartu Kredit;900000;0;900000;Semarang;Jawa Tengah
6a118f6afad9326442663b80;TRX-MC9RNLSM;05/03/2026;Budi Santoso;user676@example.com;Member;Smartphone Samsung S24;Elektronik;13000000;4;E-Wallet (OVO/Dana);52000000;0;52000000;Medan;Sumatera Utara
6a118f6afad9326442663b81;TRX-2HQI6YGS;25/05/2026;Budi Santoso;user677@example.com;Non-Member;Kursi Gaming Premium;Furniture;2500000;1;COD;2500000;0;2500000;Semarang;Jawa Tengah
6a118f6afad9326442663b82;TRX-NJNL34QE;05/08/2025;Eko Prasetyo;user678@example.com;Non-Member;Smartphone Samsung S24;Elektronik;13000000;2;Transfer Bank;26000000;0;26000000;Semarang;Jawa Tengah
6a118f6afad9326442663b83;TRX-B6HNYMZR;02/03/2026;Budi Santoso;user679@example.com;Member;Meja Kerja Minimalis;Furniture;1200000;2;Kartu Kredit;2400000;0;2400000;Jakarta;DKI Jakarta
6a118f6afad9326442663b84;TRX-D4KC5HVV;01/08/2025;Rian Hidayat;user680@example.com;Non-Member;Kursi Gaming Premium;Furniture;2500000;2;Transfer Bank;5000000;0;5000000;Bandung;Jawa Barat
6a118f6afad9326442663b85;TRX-UE1VWFGX;22/05/2025;Siti Aminah;user681@example.com;Non-Member;Kopi Susu Gula Aren 1L;Kuliner;65000;2;COD;130000;0;130000;Surabaya;Jawa Timur
6a118f6afad9326442663b86;TRX-DP3ZLF95;25/07/2025;Fahmi Idris;user682@example.com;Member;Sepatu Sneaker Lokal;Fashion;450000;2;Transfer Bank;900000;0;900000;Surabaya;Jawa Timur
6a118f6afad9326442663b87;TRX-K6QP6XM0;18/04/2025;Eko Prasetyo;user683@example.com;Non-Member;Meja Kerja Minimalis;Furniture;1200000;3;Transfer Bank;3600000;0;3600000;Semarang;Jawa Tengah
6a118f6afad9326442663b88;TRX-4RMVDN5J;30/04/2025;Dewi Lestari;user684@example.com;Member;Smartphone Samsung S24;Elektronik;13000000;4;E-Wallet (OVO/Dana);52000000;0;52000000;Surabaya;Jawa Timur
6a118f6afad9326442663b89;TRX-W0LRVRKQ;04/04/2026;Rian Hidayat;user685@example.com;Member;Smartphone Samsung S24;Elektronik;13000000;4;COD;52000000;0;52000000;Bandung;Jawa Barat
6a118f6afad9326442663b8a;TRX-D6K3AEKP;23/03/2026;Siti Aminah;user686@example.com;Non-Member;Sepatu Sneaker Lokal;Fashion;450000;4;E-Wallet (OVO/Dana);1800000;0;1800000;Surabaya;Jawa Timur
6a118f6afad9326442663b8b;TRX-8ER42YIF;02/03/2026;Novianti;user687@example.com;Member;Meja Kerja Minimalis;Furniture;1200000;4;E-Wallet (OVO/Dana);4800000;0;4800000;Medan;Sumatera Utara
6a118f6afad9326442663b8c;TRX-VO67NAX4;03/11/2025;Siti Aminah;user688@example.com;Member;Kopi Susu Gula Aren 1L;Kuliner;65000;1;E-Wallet (OVO/Dana);65000;0;65000;Makassar;Sulawesi Selatan
6a118f6afad9326442663b8d;TRX-A2FBGJ9K;04/01/2026;Rian Hidayat;user689@example.com;Non-Member;Kopi Susu Gula Aren 1L;Kuliner;65000;2;Transfer Bank;130000;0;130000;Bandung;Jawa Barat
6a118f6afad9326442663b8e;TRX-H3MKGX7E;08/04/2026;Dewi Lestari;user690@example.com;Non-Member;Smartphone Samsung S24;Elektronik;13000000;2;Kartu Kredit;26000000;0;26000000;Surabaya;Jawa Timur
6a118f6afad9326442663b8f;TRX-A3OMJ333;25/03/2025;Dewi Lestari;user691@example.com;Non-Member;Kopi Susu Gula Aren 1L;Kuliner;65000;1;E-Wallet (OVO/Dana);65000;0;65000;Makassar;Sulawesi Selatan
6a118f6afad9326442663b90;TRX-6FSJT14J;18/06/2025;Fahmi Idris;user692@example.com;Member;Kursi Gaming Premium;Furniture;2500000;2;Transfer Bank;5000000;0;5000000;Semarang;Jawa Tengah
6a118f6afad9326442663b91;TRX-KG9H2PO3;06/05/2026;Novianti;user693@example.com;Non-Member;Kemeja Flanel Oversize;Fashion;250000;1;Kartu Kredit;250000;0;250000;Medan;Sumatera Utara
6a118f6afad9326442663b92;TRX-PM7ZGCVE;25/04/2025;Eko Prasetyo;user694@example.com;Non-Member;Meja Kerja Minimalis;Furniture;1200000;1;COD;1200000;0;1200000;Surabaya;Jawa Timur
6a118f6afad9326442663b93;TRX-YBOIZC0S;13/02/2026;Rian Hidayat;user695@example.com;Member;Kemeja Flanel Oversize;Fashion;250000;2;E-Wallet (OVO/Dana);500000;0;500000;Medan;Sumatera Utara
6a118f6afad9326442663b94;TRX-6MN0T073;26/03/2025;Novianti;user696@example.com;Non-Member;Smartphone Samsung S24;Elektronik;13000000;3;Kartu Kredit;39000000;0;39000000;Semarang;Jawa Tengah
6a118f6afad9326442663b95;TRX-C0WUIOZH;04/09/2025;Eko Prasetyo;user697@example.com;Member;Kemeja Flanel Oversize;Fashion;250000;3;E-Wallet (OVO/Dana);750000;0;750000;Makassar;Sulawesi Selatan
6a118f6afad9326442663b96;TRX-69Z3EESK;01/02/2026;Eko Prasetyo;user698@example.com;Non-Member;Smartphone Samsung S24;Elektronik;13000000;3;Kartu Kredit;39000000;0;39000000;Makassar;Sulawesi Selatan
6a118f6afad9326442663b97;TRX-K0TNWOF3;09/08/2025;Jono Adriansyah;user699@example.com;Member;Smartphone Samsung S24;Elektronik;13000000;3;Transfer Bank;39000000;0;39000000;Medan;Sumatera Utara
6a118f6afad9326442663b98;TRX-ZCXA8RJH;15/09/2025;Eko Prasetyo;user700@example.com;Member;Kopi Susu Gula Aren 1L;Kuliner;65000;3;E-Wallet (OVO/Dana);195000;0;195000;Sukabumi;Jawa Barat
6a118f6afad9326442663b99;TRX-BCW15000;08/05/2025;Fahmi Idris;user701@example.com;Member;Smartphone Samsung S24;Elektronik;13000000;3;COD;39000000;0;39000000;Medan;Sumatera Utara
6a118f6afad9326442663b9a;TRX-V9Z0C7HE;16/02/2025;Mega Pertiwi;user702@example.com;Non-Member;Kemeja Flanel Oversize;Fashion;250000;1;Kartu Kredit;250000;0;250000;Medan;Sumatera Utara
6a118f6afad9326442663b9b;TRX-4W1GVVGX;15/05/2025;Jono Adriansyah;user703@example.com;Non-Member;Paket Ayam Bakar Madu;Kuliner;35000;4;E-Wallet (OVO/Dana);140000;0;140000;Medan;Sumatera Utara
6a118f6afad9326442663b9c;TRX-M2EA2V2H;11/08/2025;Dewi Lestari;user704@example.com;Member;Kemeja Flanel Oversize;Fashion;250000;3;E-Wallet (OVO/Dana);750000;0;750000;Surabaya;Jawa Timur
6a118f6afad9326442663b9d;TRX-8DBI4MJZ;18/12/2025;Mega Pertiwi;user705@example.com;Member;Laptop ASUS ROG;Elektronik;20000000;4;COD;80000000;0;80000000;Makassar;Sulawesi Selatan
6a118f6afad9326442663b9e;TRX-5QZ3Q0LN;15/04/2025;Rian Hidayat;user706@example.com;Non-Member;Kopi Susu Gula Aren 1L;Kuliner;65000;3;E-Wallet (OVO/Dana);195000;0;195000;Semarang;Jawa Tengah
6a118f6afad9326442663b9f;TRX-ALLM4W8M;21/03/2025;Rian Hidayat;user707@example.com;Member;Kopi Susu Gula Aren 1L;Kuliner;65000;4;E-Wallet (OVO/Dana);260000;0;260000;Medan;Sumatera Utara
6a118f6afad9326442663ba0;TRX-NA7XRF6O;16/09/2025;Fahmi Idris;user708@example.com;Non-Member;Laptop ASUS ROG;Elektronik;20000000;4;COD;80000000;0;80000000;Surabaya;Jawa Timur
6a118f6afad9326442663ba1;TRX-HUCL8TZY;12/07/2025;Budi Santoso;user709@example.com;Member;Sepatu Sneaker Lokal;Fashion;450000;3;COD;1350000;0;1350000;Semarang;Jawa Tengah
6a118f6afad9326442663ba2;TRX-54WWGJQX;19/02/2026;Siti Aminah;user710@example.com;Member;Smartphone Samsung S24;Elektronik;13000000;4;COD;52000000;0;52000000;Makassar;Sulawesi Selatan
6a118f6afad9326442663ba3;TRX-6FCNBY0G;03/05/2026;Rian Hidayat;user711@example.com;Non-Member;Smartphone Samsung S24;Elektronik;13000000;2;COD;26000000;0;26000000;Surabaya;Jawa Timur
6a118f6afad9326442663ba4;TRX-H6Z2XN15;04/08/2025;Budi Santoso;user712@example.com;Member;Kursi Gaming Premium;Furniture;2500000;1;E-Wallet (OVO/Dana);2500000;0;2500000;Jakarta;DKI Jakarta
6a118f6afad9326442663ba5;TRX-O9OAG49S;27/07/2025;Mega Pertiwi;user713@example.com;Member;Paket Ayam Bakar Madu;Kuliner;35000;4;Transfer Bank;140000;0;140000;Semarang;Jawa Tengah
6a118f6afad9326442663ba6;TRX-3PA74IVK;28/02/2026;Rian Hidayat;user714@example.com;Non-Member;Kemeja Flanel Oversize;Fashion;250000;1;E-Wallet (OVO/Dana);250000;0;250000;Surabaya;Jawa Timur
6a118f6afad9326442663ba7;TRX-P7PX1YNP;01/09/2025;Eko Prasetyo;user715@example.com;Non-Member;Meja Kerja Minimalis;Furniture;1200000;4;Kartu Kredit;4800000;0;4800000;Makassar;Sulawesi Selatan
6a118f6afad9326442663ba8;TRX-4JRPW0GR;05/07/2025;Novianti;user716@example.com;Non-Member;Paket Ayam Bakar Madu;Kuliner;35000;3;COD;105000;0;105000;Bandung;Jawa Barat
6a118f6afad9326442663ba9;TRX-U2V1LV1V;25/12/2025;Andi Wijaya;user717@example.com;Non-Member;Smartphone Samsung S24;Elektronik;13000000;2;E-Wallet (OVO/Dana);26000000;0;26000000;Bandung;Jawa Barat
6a118f6afad9326442663baa;TRX-2SNNB4T6;08/04/2026;Andi Wijaya;user718@example.com;Member;Meja Kerja Minimalis;Furniture;1200000;3;COD;3600000;0;3600000;Medan;Sumatera Utara
6a118f6afad9326442663bab;TRX-16XEOA9V;11/10/2025;Rian Hidayat;user719@example.com;Member;Sepatu Sneaker Lokal;Fashion;450000;3;COD;1350000;0;1350000;Sukabumi;Jawa Barat
6a118f6afad9326442663bac;TRX-OK2M44IC;07/05/2026;Siti Aminah;user720@example.com;Non-Member;Laptop ASUS ROG;Elektronik;20000000;2;Kartu Kredit;40000000;0;40000000;Sukabumi;Jawa Barat
6a118f6afad9326442663bad;TRX-BTXLO8PB;09/04/2025;Rian Hidayat;user721@example.com;Member;Laptop ASUS ROG;Elektronik;20000000;4;COD;80000000;0;80000000;Semarang;Jawa Tengah
6a118f6afad9326442663bae;TRX-NZ40VVJQ;24/03/2025;Budi Santoso;user722@example.com;Non-Member;Smartphone Samsung S24;Elektronik;13000000;2;E-Wallet (OVO/Dana);26000000;0;26000000;Surabaya;Jawa Timur
6a118f6afad9326442663baf;TRX-KM1HMIAJ;23/07/2025;Andi Wijaya;user723@example.com;Non-Member;Meja Kerja Minimalis;Furniture;1200000;2;COD;2400000;0;2400000;Surabaya;Jawa Timur
6a118f6afad9326442663bb0;TRX-SM7KF6YE;01/06/2025;Eko Prasetyo;user724@example.com;Member;Meja Kerja Minimalis;Furniture;1200000;4;E-Wallet (OVO/Dana);4800000;0;4800000;Medan;Sumatera Utara
6a118f6afad9326442663bb1;TRX-TWEJW38I;22/06/2025;Siti Aminah;user725@example.com;Member;Smartphone Samsung S24;Elektronik;13000000;4;COD;52000000;0;52000000;Makassar;Sulawesi Selatan
6a118f6afad9326442663bb2;TRX-10TPV5O1;26/10/2025;Andi Wijaya;user726@example.com;Non-Member;Meja Kerja Minimalis;Furniture;1200000;2;E-Wallet (OVO/Dana);2400000;0;2400000;Makassar;Sulawesi Selatan
6a118f6afad9326442663bb3;TRX-7CHYSFL4;05/10/2025;Dewi Lestari;user727@example.com;Member;Kemeja Flanel Oversize;Fashion;250000;2;COD;500000;0;500000;Surabaya;Jawa Timur
6a118f6afad9326442663bb4;TRX-ALSGGUX1;14/03/2025;Eko Prasetyo;user728@example.com;Member;Smartphone Samsung S24;Elektronik;13000000;2;COD;26000000;0;26000000;Bandung;Jawa Barat
6a118f6afad9326442663bb5;TRX-FHQ3WXK7;06/03/2026;Eko Prasetyo;user729@example.com;Member;Sepatu Sneaker Lokal;Fashion;450000;1;COD;450000;0;450000;Jakarta;DKI Jakarta
6a118f6afad9326442663bb6;TRX-0PRM5XIX;17/01/2026;Jono Adriansyah;user730@example.com;Member;Sepatu Sneaker Lokal;Fashion;450000;2;Transfer Bank;900000;0;900000;Makassar;Sulawesi Selatan
6a118f6afad9326442663bb7;TRX-547E106U;01/05/2026;Mega Pertiwi;user731@example.com;Non-Member;Laptop ASUS ROG;Elektronik;20000000;4;E-Wallet (OVO/Dana);80000000;0;80000000;Makassar;Sulawesi Selatan
6a118f6afad9326442663bb8;TRX-8E8FUMF7;15/12/2025;Mega Pertiwi;user732@example.com;Member;Laptop ASUS ROG;Elektronik;20000000;4;COD;80000000;0;80000000;Medan;Sumatera Utara
6a118f6afad9326442663bb9;TRX-TRDFB1FS;04/09/2025;Siti Aminah;user733@example.com;Member;Smartphone Samsung S24;Elektronik;13000000;1;E-Wallet (OVO/Dana);13000000;0;13000000;Bandung;Jawa Barat
6a118f6afad9326442663bba;TRX-I1XBEVU9;25/07/2025;Andi Wijaya;user734@example.com;Non-Member;Kopi Susu Gula Aren 1L;Kuliner;65000;3;Transfer Bank;195000;0;195000;Surabaya;Jawa Timur
6a118f6afad9326442663bbb;TRX-RVOMEB4W;11/10/2025;Jono Adriansyah;user735@example.com;Non-Member;Paket Ayam Bakar Madu;Kuliner;35000;3;COD;105000;0;105000;Bandung;Jawa Barat
6a118f6afad9326442663bbc;TRX-Z2AY5ABE;13/07/2025;Fahmi Idris;user736@example.com;Non-Member;Paket Ayam Bakar Madu;Kuliner;35000;3;COD;105000;0;105000;Surabaya;Jawa Timur
6a118f6afad9326442663bbd;TRX-JHI5CZ5V;16/10/2025;Siti Aminah;user737@example.com;Non-Member;Meja Kerja Minimalis;Furniture;1200000;3;E-Wallet (OVO/Dana);3600000;0;3600000;Semarang;Jawa Tengah
6a118f6afad9326442663bbe;TRX-LQD0O9CD;27/02/2026;Rian Hidayat;user738@example.com;Non-Member;Smartphone Samsung S24;Elektronik;13000000;3;Kartu Kredit;39000000;0;39000000;Jakarta;DKI Jakarta
6a118f6afad9326442663bbf;TRX-OSZ24LKB;27/03/2026;Rian Hidayat;user739@example.com;Non-Member;Kemeja Flanel Oversize;Fashion;250000;3;E-Wallet (OVO/Dana);750000;0;750000;Jakarta;DKI Jakarta
6a118f6afad9326442663bc0;TRX-7I811E3I;09/05/2025;Andi Wijaya;user740@example.com;Member;Laptop ASUS ROG;Elektronik;20000000;4;Transfer Bank;80000000;0;80000000;Surabaya;Jawa Timur
6a118f6afad9326442663bc1;TRX-ZQGI7MW0;27/04/2026;Budi Santoso;user741@example.com;Non-Member;Meja Kerja Minimalis;Furniture;1200000;2;Transfer Bank;2400000;0;2400000;Makassar;Sulawesi Selatan
6a118f6afad9326442663bc2;TRX-AMK8M1B2;11/02/2025;Dewi Lestari;user742@example.com;Non-Member;Kursi Gaming Premium;Furniture;2500000;1;Kartu Kredit;2500000;0;2500000;Semarang;Jawa Tengah
6a118f6afad9326442663bc3;TRX-U7E9ZM2B;25/09/2025;Eko Prasetyo;user743@example.com;Member;Laptop ASUS ROG;Elektronik;20000000;2;Kartu Kredit;40000000;0;40000000;Makassar;Sulawesi Selatan
6a118f6afad9326442663bc4;TRX-BO1VYXTF;14/01/2025;Mega Pertiwi;user744@example.com;Member;Smartphone Samsung S24;Elektronik;13000000;2;Kartu Kredit;26000000;0;26000000;Surabaya;Jawa Timur
6a118f6afad9326442663bc5;TRX-2W7Q5TWQ;28/02/2025;Andi Wijaya;user745@example.com;Non-Member;Kursi Gaming Premium;Furniture;2500000;3;Transfer Bank;7500000;0;7500000;Jakarta;DKI Jakarta
6a118f6afad9326442663bc6;TRX-ZAEJIF05;10/02/2026;Dewi Lestari;user746@example.com;Member;Paket Ayam Bakar Madu;Kuliner;35000;2;E-Wallet (OVO/Dana);70000;0;70000;Medan;Sumatera Utara
6a118f6afad9326442663bc7;TRX-WV0K50BD;25/06/2025;Jono Adriansyah;user747@example.com;Non-Member;Laptop ASUS ROG;Elektronik;20000000;3;Transfer Bank;60000000;0;60000000;Surabaya;Jawa Timur
6a118f6afad9326442663bc8;TRX-MOZ6SUDQ;06/08/2025;Novianti;user748@example.com;Non-Member;Smartphone Samsung S24;Elektronik;13000000;3;Kartu Kredit;39000000;0;39000000;Makassar;Sulawesi Selatan
6a118f6afad9326442663bc9;TRX-OL1KPR6R;11/11/2025;Rian Hidayat;user749@example.com;Member;Smartphone Samsung S24;Elektronik;13000000;2;Transfer Bank;26000000;0;26000000;Bandung;Jawa Barat
6a118f6afad9326442663bca;TRX-5N4AIX4N;07/03/2026;Novianti;user750@example.com;Member;Laptop ASUS ROG;Elektronik;20000000;2;Transfer Bank;40000000;0;40000000;Sukabumi;Jawa Barat
6a118f6afad9326442663bcb;TRX-CGYQF9DM;14/01/2025;Fahmi Idris;user751@example.com;Non-Member;Smartphone Samsung S24;Elektronik;13000000;2;E-Wallet (OVO/Dana);26000000;0;26000000;Makassar;Sulawesi Selatan
6a118f6afad9326442663bcc;TRX-P0IHGDDV;27/05/2026;Mega Pertiwi;user752@example.com;Member;Kemeja Flanel Oversize;Fashion;250000;2;Transfer Bank;500000;0;500000;Sukabumi;Jawa Barat
6a118f6afad9326442663bcd;TRX-KN4FOBV6;04/08/2025;Dewi Lestari;user753@example.com;Member;Sepatu Sneaker Lokal;Fashion;450000;4;Transfer Bank;1800000;0;1800000;Surabaya;Jawa Timur
6a118f6afad9326442663bce;TRX-JLS97W56;23/08/2025;Budi Santoso;user754@example.com;Non-Member;Meja Kerja Minimalis;Furniture;1200000;3;Transfer Bank;3600000;0;3600000;Sukabumi;Jawa Barat
6a118f6afad9326442663bcf;TRX-MM45BI7Q;13/02/2026;Fahmi Idris;user755@example.com;Member;Meja Kerja Minimalis;Furniture;1200000;3;Kartu Kredit;3600000;0;3600000;Bandung;Jawa Barat
6a118f6afad9326442663bd0;TRX-WIHRAHRX;04/06/2025;Fahmi Idris;user756@example.com;Non-Member;Kemeja Flanel Oversize;Fashion;250000;4;E-Wallet (OVO/Dana);1000000;0;1000000;Jakarta;DKI Jakarta
6a118f6afad9326442663bd1;TRX-8ILJ9QDR;26/04/2025;Siti Aminah;user757@example.com;Non-Member;Sepatu Sneaker Lokal;Fashion;450000;1;COD;450000;0;450000;Surabaya;Jawa Timur
6a118f6afad9326442663bd2;TRX-H51K7J9W;14/09/2025;Jono Adriansyah;user758@example.com;Member;Smartphone Samsung S24;Elektronik;13000000;3;Kartu Kredit;39000000;0;39000000;Sukabumi;Jawa Barat
6a118f6afad9326442663bd3;TRX-UX3ESGHK;10/03/2025;Dewi Lestari;user759@example.com;Non-Member;Kopi Susu Gula Aren 1L;Kuliner;65000;3;Transfer Bank;195000;0;195000;Sukabumi;Jawa Barat
6a118f6afad9326442663bd4;TRX-0V1OUSKY;23/07/2025;Eko Prasetyo;user760@example.com;Non-Member;Kursi Gaming Premium;Furniture;2500000;3;E-Wallet (OVO/Dana);7500000;0;7500000;Jakarta;DKI Jakarta
6a118f6afad9326442663bd5;TRX-56ENXI9C;16/08/2025;Rian Hidayat;user761@example.com;Non-Member;Smartphone Samsung S24;Elektronik;13000000;1;E-Wallet (OVO/Dana);13000000;0;13000000;Medan;Sumatera Utara
6a118f6afad9326442663bd6;TRX-VL2P430O;09/09/2025;Eko Prasetyo;user762@example.com;Member;Sepatu Sneaker Lokal;Fashion;450000;2;E-Wallet (OVO/Dana);900000;0;900000;Medan;Sumatera Utara
6a118f6afad9326442663bd7;TRX-ZEC9L83L;03/11/2025;Dewi Lestari;user763@example.com;Non-Member;Meja Kerja Minimalis;Furniture;1200000;1;E-Wallet (OVO/Dana);1200000;0;1200000;Bandung;Jawa Barat
6a118f6afad9326442663bd8;TRX-WQCCYOBS;16/10/2025;Dewi Lestari;user764@example.com;Non-Member;Kopi Susu Gula Aren 1L;Kuliner;65000;1;E-Wallet (OVO/Dana);65000;0;65000;Sukabumi;Jawa Barat
6a118f6afad9326442663bd9;TRX-HJV69QL9;08/03/2026;Mega Pertiwi;user765@example.com;Non-Member;Smartphone Samsung S24;Elektronik;13000000;3;Kartu Kredit;39000000;0;39000000;Semarang;Jawa Tengah
6a118f6afad9326442663bda;TRX-37BMV8IH;10/03/2025;Fahmi Idris;user766@example.com;Non-Member;Meja Kerja Minimalis;Furniture;1200000;1;Transfer Bank;1200000;0;1200000;Surabaya;Jawa Timur
6a118f6afad9326442663bdb;TRX-SRLI5TBM;13/02/2026;Novianti;user767@example.com;Non-Member;Laptop ASUS ROG;Elektronik;20000000;3;E-Wallet (OVO/Dana);60000000;0;60000000;Bandung;Jawa Barat
6a118f6afad9326442663bdc;TRX-IVHWOGPH;24/04/2025;Eko Prasetyo;user768@example.com;Non-Member;Meja Kerja Minimalis;Furniture;1200000;4;Kartu Kredit;4800000;0;4800000;Jakarta;DKI Jakarta
6a118f6afad9326442663bdd;TRX-36OGMQA8;22/10/2025;Novianti;user769@example.com;Non-Member;Sepatu Sneaker Lokal;Fashion;450000;3;E-Wallet (OVO/Dana);1350000;0;1350000;Jakarta;DKI Jakarta
6a118f6afad9326442663bde;TRX-RGMAK2CI;24/06/2025;Fahmi Idris;user770@example.com;Member;Kemeja Flanel Oversize;Fashion;250000;1;Transfer Bank;250000;0;250000;Semarang;Jawa Tengah
6a118f6afad9326442663bdf;TRX-UUMXTGWJ;27/12/2025;Dewi Lestari;user771@example.com;Non-Member;Kursi Gaming Premium;Furniture;2500000;3;Kartu Kredit;7500000;0;7500000;Sukabumi;Jawa Barat
6a118f6afad9326442663be0;TRX-3U10VX55;04/07/2025;Rian Hidayat;user772@example.com;Member;Kursi Gaming Premium;Furniture;2500000;3;Transfer Bank;7500000;0;7500000;Medan;Sumatera Utara
6a118f6afad9326442663be1;TRX-C1S6K1PW;01/03/2025;Budi Santoso;user773@example.com;Non-Member;Kemeja Flanel Oversize;Fashion;250000;1;Transfer Bank;250000;0;250000;Semarang;Jawa Tengah
6a118f6afad9326442663be2;TRX-PVBM1268;18/05/2025;Jono Adriansyah;user774@example.com;Member;Kursi Gaming Premium;Furniture;2500000;4;Kartu Kredit;10000000;0;10000000;Semarang;Jawa Tengah
6a118f6afad9326442663be3;TRX-HVBOJH96;09/10/2025;Dewi Lestari;user775@example.com;Member;Kemeja Flanel Oversize;Fashion;250000;1;E-Wallet (OVO/Dana);250000;0;250000;Jakarta;DKI Jakarta
6a118f6afad9326442663be4;TRX-DAWTRKRK;18/05/2025;Fahmi Idris;user776@example.com;Non-Member;Kursi Gaming Premium;Furniture;2500000;2;E-Wallet (OVO/Dana);5000000;0;5000000;Medan;Sumatera Utara
6a118f6afad9326442663be5;TRX-KDIE3TOX;25/05/2026;Siti Aminah;user777@example.com;Non-Member;Kopi Susu Gula Aren 1L;Kuliner;65000;2;E-Wallet (OVO/Dana);130000;0;130000;Sukabumi;Jawa Barat
6a118f6afad9326442663be6;TRX-D5L7FXA4;12/10/2025;Fahmi Idris;user778@example.com;Non-Member;Paket Ayam Bakar Madu;Kuliner;35000;1;Kartu Kredit;35000;0;35000;Sukabumi;Jawa Barat
6a118f6afad9326442663be7;TRX-CRYMIHZP;22/02/2026;Rian Hidayat;user779@example.com;Non-Member;Kemeja Flanel Oversize;Fashion;250000;1;Transfer Bank;250000;0;250000;Medan;Sumatera Utara
6a118f6afad9326442663be8;TRX-VE0B4AAT;01/01/2026;Siti Aminah;user780@example.com;Member;Meja Kerja Minimalis;Furniture;1200000;2;E-Wallet (OVO/Dana);2400000;0;2400000;Medan;Sumatera Utara
6a118f6afad9326442663be9;TRX-6YC3495A;12/09/2025;Fahmi Idris;user781@example.com;Non-Member;Kopi Susu Gula Aren 1L;Kuliner;65000;2;COD;130000;0;130000;Bandung;Jawa Barat
6a118f6afad9326442663bea;TRX-YX7HIFJ8;02/12/2025;Jono Adriansyah;user782@example.com;Member;Kursi Gaming Premium;Furniture;2500000;2;E-Wallet (OVO/Dana);5000000;0;5000000;Bandung;Jawa Barat
6a118f6afad9326442663beb;TRX-D4CA43AQ;13/04/2025;Dewi Lestari;user783@example.com;Member;Sepatu Sneaker Lokal;Fashion;450000;3;Transfer Bank;1350000;0;1350000;Sukabumi;Jawa Barat
6a118f6afad9326442663bec;TRX-EER583G3;25/03/2025;Andi Wijaya;user784@example.com;Non-Member;Laptop ASUS ROG;Elektronik;20000000;4;Kartu Kredit;80000000;0;80000000;Semarang;Jawa Tengah
6a118f6afad9326442663bed;TRX-5FLWGOGA;18/02/2025;Rian Hidayat;user785@example.com;Member;Sepatu Sneaker Lokal;Fashion;450000;2;E-Wallet (OVO/Dana);900000;0;900000;Surabaya;Jawa Timur
6a118f6afad9326442663bee;TRX-G62KL6R0;12/11/2025;Siti Aminah;user786@example.com;Member;Smartphone Samsung S24;Elektronik;13000000;3;Kartu Kredit;39000000;0;39000000;Bandung;Jawa Barat
6a118f6afad9326442663bef;TRX-ME6TVQI6;13/04/2026;Eko Prasetyo;user787@example.com;Non-Member;Laptop ASUS ROG;Elektronik;20000000;1;COD;20000000;0;20000000;Bandung;Jawa Barat
6a118f6afad9326442663bf0;TRX-U4TE9YFD;09/05/2025;Novianti;user788@example.com;Non-Member;Kursi Gaming Premium;Furniture;2500000;3;E-Wallet (OVO/Dana);7500000;0;7500000;Surabaya;Jawa Timur
6a118f6afad9326442663bf1;TRX-H4CNEYYT;01/01/2025;Rian Hidayat;user789@example.com;Non-Member;Sepatu Sneaker Lokal;Fashion;450000;4;E-Wallet (OVO/Dana);1800000;0;1800000;Makassar;Sulawesi Selatan
6a118f6afad9326442663bf2;TRX-J71T0OTE;27/01/2026;Andi Wijaya;user790@example.com;Member;Kursi Gaming Premium;Furniture;2500000;3;Transfer Bank;7500000;0;7500000;Bandung;Jawa Barat
6a118f6afad9326442663bf3;TRX-0N3F8MJW;07/02/2025;Budi Santoso;user791@example.com;Non-Member;Sepatu Sneaker Lokal;Fashion;450000;2;COD;900000;0;900000;Bandung;Jawa Barat
6a118f6afad9326442663bf4;TRX-DC7JJ9DU;14/02/2025;Dewi Lestari;user792@example.com;Non-Member;Laptop ASUS ROG;Elektronik;20000000;4;E-Wallet (OVO/Dana);80000000;0;80000000;Makassar;Sulawesi Selatan
6a118f6afad9326442663bf5;TRX-R8CJE3BL;07/02/2026;Jono Adriansyah;user793@example.com;Non-Member;Kemeja Flanel Oversize;Fashion;250000;4;Transfer Bank;1000000;0;1000000;Sukabumi;Jawa Barat
6a118f6afad9326442663bf6;TRX-7ZUCTEZA;16/05/2026;Dewi Lestari;user794@example.com;Member;Kemeja Flanel Oversize;Fashion;250000;1;Transfer Bank;250000;0;250000;Sukabumi;Jawa Barat
6a118f6afad9326442663bf7;TRX-0V8GLNCC;09/11/2025;Siti Aminah;user795@example.com;Member;Kursi Gaming Premium;Furniture;2500000;3;E-Wallet (OVO/Dana);7500000;0;7500000;Surabaya;Jawa Timur
6a118f6afad9326442663bf8;TRX-LPZSXEQD;21/01/2026;Eko Prasetyo;user796@example.com;Member;Smartphone Samsung S24;Elektronik;13000000;3;Transfer Bank;39000000;0;39000000;Makassar;Sulawesi Selatan
6a118f6afad9326442663bf9;TRX-BED32QHR;23/08/2025;Rian Hidayat;user797@example.com;Non-Member;Meja Kerja Minimalis;Furniture;1200000;4;E-Wallet (OVO/Dana);4800000;0;4800000;Sukabumi;Jawa Barat
6a118f6afad9326442663bfa;TRX-74WJEJ9B;21/08/2025;Dewi Lestari;user798@example.com;Member;Kemeja Flanel Oversize;Fashion;250000;4;Transfer Bank;1000000;0;1000000;Medan;Sumatera Utara
6a118f6afad9326442663bfb;TRX-ZBKK062H;08/01/2026;Budi Santoso;user799@example.com;Non-Member;Kursi Gaming Premium;Furniture;2500000;4;E-Wallet (OVO/Dana);10000000;0;10000000;Sukabumi;Jawa Barat
6a118f6afad9326442663bfc;TRX-AYDFOSTF;05/02/2026;Siti Aminah;user800@example.com;Non-Member;Kemeja Flanel Oversize;Fashion;250000;2;Transfer Bank;500000;0;500000;Bandung;Jawa Barat
6a118f6afad9326442663bfd;TRX-45C71YPJ;23/01/2025;Andi Wijaya;user801@example.com;Non-Member;Kursi Gaming Premium;Furniture;2500000;4;E-Wallet (OVO/Dana);10000000;0;10000000;Jakarta;DKI Jakarta
6a118f6afad9326442663bfe;TRX-5NXPCHHZ;31/01/2025;Mega Pertiwi;user802@example.com;Member;Paket Ayam Bakar Madu;Kuliner;35000;4;E-Wallet (OVO/Dana);140000;0;140000;Medan;Sumatera Utara
6a118f6afad9326442663bff;TRX-9WI6EZTN;13/09/2025;Mega Pertiwi;user803@example.com;Member;Sepatu Sneaker Lokal;Fashion;450000;2;Kartu Kredit;900000;0;900000;Semarang;Jawa Tengah
6a118f6afad9326442663c00;TRX-X9RXY4WD;02/05/2025;Budi Santoso;user804@example.com;Member;Kursi Gaming Premium;Furniture;2500000;1;Transfer Bank;2500000;0;2500000;Makassar;Sulawesi Selatan
6a118f6afad9326442663c01;TRX-TI834G1W;08/04/2026;Novianti;user805@example.com;Member;Smartphone Samsung S24;Elektronik;13000000;4;Kartu Kredit;52000000;0;52000000;Surabaya;Jawa Timur
6a118f6afad9326442663c02;TRX-G3JVVZIN;08/07/2025;Rian Hidayat;user806@example.com;Member;Smartphone Samsung S24;Elektronik;13000000;2;E-Wallet (OVO/Dana);26000000;0;26000000;Bandung;Jawa Barat
6a118f6afad9326442663c03;TRX-AQ9AIWYS;26/03/2025;Siti Aminah;user807@example.com;Member;Smartphone Samsung S24;Elektronik;13000000;2;Transfer Bank;26000000;0;26000000;Makassar;Sulawesi Selatan
6a118f6afad9326442663c04;TRX-6XGLNYEM;21/11/2025;Siti Aminah;user808@example.com;Non-Member;Laptop ASUS ROG;Elektronik;20000000;3;Kartu Kredit;60000000;0;60000000;Medan;Sumatera Utara
6a118f6afad9326442663c05;TRX-6P6Z6PK5;14/07/2025;Siti Aminah;user809@example.com;Non-Member;Kemeja Flanel Oversize;Fashion;250000;3;COD;750000;0;750000;Surabaya;Jawa Timur
6a118f6afad9326442663c06;TRX-YEN34R03;11/04/2025;Siti Aminah;user810@example.com;Member;Laptop ASUS ROG;Elektronik;20000000;1;Kartu Kredit;20000000;0;20000000;Makassar;Sulawesi Selatan
6a118f6afad9326442663c07;TRX-9T1GSNRE;11/04/2026;Budi Santoso;user811@example.com;Non-Member;Sepatu Sneaker Lokal;Fashion;450000;3;Kartu Kredit;1350000;0;1350000;Sukabumi;Jawa Barat
6a118f6afad9326442663c08;TRX-ILS2OO6W;27/02/2026;Jono Adriansyah;user812@example.com;Member;Smartphone Samsung S24;Elektronik;13000000;2;E-Wallet (OVO/Dana);26000000;0;26000000;Semarang;Jawa Tengah
6a118f6afad9326442663c09;TRX-M8E7LH58;25/05/2025;Andi Wijaya;user813@example.com;Non-Member;Meja Kerja Minimalis;Furniture;1200000;3;Kartu Kredit;3600000;0;3600000;Surabaya;Jawa Timur
6a118f6afad9326442663c0a;TRX-QJWEV97O;31/08/2025;Siti Aminah;user814@example.com;Non-Member;Kursi Gaming Premium;Furniture;2500000;3;Transfer Bank;7500000;0;7500000;Medan;Sumatera Utara
6a118f6afad9326442663c0b;TRX-OZ97NL2W;31/01/2026;Budi Santoso;user815@example.com;Non-Member;Meja Kerja Minimalis;Furniture;1200000;3;Transfer Bank;3600000;0;3600000;Medan;Sumatera Utara
6a118f6afad9326442663c0c;TRX-7LHIBWLH;25/01/2025;Fahmi Idris;user816@example.com;Member;Smartphone Samsung S24;Elektronik;13000000;2;COD;26000000;0;26000000;Jakarta;DKI Jakarta
6a118f6afad9326442663c0d;TRX-X7QH4D22;06/04/2026;Jono Adriansyah;user817@example.com;Member;Smartphone Samsung S24;Elektronik;13000000;2;COD;26000000;0;26000000;Surabaya;Jawa Timur
6a118f6afad9326442663c0e;TRX-3UUYGW84;17/04/2026;Budi Santoso;user818@example.com;Non-Member;Kopi Susu Gula Aren 1L;Kuliner;65000;1;COD;65000;0;65000;Surabaya;Jawa Timur
6a118f6afad9326442663c0f;TRX-YPMST1B0;16/03/2026;Dewi Lestari;user819@example.com;Member;Kemeja Flanel Oversize;Fashion;250000;3;Transfer Bank;750000;0;750000;Semarang;Jawa Tengah
6a118f6afad9326442663c10;TRX-63SKR5WR;18/05/2026;Andi Wijaya;user820@example.com;Member;Kemeja Flanel Oversize;Fashion;250000;1;Kartu Kredit;250000;0;250000;Makassar;Sulawesi Selatan
6a118f6afad9326442663c11;TRX-K4O9D4TZ;20/04/2025;Andi Wijaya;user821@example.com;Non-Member;Paket Ayam Bakar Madu;Kuliner;35000;3;E-Wallet (OVO/Dana);105000;0;105000;Makassar;Sulawesi Selatan
6a118f6afad9326442663c12;TRX-6OGY1XD7;14/06/2025;Andi Wijaya;user822@example.com;Non-Member;Kopi Susu Gula Aren 1L;Kuliner;65000;2;Kartu Kredit;130000;0;130000;Sukabumi;Jawa Barat
6a118f6afad9326442663c13;TRX-K4JVFSYM;08/06/2025;Budi Santoso;user823@example.com;Non-Member;Paket Ayam Bakar Madu;Kuliner;35000;3;COD;105000;0;105000;Jakarta;DKI Jakarta
6a118f6afad9326442663c14;TRX-8Z1T3Y8F;24/03/2026;Mega Pertiwi;user824@example.com;Non-Member;Laptop ASUS ROG;Elektronik;20000000;1;COD;20000000;0;20000000;Surabaya;Jawa Timur
6a118f6afad9326442663c15;TRX-MALH0S4Q;08/05/2026;Budi Santoso;user825@example.com;Non-Member;Kopi Susu Gula Aren 1L;Kuliner;65000;4;Transfer Bank;260000;0;260000;Medan;Sumatera Utara
6a118f6afad9326442663c16;TRX-NPZ0Z5RG;24/10/2025;Mega Pertiwi;user826@example.com;Non-Member;Meja Kerja Minimalis;Furniture;1200000;1;Transfer Bank;1200000;0;1200000;Surabaya;Jawa Timur
6a118f6afad9326442663c17;TRX-P3VLMBDZ;20/12/2025;Fahmi Idris;user827@example.com;Member;Kopi Susu Gula Aren 1L;Kuliner;65000;4;Transfer Bank;260000;0;260000;Medan;Sumatera Utara
6a118f6afad9326442663c18;TRX-W1NXAYC7;08/05/2025;Siti Aminah;user828@example.com;Member;Laptop ASUS ROG;Elektronik;20000000;3;Kartu Kredit;60000000;0;60000000;Jakarta;DKI Jakarta
6a118f6afad9326442663c19;TRX-NCYQICZM;27/05/2025;Novianti;user829@example.com;Member;Kopi Susu Gula Aren 1L;Kuliner;65000;2;Kartu Kredit;130000;0;130000;Makassar;Sulawesi Selatan
6a118f6afad9326442663c1a;TRX-4FO0C77M;27/05/2025;Fahmi Idris;user830@example.com;Non-Member;Smartphone Samsung S24;Elektronik;13000000;3;Transfer Bank;39000000;0;39000000;Bandung;Jawa Barat
6a118f6afad9326442663c1b;TRX-Q9U0SG2G;18/03/2025;Jono Adriansyah;user831@example.com;Member;Kursi Gaming Premium;Furniture;2500000;2;E-Wallet (OVO/Dana);5000000;0;5000000;Sukabumi;Jawa Barat
6a118f6afad9326442663c1c;TRX-KEVTAKNX;10/07/2025;Novianti;user832@example.com;Member;Sepatu Sneaker Lokal;Fashion;450000;1;Transfer Bank;450000;0;450000;Surabaya;Jawa Timur
6a118f6afad9326442663c1d;TRX-ZKH7HEMN;09/03/2026;Budi Santoso;user833@example.com;Non-Member;Kursi Gaming Premium;Furniture;2500000;4;Transfer Bank;10000000;0;10000000;Semarang;Jawa Tengah
6a118f6afad9326442663c1e;TRX-7TJ27PE4;03/04/2025;Fahmi Idris;user834@example.com;Non-Member;Sepatu Sneaker Lokal;Fashion;450000;1;Kartu Kredit;450000;0;450000;Surabaya;Jawa Timur
6a118f6afad9326442663c1f;TRX-0EGUT78L;21/08/2025;Rian Hidayat;user835@example.com;Non-Member;Kemeja Flanel Oversize;Fashion;250000;2;Kartu Kredit;500000;0;500000;Makassar;Sulawesi Selatan
6a118f6afad9326442663c20;TRX-X2LMLERP;18/01/2025;Siti Aminah;user836@example.com;Member;Kursi Gaming Premium;Furniture;2500000;1;E-Wallet (OVO/Dana);2500000;0;2500000;Semarang;Jawa Tengah
6a118f6afad9326442663c21;TRX-5GM2PW37;08/11/2025;Andi Wijaya;user837@example.com;Member;Paket Ayam Bakar Madu;Kuliner;35000;1;COD;35000;0;35000;Medan;Sumatera Utara
6a118f6afad9326442663c22;TRX-L8LMBY0M;14/05/2025;Mega Pertiwi;user838@example.com;Member;Sepatu Sneaker Lokal;Fashion;450000;4;Transfer Bank;1800000;0;1800000;Jakarta;DKI Jakarta
6a118f6afad9326442663c23;TRX-4GW4AGN0;13/05/2026;Siti Aminah;user839@example.com;Member;Laptop ASUS ROG;Elektronik;20000000;1;Kartu Kredit;20000000;0;20000000;Medan;Sumatera Utara
6a118f6afad9326442663c24;TRX-TB1ZQ0PQ;19/12/2025;Eko Prasetyo;user840@example.com;Member;Smartphone Samsung S24;Elektronik;13000000;4;COD;52000000;0;52000000;Sukabumi;Jawa Barat
6a118f6afad9326442663c25;TRX-YGZZCYP3;15/09/2025;Dewi Lestari;user841@example.com;Member;Kopi Susu Gula Aren 1L;Kuliner;65000;1;E-Wallet (OVO/Dana);65000;0;65000;Medan;Sumatera Utara
6a118f6afad9326442663c26;TRX-D7665HT2;15/03/2025;Eko Prasetyo;user842@example.com;Non-Member;Kemeja Flanel Oversize;Fashion;250000;4;Kartu Kredit;1000000;0;1000000;Makassar;Sulawesi Selatan
6a118f6afad9326442663c27;TRX-D2XQ08PX;15/12/2025;Dewi Lestari;user843@example.com;Member;Kemeja Flanel Oversize;Fashion;250000;2;Transfer Bank;500000;0;500000;Bandung;Jawa Barat
6a118f6afad9326442663c28;TRX-KQ2AATAK;23/03/2026;Dewi Lestari;user844@example.com;Member;Meja Kerja Minimalis;Furniture;1200000;2;Kartu Kredit;2400000;0;2400000;Makassar;Sulawesi Selatan
6a118f6afad9326442663c29;TRX-UF3AICG7;19/08/2025;Siti Aminah;user845@example.com;Non-Member;Smartphone Samsung S24;Elektronik;13000000;4;Transfer Bank;52000000;0;52000000;Makassar;Sulawesi Selatan
6a118f6afad9326442663c2a;TRX-B7ISG41M;19/12/2025;Mega Pertiwi;user846@example.com;Member;Kemeja Flanel Oversize;Fashion;250000;2;Transfer Bank;500000;0;500000;Bandung;Jawa Barat
6a118f6afad9326442663c2b;TRX-IUPO203P;23/08/2025;Fahmi Idris;user847@example.com;Member;Smartphone Samsung S24;Elektronik;13000000;4;COD;52000000;0;52000000;Medan;Sumatera Utara
6a118f6afad9326442663c2c;TRX-08U2VXSD;26/01/2026;Siti Aminah;user848@example.com;Non-Member;Smartphone Samsung S24;Elektronik;13000000;2;E-Wallet (OVO/Dana);26000000;0;26000000;Semarang;Jawa Tengah
6a118f6afad9326442663c2d;TRX-EOAGRXRK;05/03/2026;Rian Hidayat;user849@example.com;Non-Member;Sepatu Sneaker Lokal;Fashion;450000;1;Kartu Kredit;450000;0;450000;Sukabumi;Jawa Barat
6a118f6afad9326442663c2e;TRX-W59AAEHE;18/03/2025;Andi Wijaya;user850@example.com;Member;Kemeja Flanel Oversize;Fashion;250000;1;Kartu Kredit;250000;0;250000;Makassar;Sulawesi Selatan
6a118f6afad9326442663c2f;TRX-RGSU82PS;22/04/2025;Eko Prasetyo;user851@example.com;Member;Paket Ayam Bakar Madu;Kuliner;35000;2;COD;70000;0;70000;Sukabumi;Jawa Barat
6a118f6afad9326442663c30;TRX-00J72UN3;04/04/2025;Dewi Lestari;user852@example.com;Member;Laptop ASUS ROG;Elektronik;20000000;2;Transfer Bank;40000000;0;40000000;Jakarta;DKI Jakarta
6a118f6afad9326442663c31;TRX-UY2MUH9I;01/01/2025;Dewi Lestari;user853@example.com;Member;Smartphone Samsung S24;Elektronik;13000000;1;Transfer Bank;13000000;0;13000000;Makassar;Sulawesi Selatan
6a118f6afad9326442663c32;TRX-SKML29WR;20/01/2025;Fahmi Idris;user854@example.com;Non-Member;Sepatu Sneaker Lokal;Fashion;450000;1;Transfer Bank;450000;0;450000;Medan;Sumatera Utara
6a118f6afad9326442663c33;TRX-OU98IENM;05/04/2025;Rian Hidayat;user855@example.com;Member;Sepatu Sneaker Lokal;Fashion;450000;2;Kartu Kredit;900000;0;900000;Jakarta;DKI Jakarta
6a118f6afad9326442663c34;TRX-SGKMFSK0;23/05/2026;Dewi Lestari;user856@example.com;Non-Member;Smartphone Samsung S24;Elektronik;13000000;1;Transfer Bank;13000000;0;13000000;Bandung;Jawa Barat
6a118f6afad9326442663c35;TRX-PMOQ8YUZ;01/08/2025;Fahmi Idris;user857@example.com;Non-Member;Kursi Gaming Premium;Furniture;2500000;2;COD;5000000;0;5000000;Jakarta;DKI Jakarta
6a118f6afad9326442663c36;TRX-EJ4M6T1C;20/04/2025;Fahmi Idris;user858@example.com;Member;Smartphone Samsung S24;Elektronik;13000000;3;COD;39000000;0;39000000;Makassar;Sulawesi Selatan
6a118f6afad9326442663c37;TRX-ALRPW5CZ;04/05/2025;Andi Wijaya;user859@example.com;Non-Member;Kopi Susu Gula Aren 1L;Kuliner;65000;3;E-Wallet (OVO/Dana);195000;0;195000;Semarang;Jawa Tengah
6a118f6afad9326442663c38;TRX-CDAMO145;14/01/2025;Rian Hidayat;user860@example.com;Non-Member;Paket Ayam Bakar Madu;Kuliner;35000;2;COD;70000;0;70000;Makassar;Sulawesi Selatan
6a118f6afad9326442663c39;TRX-RLR10J3W;03/10/2025;Jono Adriansyah;user861@example.com;Member;Kemeja Flanel Oversize;Fashion;250000;1;E-Wallet (OVO/Dana);250000;0;250000;Semarang;Jawa Tengah
6a118f6afad9326442663c3a;TRX-0TDS0TF6;04/06/2025;Fahmi Idris;user862@example.com;Non-Member;Kopi Susu Gula Aren 1L;Kuliner;65000;2;Transfer Bank;130000;0;130000;Jakarta;DKI Jakarta
6a118f6afad9326442663c3b;TRX-DV9TZCFM;30/06/2025;Eko Prasetyo;user863@example.com;Member;Smartphone Samsung S24;Elektronik;13000000;2;COD;26000000;0;26000000;Jakarta;DKI Jakarta
6a118f6afad9326442663c3c;TRX-FJKA51UT;18/04/2026;Fahmi Idris;user864@example.com;Non-Member;Laptop ASUS ROG;Elektronik;20000000;1;Transfer Bank;20000000;0;20000000;Medan;Sumatera Utara
6a118f6afad9326442663c3d;TRX-OGZAD455;23/06/2025;Jono Adriansyah;user865@example.com;Non-Member;Laptop ASUS ROG;Elektronik;20000000;1;Transfer Bank;20000000;0;20000000;Sukabumi;Jawa Barat
6a118f6afad9326442663c3e;TRX-B8GJZ7K7;31/07/2025;Dewi Lestari;user866@example.com;Non-Member;Smartphone Samsung S24;Elektronik;13000000;1;COD;13000000;0;13000000;Surabaya;Jawa Timur
6a118f6afad9326442663c3f;TRX-LOF8JA0F;13/03/2025;Andi Wijaya;user867@example.com;Non-Member;Smartphone Samsung S24;Elektronik;13000000;2;Transfer Bank;26000000;0;26000000;Semarang;Jawa Tengah
6a118f6afad9326442663c40;TRX-5U6D9G71;31/01/2025;Andi Wijaya;user868@example.com;Non-Member;Laptop ASUS ROG;Elektronik;20000000;2;Kartu Kredit;40000000;0;40000000;Medan;Sumatera Utara
6a118f6afad9326442663c41;TRX-972D8A1D;05/12/2025;Eko Prasetyo;user869@example.com;Non-Member;Kopi Susu Gula Aren 1L;Kuliner;65000;3;COD;195000;0;195000;Jakarta;DKI Jakarta
6a118f6afad9326442663c42;TRX-6OKE83WK;22/01/2025;Rian Hidayat;user870@example.com;Member;Kursi Gaming Premium;Furniture;2500000;1;E-Wallet (OVO/Dana);2500000;0;2500000;Sukabumi;Jawa Barat
6a118f6afad9326442663c43;TRX-EDBZ29R7;14/09/2025;Eko Prasetyo;user871@example.com;Member;Smartphone Samsung S24;Elektronik;13000000;1;E-Wallet (OVO/Dana);13000000;0;13000000;Medan;Sumatera Utara
6a118f6afad9326442663c44;TRX-P8QKXMFR;24/04/2025;Budi Santoso;user872@example.com;Member;Meja Kerja Minimalis;Furniture;1200000;4;E-Wallet (OVO/Dana);4800000;0;4800000;Makassar;Sulawesi Selatan
6a118f6afad9326442663c45;TRX-06SDI1AM;07/08/2025;Dewi Lestari;user873@example.com;Non-Member;Paket Ayam Bakar Madu;Kuliner;35000;3;COD;105000;0;105000;Medan;Sumatera Utara
6a118f6afad9326442663c46;TRX-AVVV7VQF;16/01/2026;Siti Aminah;user874@example.com;Member;Kopi Susu Gula Aren 1L;Kuliner;65000;3;Transfer Bank;195000;0;195000;Bandung;Jawa Barat
6a118f6afad9326442663c47;TRX-P6RMR2YL;04/02/2025;Budi Santoso;user875@example.com;Member;Kemeja Flanel Oversize;Fashion;250000;1;E-Wallet (OVO/Dana);250000;0;250000;Makassar;Sulawesi Selatan
6a118f6afad9326442663c48;TRX-4O3XFF5G;11/02/2026;Andi Wijaya;user876@example.com;Non-Member;Kopi Susu Gula Aren 1L;Kuliner;65000;1;Transfer Bank;65000;0;65000;Medan;Sumatera Utara
6a118f6afad9326442663c49;TRX-2TQ4ULE6;01/11/2025;Budi Santoso;user877@example.com;Non-Member;Sepatu Sneaker Lokal;Fashion;450000;3;COD;1350000;0;1350000;Surabaya;Jawa Timur
6a118f6afad9326442663c4a;TRX-WU13419X;23/09/2025;Fahmi Idris;user878@example.com;Member;Smartphone Samsung S24;Elektronik;13000000;2;COD;26000000;0;26000000;Jakarta;DKI Jakarta
6a118f6afad9326442663c4b;TRX-BYY48NA5;04/12/2025;Novianti;user879@example.com;Non-Member;Paket Ayam Bakar Madu;Kuliner;35000;1;E-Wallet (OVO/Dana);35000;0;35000;Surabaya;Jawa Timur
6a118f6afad9326442663c4c;TRX-P4541OE6;07/05/2026;Jono Adriansyah;user880@example.com;Non-Member;Meja Kerja Minimalis;Furniture;1200000;3;E-Wallet (OVO/Dana);3600000;0;3600000;Sukabumi;Jawa Barat
6a118f6afad9326442663c4d;TRX-JSVYWCIR;24/04/2025;Jono Adriansyah;user881@example.com;Member;Paket Ayam Bakar Madu;Kuliner;35000;4;Transfer Bank;140000;0;140000;Makassar;Sulawesi Selatan
6a118f6afad9326442663c4e;TRX-XLDEK2K1;23/11/2025;Jono Adriansyah;user882@example.com;Non-Member;Kemeja Flanel Oversize;Fashion;250000;2;COD;500000;0;500000;Sukabumi;Jawa Barat
6a118f6afad9326442663c4f;TRX-T3JHK79G;03/05/2025;Eko Prasetyo;user883@example.com;Non-Member;Meja Kerja Minimalis;Furniture;1200000;4;E-Wallet (OVO/Dana);4800000;0;4800000;Sukabumi;Jawa Barat
6a118f6afad9326442663c50;TRX-7SZVKSCL;21/11/2025;Andi Wijaya;user884@example.com;Member;Meja Kerja Minimalis;Furniture;1200000;4;Transfer Bank;4800000;0;4800000;Bandung;Jawa Barat
6a118f6afad9326442663c51;TRX-0X8RC6PZ;03/04/2026;Andi Wijaya;user885@example.com;Non-Member;Smartphone Samsung S24;Elektronik;13000000;2;COD;26000000;0;26000000;Surabaya;Jawa Timur
6a118f6afad9326442663c52;TRX-JWRIZX6X;06/11/2025;Budi Santoso;user886@example.com;Non-Member;Laptop ASUS ROG;Elektronik;20000000;3;E-Wallet (OVO/Dana);60000000;0;60000000;Bandung;Jawa Barat
6a118f6afad9326442663c53;TRX-COAHSVLE;22/08/2025;Novianti;user887@example.com;Member;Paket Ayam Bakar Madu;Kuliner;35000;4;Kartu Kredit;140000;0;140000;Semarang;Jawa Tengah
6a118f6afad9326442663c54;TRX-NY12NSB7;06/08/2025;Mega Pertiwi;user888@example.com;Non-Member;Kursi Gaming Premium;Furniture;2500000;1;COD;2500000;0;2500000;Sukabumi;Jawa Barat
6a118f6afad9326442663c55;TRX-I0E1QW9X;15/05/2025;Mega Pertiwi;user889@example.com;Member;Laptop ASUS ROG;Elektronik;20000000;2;E-Wallet (OVO/Dana);40000000;0;40000000;Bandung;Jawa Barat
6a118f6afad9326442663c56;TRX-ISQYMR2S;22/02/2026;Siti Aminah;user890@example.com;Non-Member;Kemeja Flanel Oversize;Fashion;250000;3;COD;750000;0;750000;Semarang;Jawa Tengah
6a118f6afad9326442663c57;TRX-QJWAZIDP;27/11/2025;Rian Hidayat;user891@example.com;Member;Laptop ASUS ROG;Elektronik;20000000;3;Transfer Bank;60000000;0;60000000;Sukabumi;Jawa Barat
6a118f6afad9326442663c58;TRX-QF29540H;04/03/2025;Novianti;user892@example.com;Non-Member;Kursi Gaming Premium;Furniture;2500000;1;E-Wallet (OVO/Dana);2500000;0;2500000;Sukabumi;Jawa Barat
6a118f6afad9326442663c59;TRX-128WFQAF;06/03/2026;Budi Santoso;user893@example.com;Non-Member;Smartphone Samsung S24;Elektronik;13000000;2;Transfer Bank;26000000;0;26000000;Semarang;Jawa Tengah
6a118f6afad9326442663c5a;TRX-JTTOTMVE;26/06/2025;Novianti;user894@example.com;Non-Member;Kopi Susu Gula Aren 1L;Kuliner;65000;1;Kartu Kredit;65000;0;65000;Jakarta;DKI Jakarta
6a118f6afad9326442663c5b;TRX-WX6WK9FG;10/02/2025;Andi Wijaya;user895@example.com;Non-Member;Kopi Susu Gula Aren 1L;Kuliner;65000;4;COD;260000;0;260000;Medan;Sumatera Utara
6a118f6afad9326442663c5c;TRX-L34EJ5I3;01/01/2026;Budi Santoso;user896@example.com;Non-Member;Kursi Gaming Premium;Furniture;2500000;4;E-Wallet (OVO/Dana);10000000;0;10000000;Makassar;Sulawesi Selatan
6a118f6afad9326442663c5d;TRX-EDNBASDR;11/03/2025;Mega Pertiwi;user897@example.com;Member;Kopi Susu Gula Aren 1L;Kuliner;65000;1;Kartu Kredit;65000;0;65000;Sukabumi;Jawa Barat
6a118f6afad9326442663c5e;TRX-3M04AUQR;20/12/2025;Budi Santoso;user898@example.com;Non-Member;Kursi Gaming Premium;Furniture;2500000;2;COD;5000000;0;5000000;Jakarta;DKI Jakarta
6a118f6afad9326442663c5f;TRX-GD1XM9LX;10/10/2025;Eko Prasetyo;user899@example.com;Member;Kursi Gaming Premium;Furniture;2500000;2;COD;5000000;0;5000000;Bandung;Jawa Barat
6a118f6afad9326442663c60;TRX-60PIE3ZU;07/03/2026;Eko Prasetyo;user900@example.com;Non-Member;Meja Kerja Minimalis;Furniture;1200000;2;E-Wallet (OVO/Dana);2400000;0;2400000;Sukabumi;Jawa Barat
6a118f6afad9326442663c61;TRX-FETXJW8H;21/02/2025;Budi Santoso;user901@example.com;Member;Paket Ayam Bakar Madu;Kuliner;35000;3;E-Wallet (OVO/Dana);105000;0;105000;Surabaya;Jawa Timur
6a118f6afad9326442663c62;TRX-OU0XK7WC;02/02/2025;Fahmi Idris;user902@example.com;Member;Laptop ASUS ROG;Elektronik;20000000;4;Kartu Kredit;80000000;0;80000000;Bandung;Jawa Barat
6a118f6afad9326442663c63;TRX-PTOH334L;05/02/2026;Mega Pertiwi;user903@example.com;Member;Laptop ASUS ROG;Elektronik;20000000;4;Kartu Kredit;80000000;0;80000000;Jakarta;DKI Jakarta
6a118f6afad9326442663c64;TRX-WJFD7GWY;19/03/2025;Andi Wijaya;user904@example.com;Non-Member;Kursi Gaming Premium;Furniture;2500000;4;E-Wallet (OVO/Dana);10000000;0;10000000;Semarang;Jawa Tengah
6a118f6afad9326442663c65;TRX-ATY9P0G7;21/12/2025;Dewi Lestari;user905@example.com;Non-Member;Kemeja Flanel Oversize;Fashion;250000;1;Transfer Bank;250000;0;250000;Surabaya;Jawa Timur
6a118f6afad9326442663c66;TRX-0GFA1CLR;01/02/2025;Novianti;user906@example.com;Member;Kopi Susu Gula Aren 1L;Kuliner;65000;2;Kartu Kredit;130000;0;130000;Medan;Sumatera Utara
6a118f6afad9326442663c67;TRX-D4PNRKMF;01/08/2025;Eko Prasetyo;user907@example.com;Member;Meja Kerja Minimalis;Furniture;1200000;2;E-Wallet (OVO/Dana);2400000;0;2400000;Sukabumi;Jawa Barat
6a118f6afad9326442663c68;TRX-V4MM1GJR;04/02/2025;Budi Santoso;user908@example.com;Member;Laptop ASUS ROG;Elektronik;20000000;1;COD;20000000;0;20000000;Makassar;Sulawesi Selatan
6a118f6afad9326442663c69;TRX-P8SPCAR8;08/04/2025;Andi Wijaya;user909@example.com;Member;Kursi Gaming Premium;Furniture;2500000;2;COD;5000000;0;5000000;Medan;Sumatera Utara
6a118f6afad9326442663c6a;TRX-9A9NEHJJ;20/01/2025;Dewi Lestari;user910@example.com;Member;Sepatu Sneaker Lokal;Fashion;450000;3;Kartu Kredit;1350000;0;1350000;Makassar;Sulawesi Selatan
6a118f6afad9326442663c6b;TRX-VFDR4HXJ;18/09/2025;Dewi Lestari;user911@example.com;Member;Meja Kerja Minimalis;Furniture;1200000;4;COD;4800000;0;4800000;Sukabumi;Jawa Barat
6a118f6afad9326442663c6c;TRX-MTZ74N8X;14/03/2025;Fahmi Idris;user912@example.com;Member;Meja Kerja Minimalis;Furniture;1200000;2;E-Wallet (OVO/Dana);2400000;0;2400000;Medan;Sumatera Utara
6a118f6afad9326442663c6d;TRX-0IHN8YH7;26/12/2025;Mega Pertiwi;user913@example.com;Member;Smartphone Samsung S24;Elektronik;13000000;3;E-Wallet (OVO/Dana);39000000;0;39000000;Bandung;Jawa Barat
6a118f6afad9326442663c6e;TRX-ZZWVOAVA;03/05/2026;Mega Pertiwi;user914@example.com;Member;Sepatu Sneaker Lokal;Fashion;450000;2;Transfer Bank;900000;0;900000;Medan;Sumatera Utara
6a118f6afad9326442663c6f;TRX-SXQHZUBE;12/12/2025;Mega Pertiwi;user915@example.com;Member;Kemeja Flanel Oversize;Fashion;250000;3;E-Wallet (OVO/Dana);750000;0;750000;Medan;Sumatera Utara
6a118f6afad9326442663c70;TRX-7N42OPRP;26/03/2026;Siti Aminah;user916@example.com;Non-Member;Kemeja Flanel Oversize;Fashion;250000;4;Kartu Kredit;1000000;0;1000000;Surabaya;Jawa Timur
6a118f6afad9326442663c71;TRX-C2FEH7ZE;11/05/2025;Rian Hidayat;user917@example.com;Non-Member;Laptop ASUS ROG;Elektronik;20000000;2;Kartu Kredit;40000000;0;40000000;Bandung;Jawa Barat
6a118f6afad9326442663c72;TRX-QCUP022G;08/10/2025;Andi Wijaya;user918@example.com;Member;Smartphone Samsung S24;Elektronik;13000000;3;Transfer Bank;39000000;0;39000000;Medan;Sumatera Utara
6a118f6afad9326442663c73;TRX-282VYCNP;03/04/2025;Dewi Lestari;user919@example.com;Member;Sepatu Sneaker Lokal;Fashion;450000;1;Kartu Kredit;450000;0;450000;Semarang;Jawa Tengah
6a118f6afad9326442663c74;TRX-PD8GSMBH;17/05/2025;Fahmi Idris;user920@example.com;Member;Kursi Gaming Premium;Furniture;2500000;2;COD;5000000;0;5000000;Jakarta;DKI Jakarta
6a118f6afad9326442663c75;TRX-V0ST5VWY;12/03/2026;Eko Prasetyo;user921@example.com;Member;Meja Kerja Minimalis;Furniture;1200000;3;Transfer Bank;3600000;0;3600000;Semarang;Jawa Tengah
6a118f6afad9326442663c76;TRX-OWGN9RNQ;11/09/2025;Novianti;user922@example.com;Member;Kemeja Flanel Oversize;Fashion;250000;2;Transfer Bank;500000;0;500000;Makassar;Sulawesi Selatan
6a118f6afad9326442663c77;TRX-IDDNEGEY;17/02/2025;Jono Adriansyah;user923@example.com;Non-Member;Kursi Gaming Premium;Furniture;2500000;4;Kartu Kredit;10000000;0;10000000;Sukabumi;Jawa Barat
6a118f6afad9326442663c78;TRX-SV1MLBHH;22/12/2025;Eko Prasetyo;user924@example.com;Non-Member;Meja Kerja Minimalis;Furniture;1200000;4;Transfer Bank;4800000;0;4800000;Medan;Sumatera Utara
6a118f6afad9326442663c79;TRX-C4MNP0EM;02/01/2026;Dewi Lestari;user925@example.com;Non-Member;Kursi Gaming Premium;Furniture;2500000;1;Kartu Kredit;2500000;0;2500000;Jakarta;DKI Jakarta
6a118f6afad9326442663c7a;TRX-K50GSUJU;25/04/2025;Budi Santoso;user926@example.com;Non-Member;Kemeja Flanel Oversize;Fashion;250000;1;Kartu Kredit;250000;0;250000;Bandung;Jawa Barat
6a118f6afad9326442663c7b;TRX-2P03GOQV;16/11/2025;Mega Pertiwi;user927@example.com;Non-Member;Kursi Gaming Premium;Furniture;2500000;2;COD;5000000;0;5000000;Jakarta;DKI Jakarta
6a118f6afad9326442663c7c;TRX-V9TI1C3Y;06/01/2026;Fahmi Idris;user928@example.com;Member;Sepatu Sneaker Lokal;Fashion;450000;3;Kartu Kredit;1350000;0;1350000;Jakarta;DKI Jakarta
6a118f6afad9326442663c7d;TRX-03P4XMQX;20/01/2026;Dewi Lestari;user929@example.com;Member;Kemeja Flanel Oversize;Fashion;250000;4;E-Wallet (OVO/Dana);1000000;0;1000000;Jakarta;DKI Jakarta
6a118f6afad9326442663c7e;TRX-SW4XYADC;11/06/2025;Fahmi Idris;user930@example.com;Non-Member;Kemeja Flanel Oversize;Fashion;250000;3;Kartu Kredit;750000;0;750000;Semarang;Jawa Tengah
6a118f6afad9326442663c7f;TRX-5OX1W5FG;03/04/2026;Fahmi Idris;user931@example.com;Non-Member;Kursi Gaming Premium;Furniture;2500000;2;Kartu Kredit;5000000;0;5000000;Bandung;Jawa Barat
6a118f6afad9326442663c80;TRX-J5QA04PK;05/09/2025;Andi Wijaya;user932@example.com;Member;Kemeja Flanel Oversize;Fashion;250000;2;COD;500000;0;500000;Sukabumi;Jawa Barat
6a118f6afad9326442663c81;TRX-XQSS63GQ;23/06/2025;Eko Prasetyo;user933@example.com;Non-Member;Kopi Susu Gula Aren 1L;Kuliner;65000;2;COD;130000;0;130000;Makassar;Sulawesi Selatan
6a118f6afad9326442663c82;TRX-XEEX6VW0;18/04/2026;Fahmi Idris;user934@example.com;Member;Sepatu Sneaker Lokal;Fashion;450000;1;Kartu Kredit;450000;0;450000;Surabaya;Jawa Timur
6a118f6afad9326442663c83;TRX-A5JL2GI6;24/02/2025;Budi Santoso;user935@example.com;Member;Smartphone Samsung S24;Elektronik;13000000;1;E-Wallet (OVO/Dana);13000000;0;13000000;Surabaya;Jawa Timur
6a118f6afad9326442663c84;TRX-NR1L0IKK;25/04/2026;Fahmi Idris;user936@example.com;Non-Member;Smartphone Samsung S24;Elektronik;13000000;4;COD;52000000;0;52000000;Semarang;Jawa Tengah
6a118f6afad9326442663c85;TRX-2LAIME7E;16/10/2025;Andi Wijaya;user937@example.com;Member;Kopi Susu Gula Aren 1L;Kuliner;65000;2;COD;130000;0;130000;Sukabumi;Jawa Barat
6a118f6afad9326442663c86;TRX-J2J9G9NN;02/01/2025;Fahmi Idris;user938@example.com;Member;Kemeja Flanel Oversize;Fashion;250000;2;Kartu Kredit;500000;0;500000;Sukabumi;Jawa Barat
6a118f6afad9326442663c87;TRX-J5JL79HV;03/12/2025;Mega Pertiwi;user939@example.com;Member;Sepatu Sneaker Lokal;Fashion;450000;4;COD;1800000;0;1800000;Medan;Sumatera Utara
6a118f6afad9326442663c88;TRX-WK25N949;19/04/2025;Novianti;user940@example.com;Member;Paket Ayam Bakar Madu;Kuliner;35000;2;COD;70000;0;70000;Makassar;Sulawesi Selatan
6a118f6afad9326442663c89;TRX-2FXXHODP;23/06/2025;Novianti;user941@example.com;Non-Member;Laptop ASUS ROG;Elektronik;20000000;4;Kartu Kredit;80000000;0;80000000;Bandung;Jawa Barat
6a118f6afad9326442663c8a;TRX-BN2JFVJ8;11/05/2025;Fahmi Idris;user942@example.com;Non-Member;Laptop ASUS ROG;Elektronik;20000000;3;COD;60000000;0;60000000;Jakarta;DKI Jakarta
6a118f6afad9326442663c8b;TRX-UZK9ALYH;01/12/2025;Mega Pertiwi;user943@example.com;Non-Member;Kemeja Flanel Oversize;Fashion;250000;4;Transfer Bank;1000000;0;1000000;Medan;Sumatera Utara
6a118f6afad9326442663c8c;TRX-UVQICBKN;06/03/2026;Budi Santoso;user944@example.com;Member;Laptop ASUS ROG;Elektronik;20000000;3;Kartu Kredit;60000000;0;60000000;Semarang;Jawa Tengah
6a118f6afad9326442663c8d;TRX-92SXFY33;22/02/2026;Eko Prasetyo;user945@example.com;Member;Laptop ASUS ROG;Elektronik;20000000;2;Kartu Kredit;40000000;0;40000000;Sukabumi;Jawa Barat
6a118f6afad9326442663c8e;TRX-8JCXD0DF;03/06/2025;Jono Adriansyah;user946@example.com;Member;Paket Ayam Bakar Madu;Kuliner;35000;3;COD;105000;0;105000;Surabaya;Jawa Timur
6a118f6afad9326442663c8f;TRX-B934R7RD;20/05/2026;Siti Aminah;user947@example.com;Non-Member;Smartphone Samsung S24;Elektronik;13000000;3;Kartu Kredit;39000000;0;39000000;Semarang;Jawa Tengah
6a118f6afad9326442663c90;TRX-TS4P3DCU;24/07/2025;Budi Santoso;user948@example.com;Member;Kemeja Flanel Oversize;Fashion;250000;4;Transfer Bank;1000000;0;1000000;Surabaya;Jawa Timur
6a118f6afad9326442663c91;TRX-4XZNF4TX;06/01/2026;Budi Santoso;user949@example.com;Member;Sepatu Sneaker Lokal;Fashion;450000;3;E-Wallet (OVO/Dana);1350000;0;1350000;Makassar;Sulawesi Selatan
6a118f6afad9326442663c92;TRX-CG7VW8S7;25/01/2026;Novianti;user950@example.com;Member;Sepatu Sneaker Lokal;Fashion;450000;4;Transfer Bank;1800000;0;1800000;Jakarta;DKI Jakarta
6a118f6afad9326442663c93;TRX-C0EG9JAM;27/08/2025;Mega Pertiwi;user951@example.com;Member;Meja Kerja Minimalis;Furniture;1200000;4;Kartu Kredit;4800000;0;4800000;Semarang;Jawa Tengah
6a118f6afad9326442663c94;TRX-366U8KSK;05/08/2025;Novianti;user952@example.com;Member;Kopi Susu Gula Aren 1L;Kuliner;65000;1;E-Wallet (OVO/Dana);65000;0;65000;Surabaya;Jawa Timur
6a118f6afad9326442663c95;TRX-FJCAPZZM;04/04/2025;Budi Santoso;user953@example.com;Member;Meja Kerja Minimalis;Furniture;1200000;3;Transfer Bank;3600000;0;3600000;Bandung;Jawa Barat
6a118f6afad9326442663c96;TRX-E792OCLO;20/01/2026;Mega Pertiwi;user954@example.com;Member;Smartphone Samsung S24;Elektronik;13000000;1;COD;13000000;0;13000000;Makassar;Sulawesi Selatan
6a118f6afad9326442663c97;TRX-EUQPIMCR;16/08/2025;Rian Hidayat;user955@example.com;Non-Member;Kopi Susu Gula Aren 1L;Kuliner;65000;1;COD;65000;0;65000;Makassar;Sulawesi Selatan
6a118f6afad9326442663c98;TRX-SDK4H212;10/07/2025;Eko Prasetyo;user956@example.com;Non-Member;Kopi Susu Gula Aren 1L;Kuliner;65000;4;COD;260000;0;260000;Surabaya;Jawa Timur
6a118f6afad9326442663c99;TRX-T3QAGHFS;10/02/2026;Jono Adriansyah;user957@example.com;Non-Member;Kopi Susu Gula Aren 1L;Kuliner;65000;1;Kartu Kredit;65000;0;65000;Semarang;Jawa Tengah
6a118f6afad9326442663c9a;TRX-6O9O8T3K;20/09/2025;Budi Santoso;user958@example.com;Non-Member;Sepatu Sneaker Lokal;Fashion;450000;3;E-Wallet (OVO/Dana);1350000;0;1350000;Medan;Sumatera Utara
6a118f6afad9326442663c9b;TRX-U1PHGVN2;21/07/2025;Jono Adriansyah;user959@example.com;Member;Smartphone Samsung S24;Elektronik;13000000;1;Transfer Bank;13000000;0;13000000;Jakarta;DKI Jakarta
6a118f6afad9326442663c9c;TRX-BAPTFEXM;23/01/2025;Rian Hidayat;user960@example.com;Member;Kursi Gaming Premium;Furniture;2500000;1;COD;2500000;0;2500000;Jakarta;DKI Jakarta
6a118f6afad9326442663c9d;TRX-C6FEYB17;04/01/2025;Mega Pertiwi;user961@example.com;Member;Smartphone Samsung S24;Elektronik;13000000;2;Transfer Bank;26000000;0;26000000;Medan;Sumatera Utara
6a118f6afad9326442663c9e;TRX-ZM8YUBDW;16/10/2025;Jono Adriansyah;user962@example.com;Non-Member;Kemeja Flanel Oversize;Fashion;250000;3;COD;750000;0;750000;Semarang;Jawa Tengah
6a118f6afad9326442663c9f;TRX-4JGSIFC1;25/01/2025;Rian Hidayat;user963@example.com;Member;Kemeja Flanel Oversize;Fashion;250000;1;E-Wallet (OVO/Dana);250000;0;250000;Medan;Sumatera Utara
6a118f6afad9326442663ca0;TRX-BR1ROEN8;24/12/2025;Fahmi Idris;user964@example.com;Non-Member;Kopi Susu Gula Aren 1L;Kuliner;65000;2;COD;130000;0;130000;Bandung;Jawa Barat
6a118f6afad9326442663ca1;TRX-9YGFBRAV;22/02/2026;Dewi Lestari;user965@example.com;Member;Laptop ASUS ROG;Elektronik;20000000;1;Kartu Kredit;20000000;0;20000000;Sukabumi;Jawa Barat
6a118f6afad9326442663ca2;TRX-9UO6XLJF;19/07/2025;Eko Prasetyo;user966@example.com;Member;Smartphone Samsung S24;Elektronik;13000000;4;Transfer Bank;52000000;0;52000000;Sukabumi;Jawa Barat
6a118f6afad9326442663ca3;TRX-IX3XW89X;21/03/2025;Rian Hidayat;user967@example.com;Non-Member;Sepatu Sneaker Lokal;Fashion;450000;1;Kartu Kredit;450000;0;450000;Semarang;Jawa Tengah
6a118f6afad9326442663ca4;TRX-3H0EJDPY;09/04/2025;Eko Prasetyo;user968@example.com;Member;Kemeja Flanel Oversize;Fashion;250000;3;E-Wallet (OVO/Dana);750000;0;750000;Semarang;Jawa Tengah
6a118f6afad9326442663ca5;TRX-H5BTUZ0R;31/12/2024;Jono Adriansyah;user969@example.com;Member;Meja Kerja Minimalis;Furniture;1200000;1;COD;1200000;0;1200000;Makassar;Sulawesi Selatan
6a118f6afad9326442663ca6;TRX-B5PI89BG;07/03/2025;Dewi Lestari;user970@example.com;Non-Member;Laptop ASUS ROG;Elektronik;20000000;1;Kartu Kredit;20000000;0;20000000;Makassar;Sulawesi Selatan
6a118f6afad9326442663ca7;TRX-7MFPQD35;15/02/2026;Siti Aminah;user971@example.com;Member;Kopi Susu Gula Aren 1L;Kuliner;65000;1;E-Wallet (OVO/Dana);65000;0;65000;Makassar;Sulawesi Selatan
6a118f6afad9326442663ca8;TRX-L6ZBKJYO;14/05/2025;Novianti;user972@example.com;Member;Kopi Susu Gula Aren 1L;Kuliner;65000;2;COD;130000;0;130000;Jakarta;DKI Jakarta
6a118f6afad9326442663ca9;TRX-4VK21G5Z;18/03/2026;Novianti;user973@example.com;Non-Member;Kopi Susu Gula Aren 1L;Kuliner;65000;2;Transfer Bank;130000;0;130000;Makassar;Sulawesi Selatan
6a118f6afad9326442663caa;TRX-BUYWMM80;08/03/2026;Budi Santoso;user974@example.com;Member;Laptop ASUS ROG;Elektronik;20000000;1;COD;20000000;0;20000000;Makassar;Sulawesi Selatan
6a118f6afad9326442663cab;TRX-VJDG0ZYM;30/11/2025;Rian Hidayat;user975@example.com;Member;Kursi Gaming Premium;Furniture;2500000;4;Kartu Kredit;10000000;0;10000000;Sukabumi;Jawa Barat
6a118f6afad9326442663cac;TRX-ZE1HN1VR;15/10/2025;Jono Adriansyah;user976@example.com;Non-Member;Paket Ayam Bakar Madu;Kuliner;35000;2;Transfer Bank;70000;0;70000;Makassar;Sulawesi Selatan
6a118f6afad9326442663cad;TRX-Y0XSTPA1;17/01/2026;Eko Prasetyo;user977@example.com;Non-Member;Kopi Susu Gula Aren 1L;Kuliner;65000;1;Kartu Kredit;65000;0;65000;Semarang;Jawa Tengah
6a118f6afad9326442663cae;TRX-UYV38UXZ;16/02/2026;Budi Santoso;user978@example.com;Non-Member;Sepatu Sneaker Lokal;Fashion;450000;4;COD;1800000;0;1800000;Medan;Sumatera Utara
6a118f6afad9326442663caf;TRX-M99JSGAA;26/09/2025;Budi Santoso;user979@example.com;Non-Member;Kemeja Flanel Oversize;Fashion;250000;2;Kartu Kredit;500000;0;500000;Jakarta;DKI Jakarta
6a118f6afad9326442663cb0;TRX-B4WTUG22;30/04/2025;Siti Aminah;user980@example.com;Member;Sepatu Sneaker Lokal;Fashion;450000;2;COD;900000;0;900000;Sukabumi;Jawa Barat
6a118f6afad9326442663cb1;TRX-82LYQ8RE;15/02/2025;Fahmi Idris;user981@example.com;Member;Laptop ASUS ROG;Elektronik;20000000;4;Transfer Bank;80000000;0;80000000;Medan;Sumatera Utara
6a118f6afad9326442663cb2;TRX-GHXXW2MZ;13/07/2025;Jono Adriansyah;user982@example.com;Non-Member;Kemeja Flanel Oversize;Fashion;250000;4;COD;1000000;0;1000000;Surabaya;Jawa Timur
6a118f6afad9326442663cb3;TRX-ESYST3VX;07/05/2026;Budi Santoso;user983@example.com;Member;Kursi Gaming Premium;Furniture;2500000;3;Transfer Bank;7500000;0;7500000;Bandung;Jawa Barat
6a118f6afad9326442663cb4;TRX-VDT7U4H9;16/07/2025;Andi Wijaya;user984@example.com;Non-Member;Meja Kerja Minimalis;Furniture;1200000;1;Kartu Kredit;1200000;0;1200000;Makassar;Sulawesi Selatan
6a118f6afad9326442663cb5;TRX-IKD9H4Q4;07/10/2025;Budi Santoso;user985@example.com;Non-Member;Kemeja Flanel Oversize;Fashion;250000;3;E-Wallet (OVO/Dana);750000;0;750000;Makassar;Sulawesi Selatan
6a118f6afad9326442663cb6;TRX-71PLB9BW;17/11/2025;Siti Aminah;user986@example.com;Member;Sepatu Sneaker Lokal;Fashion;450000;4;Kartu Kredit;1800000;0;1800000;Medan;Sumatera Utara
6a118f6afad9326442663cb7;TRX-8RG4TPNI;01/07/2025;Jono Adriansyah;user987@example.com;Member;Kopi Susu Gula Aren 1L;Kuliner;65000;4;E-Wallet (OVO/Dana);260000;0;260000;Semarang;Jawa Tengah
6a118f6afad9326442663cb8;TRX-F1VEEWX0;15/05/2025;Rian Hidayat;user988@example.com;Member;Smartphone Samsung S24;Elektronik;13000000;2;Kartu Kredit;26000000;0;26000000;Jakarta;DKI Jakarta
6a118f6afad9326442663cb9;TRX-SZRB9XEL;23/12/2025;Novianti;user989@example.com;Member;Paket Ayam Bakar Madu;Kuliner;35000;3;Kartu Kredit;105000;0;105000;Bandung;Jawa Barat
6a118f6afad9326442663cba;TRX-ISSR4Z45;31/03/2026;Rian Hidayat;user990@example.com;Non-Member;Kursi Gaming Premium;Furniture;2500000;2;COD;5000000;0;5000000;Sukabumi;Jawa Barat
6a118f6afad9326442663cbb;TRX-PVTJRLFC;11/09/2025;Dewi Lestari;user991@example.com;Non-Member;Kemeja Flanel Oversize;Fashion;250000;2;COD;500000;0;500000;Jakarta;DKI Jakarta
6a118f6afad9326442663cbc;TRX-TC0PQR74;10/02/2025;Novianti;user992@example.com;Member;Smartphone Samsung S24;Elektronik;13000000;3;Transfer Bank;39000000;0;39000000;Makassar;Sulawesi Selatan
6a118f6afad9326442663cbd;TRX-AX6R2JHO;02/05/2026;Budi Santoso;user993@example.com;Member;Sepatu Sneaker Lokal;Fashion;450000;1;Transfer Bank;450000;0;450000;Sukabumi;Jawa Barat
6a118f6afad9326442663cbe;TRX-D932HF4E;06/12/2025;Dewi Lestari;user994@example.com;Member;Laptop ASUS ROG;Elektronik;20000000;1;COD;20000000;0;20000000;Makassar;Sulawesi Selatan
6a118f6afad9326442663cbf;TRX-P15J0RY7;07/01/2026;Jono Adriansyah;user995@example.com;Non-Member;Kursi Gaming Premium;Furniture;2500000;3;Kartu Kredit;7500000;0;7500000;Jakarta;DKI Jakarta
6a118f6afad9326442663cc0;TRX-U7ZF48OF;02/01/2026;Budi Santoso;user996@example.com;Non-Member;Paket Ayam Bakar Madu;Kuliner;35000;2;Transfer Bank;70000;0;70000;Bandung;Jawa Barat
6a118f6afad9326442663cc1;TRX-B04F68O2;05/10/2025;Andi Wijaya;user997@example.com;Non-Member;Smartphone Samsung S24;Elektronik;13000000;2;E-Wallet (OVO/Dana);26000000;0;26000000;Bandung;Jawa Barat
6a118f6afad9326442663cc2;TRX-QB1HY27E;18/03/2025;Siti Aminah;user998@example.com;Member;Kemeja Flanel Oversize;Fashion;250000;2;COD;500000;0;500000;Semarang;Jawa Tengah
6a118f6afad9326442663cc3;TRX-5I08M0R2;08/03/2026;Fahmi Idris;user999@example.com;Non-Member;Kopi Susu Gula Aren 1L;Kuliner;65000;2;Kartu Kredit;130000;0;130000;Bandung;Jawa Barat
6a118f6afad9326442663cc4;TRX-V9QGI7L4;22/12/2025;Jono Adriansyah;user1000@example.com;Non-Member;Kursi Gaming Premium;Furniture;2500000;1;Kartu Kredit;2500000;0;2500000;Medan;Sumatera Utara
6a118f6afad9326442663cc5;TRX-X4ZHI3QP;22/04/2025;Eko Prasetyo;user1001@example.com;Non-Member;Kemeja Flanel Oversize;Fashion;250000;1;Transfer Bank;250000;0;250000;Surabaya;Jawa Timur
6a118f6afad9326442663cc6;TRX-UD9JV467;15/02/2026;Mega Pertiwi;user1002@example.com;Non-Member;Smartphone Samsung S24;Elektronik;13000000;4;Kartu Kredit;52000000;0;52000000;Semarang;Jawa Tengah
6a118f6afad9326442663cc7;TRX-KHA7BHQK;16/01/2025;Siti Aminah;user1003@example.com;Member;Kopi Susu Gula Aren 1L;Kuliner;65000;1;Transfer Bank;65000;0;65000;Makassar;Sulawesi Selatan
6a118f6afad9326442663cc8;TRX-8KF2WHZT;01/02/2026;Andi Wijaya;user1004@example.com;Member;Paket Ayam Bakar Madu;Kuliner;35000;4;Transfer Bank;140000;0;140000;Medan;Sumatera Utara
6a118f6afad9326442663cc9;TRX-A9BGPYL4;05/01/2026;Dewi Lestari;user1005@example.com;Non-Member;Kursi Gaming Premium;Furniture;2500000;3;Kartu Kredit;7500000;0;7500000;Surabaya;Jawa Timur
6a118f6afad9326442663cca;TRX-399SCT0O;04/07/2025;Mega Pertiwi;user1006@example.com;Member;Kemeja Flanel Oversize;Fashion;250000;2;Transfer Bank;500000;0;500000;Sukabumi;Jawa Barat
6a118f6afad9326442663ccb;TRX-5PGC9B9Q;04/04/2026;Siti Aminah;user1007@example.com;Non-Member;Sepatu Sneaker Lokal;Fashion;450000;4;COD;1800000;0;1800000;Semarang;Jawa Tengah
6a118f6afad9326442663ccc;TRX-75TPAOAZ;09/02/2026;Eko Prasetyo;user1008@example.com;Non-Member;Paket Ayam Bakar Madu;Kuliner;35000;3;Kartu Kredit;105000;0;105000;Sukabumi;Jawa Barat
6a118f6afad9326442663ccd;TRX-EON1G26H;19/04/2025;Fahmi Idris;user1009@example.com;Member;Kemeja Flanel Oversize;Fashion;250000;3;Kartu Kredit;750000;0;750000;Bandung;Jawa Barat
6a118f6afad9326442663cce;TRX-K990MOPW;07/03/2026;Novianti;user1010@example.com;Member;Smartphone Samsung S24;Elektronik;13000000;1;E-Wallet (OVO/Dana);13000000;0;13000000;Sukabumi;Jawa Barat
6a118f6afad9326442663ccf;TRX-9UK1DOGH;24/03/2025;Fahmi Idris;user1011@example.com;Member;Kemeja Flanel Oversize;Fashion;250000;1;COD;250000;0;250000;Semarang;Jawa Tengah
6a118f6afad9326442663cd0;TRX-WJ8WN8RZ;26/01/2026;Rian Hidayat;user1012@example.com;Non-Member;Kursi Gaming Premium;Furniture;2500000;3;Kartu Kredit;7500000;0;7500000;Semarang;Jawa Tengah
6a118f6afad9326442663cd1;TRX-MO8WYQMM;19/03/2025;Novianti;user1013@example.com;Non-Member;Paket Ayam Bakar Madu;Kuliner;35000;4;Kartu Kredit;140000;0;140000;Makassar;Sulawesi Selatan
6a118f6afad9326442663cd2;TRX-OE2Q9SN0;18/11/2025;Fahmi Idris;user1014@example.com;Non-Member;Paket Ayam Bakar Madu;Kuliner;35000;2;Transfer Bank;70000;0;70000;Bandung;Jawa Barat
6a118f6afad9326442663cd3;TRX-F8PHS9JW;27/01/2025;Eko Prasetyo;user1015@example.com;Member;Smartphone Samsung S24;Elektronik;13000000;4;Kartu Kredit;52000000;0;52000000;Bandung;Jawa Barat
6a118f6afad9326442663cd4;TRX-VODMTQ0O;01/05/2025;Jono Adriansyah;user1016@example.com;Member;Sepatu Sneaker Lokal;Fashion;450000;1;Kartu Kredit;450000;0;450000;Bandung;Jawa Barat
6a118f6afad9326442663cd5;TRX-EY7KWT4F;03/03/2025;Fahmi Idris;user1017@example.com;Non-Member;Sepatu Sneaker Lokal;Fashion;450000;2;Transfer Bank;900000;0;900000;Bandung;Jawa Barat
6a118f6afad9326442663cd6;TRX-55GEQFBN;07/05/2025;Budi Santoso;user1018@example.com;Non-Member;Kemeja Flanel Oversize;Fashion;250000;1;Kartu Kredit;250000;0;250000;Medan;Sumatera Utara
6a118f6afad9326442663cd7;TRX-XSJB3XBZ;09/12/2025;Budi Santoso;user1019@example.com;Member;Smartphone Samsung S24;Elektronik;13000000;4;Transfer Bank;52000000;0;52000000;Sukabumi;Jawa Barat
6a118f6afad9326442663cd8;TRX-JRH9L1DE;13/01/2026;Siti Aminah;user1020@example.com;Non-Member;Kopi Susu Gula Aren 1L;Kuliner;65000;4;E-Wallet (OVO/Dana);260000;0;260000;Sukabumi;Jawa Barat
6a118f6afad9326442663cd9;TRX-SFIHBGRU;15/05/2025;Andi Wijaya;user1021@example.com;Non-Member;Kopi Susu Gula Aren 1L;Kuliner;65000;3;COD;195000;0;195000;Bandung;Jawa Barat
6a118f6afad9326442663cda;TRX-U2PNIEKZ;08/05/2026;Jono Adriansyah;user1022@example.com;Member;Laptop ASUS ROG;Elektronik;20000000;2;COD;40000000;0;40000000;Makassar;Sulawesi Selatan
6a118f6afad9326442663cdb;TRX-KG7Y79TG;27/02/2026;Budi Santoso;user1023@example.com;Non-Member;Kopi Susu Gula Aren 1L;Kuliner;65000;2;Transfer Bank;130000;0;130000;Makassar;Sulawesi Selatan
6a118f6afad9326442663cdc;TRX-QKKB17MK;11/02/2025;Mega Pertiwi;user1024@example.com;Non-Member;Kemeja Flanel Oversize;Fashion;250000;4;Kartu Kredit;1000000;0;1000000;Bandung;Jawa Barat
6a118f6afad9326442663cdd;TRX-HX38AS6Z;23/06/2025;Mega Pertiwi;user1025@example.com;Non-Member;Smartphone Samsung S24;Elektronik;13000000;1;Kartu Kredit;13000000;0;13000000;Makassar;Sulawesi Selatan
6a118f6afad9326442663cde;TRX-HBLTWX4L;09/12/2025;Siti Aminah;user1026@example.com;Non-Member;Laptop ASUS ROG;Elektronik;20000000;4;Kartu Kredit;80000000;0;80000000;Jakarta;DKI Jakarta
6a118f6afad9326442663cdf;TRX-NIS49635;16/04/2025;Rian Hidayat;user1027@example.com;Member;Meja Kerja Minimalis;Furniture;1200000;1;Kartu Kredit;1200000;0;1200000;Medan;Sumatera Utara
6a118f6afad9326442663ce0;TRX-H0UMPI5T;26/05/2026;Mega Pertiwi;user1028@example.com;Member;Smartphone Samsung S24;Elektronik;13000000;1;COD;13000000;0;13000000;Surabaya;Jawa Timur
6a118f6afad9326442663ce1;TRX-NHP4FZ3O;12/03/2026;Eko Prasetyo;user1029@example.com;Member;Kursi Gaming Premium;Furniture;2500000;2;COD;5000000;0;5000000;Makassar;Sulawesi Selatan
6a118f6afad9326442663ce2;TRX-3V6VKPD3;27/06/2025;Rian Hidayat;user1030@example.com;Member;Meja Kerja Minimalis;Furniture;1200000;3;Kartu Kredit;3600000;0;3600000;Jakarta;DKI Jakarta
6a118f6afad9326442663ce3;TRX-EU9PDRZO;21/07/2025;Fahmi Idris;user1031@example.com;Member;Sepatu Sneaker Lokal;Fashion;450000;3;Transfer Bank;1350000;0;1350000;Surabaya;Jawa Timur
6a118f6afad9326442663ce4;TRX-CTGAHYPN;10/11/2025;Jono Adriansyah;user1032@example.com;Member;Kemeja Flanel Oversize;Fashion;250000;3;Transfer Bank;750000;0;750000;Surabaya;Jawa Timur
6a118f6afad9326442663ce5;TRX-6HOPA2FK;24/09/2025;Fahmi Idris;user1033@example.com;Member;Laptop ASUS ROG;Elektronik;20000000;1;E-Wallet (OVO/Dana);20000000;0;20000000;Makassar;Sulawesi Selatan
6a118f6afad9326442663ce6;TRX-NM7NCQNE;26/03/2026;Dewi Lestari;user1034@example.com;Member;Sepatu Sneaker Lokal;Fashion;450000;4;Transfer Bank;1800000;0;1800000;Jakarta;DKI Jakarta
6a118f6afad9326442663ce7;TRX-LEDCKYWO;18/04/2026;Budi Santoso;user1035@example.com;Non-Member;Kursi Gaming Premium;Furniture;2500000;1;Transfer Bank;2500000;0;2500000;Sukabumi;Jawa Barat
6a118f6afad9326442663ce8;TRX-7IDWLZBR;02/10/2025;Budi Santoso;user1036@example.com;Member;Meja Kerja Minimalis;Furniture;1200000;3;Transfer Bank;3600000;0;3600000;Bandung;Jawa Barat
6a118f6afad9326442663ce9;TRX-LZRQIXA2;26/04/2026;Siti Aminah;user1037@example.com;Member;Kemeja Flanel Oversize;Fashion;250000;1;COD;250000;0;250000;Makassar;Sulawesi Selatan
6a118f6afad9326442663cea;TRX-F2N3Z8K4;05/04/2026;Rian Hidayat;user1038@example.com;Member;Kopi Susu Gula Aren 1L;Kuliner;65000;4;Kartu Kredit;260000;0;260000;Jakarta;DKI Jakarta
6a118f6afad9326442663ceb;TRX-5U489R9U;18/02/2025;Novianti;user1039@example.com;Non-Member;Paket Ayam Bakar Madu;Kuliner;35000;3;COD;105000;0;105000;Medan;Sumatera Utara
6a118f6afad9326442663cec;TRX-09UH06PB;24/11/2025;Fahmi Idris;user1040@example.com;Member;Meja Kerja Minimalis;Furniture;1200000;4;Transfer Bank;4800000;0;4800000;Bandung;Jawa Barat
6a118f6afad9326442663ced;TRX-PUXU4ZQ6;13/01/2025;Fahmi Idris;user1041@example.com;Member;Paket Ayam Bakar Madu;Kuliner;35000;4;E-Wallet (OVO/Dana);140000;0;140000;Surabaya;Jawa Timur
6a118f6afad9326442663cee;TRX-XL62AL8W;03/11/2025;Rian Hidayat;user1042@example.com;Non-Member;Paket Ayam Bakar Madu;Kuliner;35000;2;Transfer Bank;70000;0;70000;Sukabumi;Jawa Barat
6a118f6afad9326442663cef;TRX-DQQJ51QY;09/05/2026;Jono Adriansyah;user1043@example.com;Member;Laptop ASUS ROG;Elektronik;20000000;1;E-Wallet (OVO/Dana);20000000;0;20000000;Semarang;Jawa Tengah
6a118f6afad9326442663cf0;TRX-34V5ASO7;19/02/2026;Novianti;user1044@example.com;Member;Kopi Susu Gula Aren 1L;Kuliner;65000;4;Kartu Kredit;260000;0;260000;Medan;Sumatera Utara
6a118f6afad9326442663cf1;TRX-EDNRJZNE;11/05/2025;Dewi Lestari;user1045@example.com;Member;Kopi Susu Gula Aren 1L;Kuliner;65000;1;Transfer Bank;65000;0;65000;Semarang;Jawa Tengah
6a118f6afad9326442663cf2;TRX-3OSI8OZ8;11/11/2025;Dewi Lestari;user1046@example.com;Non-Member;Kursi Gaming Premium;Furniture;2500000;2;COD;5000000;0;5000000;Semarang;Jawa Tengah
6a118f6afad9326442663cf3;TRX-KFU2MADD;24/05/2025;Siti Aminah;user1047@example.com;Non-Member;Smartphone Samsung S24;Elektronik;13000000;4;Kartu Kredit;52000000;0;52000000;Surabaya;Jawa Timur
6a118f6afad9326442663cf4;TRX-W4L4YRG8;31/01/2026;Fahmi Idris;user1048@example.com;Member;Laptop ASUS ROG;Elektronik;20000000;1;Transfer Bank;20000000;0;20000000;Makassar;Sulawesi Selatan
6a118f6afad9326442663cf5;TRX-ZLYRJGBV;21/02/2026;Rian Hidayat;user1049@example.com;Non-Member;Laptop ASUS ROG;Elektronik;20000000;3;Transfer Bank;60000000;0;60000000;Surabaya;Jawa Timur
6a118f6afad9326442663cf6;TRX-AAN5FFK3;13/01/2025;Eko Prasetyo;user1050@example.com;Member;Sepatu Sneaker Lokal;Fashion;450000;4;E-Wallet (OVO/Dana);1800000;0;1800000;Sukabumi;Jawa Barat
6a118f6afad9326442663cf7;TRX-BT7YG75L;01/03/2025;Jono Adriansyah;user1051@example.com;Member;Laptop ASUS ROG;Elektronik;20000000;2;Transfer Bank;40000000;0;40000000;Makassar;Sulawesi Selatan
6a118f6afad9326442663cf8;TRX-3LEYQ4JN;22/01/2025;Siti Aminah;user1052@example.com;Member;Sepatu Sneaker Lokal;Fashion;450000;2;COD;900000;0;900000;Surabaya;Jawa Timur
6a118f6afad9326442663cf9;TRX-TOTDWP2N;06/02/2025;Jono Adriansyah;user1053@example.com;Non-Member;Kemeja Flanel Oversize;Fashion;250000;1;E-Wallet (OVO/Dana);250000;0;250000;Semarang;Jawa Tengah
6a118f6afad9326442663cfa;TRX-CA7A14O1;11/06/2025;Andi Wijaya;user1054@example.com;Non-Member;Kemeja Flanel Oversize;Fashion;250000;4;COD;1000000;0;1000000;Sukabumi;Jawa Barat
6a118f6afad9326442663cfb;TRX-W7I82UKD;25/05/2026;Eko Prasetyo;user1055@example.com;Member;Kemeja Flanel Oversize;Fashion;250000;2;Transfer Bank;500000;0;500000;Semarang;Jawa Tengah
6a118f6afad9326442663cfc;TRX-V9APGR9K;20/07/2025;Eko Prasetyo;user1056@example.com;Non-Member;Meja Kerja Minimalis;Furniture;1200000;3;E-Wallet (OVO/Dana);3600000;0;3600000;Surabaya;Jawa Timur
6a118f6afad9326442663cfd;TRX-VV4YVN0Y;22/06/2025;Mega Pertiwi;user1057@example.com;Non-Member;Meja Kerja Minimalis;Furniture;1200000;4;Transfer Bank;4800000;0;4800000;Surabaya;Jawa Timur
6a118f6afad9326442663cfe;TRX-LLHLJLS0;26/03/2025;Budi Santoso;user1058@example.com;Member;Kursi Gaming Premium;Furniture;2500000;4;COD;10000000;0;10000000;Jakarta;DKI Jakarta
6a118f6afad9326442663cff;TRX-151CGPK9;01/02/2026;Jono Adriansyah;user1059@example.com;Member;Sepatu Sneaker Lokal;Fashion;450000;1;Kartu Kredit;450000;0;450000;Sukabumi;Jawa Barat
6a118f6afad9326442663d00;TRX-EU1B8EK1;11/01/2025;Rian Hidayat;user1060@example.com;Member;Paket Ayam Bakar Madu;Kuliner;35000;4;Kartu Kredit;140000;0;140000;Surabaya;Jawa Timur
6a118f6afad9326442663d01;TRX-F7LVPNAW;08/06/2025;Rian Hidayat;user1061@example.com;Non-Member;Sepatu Sneaker Lokal;Fashion;450000;1;E-Wallet (OVO/Dana);450000;0;450000;Bandung;Jawa Barat
6a118f6afad9326442663d02;TRX-82WIERHY;13/04/2026;Rian Hidayat;user1062@example.com;Non-Member;Laptop ASUS ROG;Elektronik;20000000;2;Transfer Bank;40000000;0;40000000;Sukabumi;Jawa Barat
6a118f6afad9326442663d03;TRX-5NMSKOEP;20/01/2026;Mega Pertiwi;user1063@example.com;Member;Meja Kerja Minimalis;Furniture;1200000;2;Transfer Bank;2400000;0;2400000;Bandung;Jawa Barat
6a118f6afad9326442663d04;TRX-1B7Y42FL;10/01/2026;Dewi Lestari;user1064@example.com;Member;Laptop ASUS ROG;Elektronik;20000000;2;E-Wallet (OVO/Dana);40000000;0;40000000;Sukabumi;Jawa Barat
6a118f6afad9326442663d05;TRX-6OZ4NGY8;22/05/2026;Rian Hidayat;user1065@example.com;Member;Kemeja Flanel Oversize;Fashion;250000;4;E-Wallet (OVO/Dana);1000000;0;1000000;Jakarta;DKI Jakarta
6a118f6afad9326442663d06;TRX-OR4DRFLX;24/07/2025;Jono Adriansyah;user1066@example.com;Member;Kursi Gaming Premium;Furniture;2500000;3;E-Wallet (OVO/Dana);7500000;0;7500000;Makassar;Sulawesi Selatan
6a118f6afad9326442663d07;TRX-26XJIVC7;27/04/2025;Rian Hidayat;user1067@example.com;Non-Member;Kursi Gaming Premium;Furniture;2500000;3;Transfer Bank;7500000;0;7500000;Surabaya;Jawa Timur
6a118f6afad9326442663d08;TRX-70BR2J28;21/10/2025;Eko Prasetyo;user1068@example.com;Member;Kemeja Flanel Oversize;Fashion;250000;4;E-Wallet (OVO/Dana);1000000;0;1000000;Medan;Sumatera Utara
6a118f6afad9326442663d09;TRX-SLPUODSJ;17/05/2026;Siti Aminah;user1069@example.com;Member;Meja Kerja Minimalis;Furniture;1200000;4;E-Wallet (OVO/Dana);4800000;0;4800000;Sukabumi;Jawa Barat
6a118f6afad9326442663d0a;TRX-8EP3VRR0;21/11/2025;Andi Wijaya;user1070@example.com;Member;Meja Kerja Minimalis;Furniture;1200000;2;Kartu Kredit;2400000;0;2400000;Bandung;Jawa Barat
6a118f6afad9326442663d0b;TRX-MIDRVKNS;25/10/2025;Andi Wijaya;user1071@example.com;Member;Kopi Susu Gula Aren 1L;Kuliner;65000;3;Transfer Bank;195000;0;195000;Makassar;Sulawesi Selatan
6a118f6afad9326442663d0c;TRX-X6Z9NEP4;03/05/2025;Rian Hidayat;user1072@example.com;Non-Member;Kemeja Flanel Oversize;Fashion;250000;2;E-Wallet (OVO/Dana);500000;0;500000;Bandung;Jawa Barat
6a118f6afad9326442663d0d;TRX-JOTJPQCQ;05/04/2026;Andi Wijaya;user1073@example.com;Member;Laptop ASUS ROG;Elektronik;20000000;3;COD;60000000;0;60000000;Medan;Sumatera Utara
6a118f6afad9326442663d0e;TRX-Z2QDPCHZ;26/08/2025;Budi Santoso;user1074@example.com;Non-Member;Kemeja Flanel Oversize;Fashion;250000;2;E-Wallet (OVO/Dana);500000;0;500000;Sukabumi;Jawa Barat
6a118f6afad9326442663d0f;TRX-OMN7ZUYQ;15/11/2025;Eko Prasetyo;user1075@example.com;Non-Member;Kursi Gaming Premium;Furniture;2500000;3;COD;7500000;0;7500000;Makassar;Sulawesi Selatan
6a118f6afad9326442663d10;TRX-AMWNVBQQ;24/04/2025;Fahmi Idris;user1076@example.com;Non-Member;Paket Ayam Bakar Madu;Kuliner;35000;1;COD;35000;0;35000;Bandung;Jawa Barat
6a118f6afad9326442663d11;TRX-HLV017Q6;03/11/2025;Dewi Lestari;user1077@example.com;Non-Member;Smartphone Samsung S24;Elektronik;13000000;3;COD;39000000;0;39000000;Surabaya;Jawa Timur
6a118f6afad9326442663d12;TRX-08YD7VNI;12/10/2025;Mega Pertiwi;user1078@example.com;Non-Member;Kopi Susu Gula Aren 1L;Kuliner;65000;1;Transfer Bank;65000;0;65000;Surabaya;Jawa Timur
6a118f6afad9326442663d13;TRX-SSRA7SQ0;11/03/2026;Novianti;user1079@example.com;Non-Member;Sepatu Sneaker Lokal;Fashion;450000;3;Transfer Bank;1350000;0;1350000;Makassar;Sulawesi Selatan
6a118f6afad9326442663d14;TRX-0ZIF58Y6;22/05/2026;Novianti;user1080@example.com;Member;Paket Ayam Bakar Madu;Kuliner;35000;1;Transfer Bank;35000;0;35000;Jakarta;DKI Jakarta
6a118f6afad9326442663d15;TRX-X5PWP1EL;26/08/2025;Eko Prasetyo;user1081@example.com;Non-Member;Kursi Gaming Premium;Furniture;2500000;2;COD;5000000;0;5000000;Sukabumi;Jawa Barat
6a118f6afad9326442663d16;TRX-8LMO507I;10/11/2025;Eko Prasetyo;user1082@example.com;Member;Meja Kerja Minimalis;Furniture;1200000;3;Kartu Kredit;3600000;0;3600000;Semarang;Jawa Tengah
6a118f6afad9326442663d17;TRX-ZUOQ33H1;06/03/2026;Jono Adriansyah;user1083@example.com;Member;Laptop ASUS ROG;Elektronik;20000000;2;COD;40000000;0;40000000;Jakarta;DKI Jakarta
6a118f6afad9326442663d18;TRX-JZ0ZSJXN;24/07/2025;Andi Wijaya;user1084@example.com;Member;Kemeja Flanel Oversize;Fashion;250000;1;COD;250000;0;250000;Medan;Sumatera Utara
6a118f6afad9326442663d19;TRX-LRVPJ1G7;31/12/2024;Eko Prasetyo;user1085@example.com;Non-Member;Smartphone Samsung S24;Elektronik;13000000;2;COD;26000000;0;26000000;Medan;Sumatera Utara
6a118f6afad9326442663d1a;TRX-VHXWAKBW;13/04/2025;Rian Hidayat;user1086@example.com;Non-Member;Kursi Gaming Premium;Furniture;2500000;4;Transfer Bank;10000000;0;10000000;Semarang;Jawa Tengah
6a118f6afad9326442663d1b;TRX-NE06SFAI;04/07/2025;Mega Pertiwi;user1087@example.com;Member;Paket Ayam Bakar Madu;Kuliner;35000;3;E-Wallet (OVO/Dana);105000;0;105000;Makassar;Sulawesi Selatan
6a118f6afad9326442663d1c;TRX-WLIENSY4;10/01/2026;Andi Wijaya;user1088@example.com;Non-Member;Kursi Gaming Premium;Furniture;2500000;1;E-Wallet (OVO/Dana);2500000;0;2500000;Surabaya;Jawa Timur
6a118f6afad9326442663d1d;TRX-L5A5775H;21/04/2025;Siti Aminah;user1089@example.com;Member;Kopi Susu Gula Aren 1L;Kuliner;65000;4;Transfer Bank;260000;0;260000;Medan;Sumatera Utara
6a118f6afad9326442663d1e;TRX-0MUX1BAX;05/01/2026;Eko Prasetyo;user1090@example.com;Non-Member;Paket Ayam Bakar Madu;Kuliner;35000;2;E-Wallet (OVO/Dana);70000;0;70000;Surabaya;Jawa Timur
6a118f6afad9326442663d1f;TRX-GUSNDNXO;19/10/2025;Fahmi Idris;user1091@example.com;Non-Member;Sepatu Sneaker Lokal;Fashion;450000;1;Kartu Kredit;450000;0;450000;Bandung;Jawa Barat
6a118f6afad9326442663d20;TRX-GV9ZSCYT;07/08/2025;Dewi Lestari;user1092@example.com;Member;Kursi Gaming Premium;Furniture;2500000;1;COD;2500000;0;2500000;Jakarta;DKI Jakarta
6a118f6afad9326442663d21;TRX-TZ3JSN1S;27/01/2025;Mega Pertiwi;user1093@example.com;Member;Kemeja Flanel Oversize;Fashion;250000;2;COD;500000;0;500000;Medan;Sumatera Utara
6a118f6afad9326442663d22;TRX-C8MK8VPI;17/01/2025;Mega Pertiwi;user1094@example.com;Member;Kemeja Flanel Oversize;Fashion;250000;1;COD;250000;0;250000;Surabaya;Jawa Timur
6a118f6afad9326442663d23;TRX-ZFAL933J;02/06/2025;Fahmi Idris;user1095@example.com;Member;Kopi Susu Gula Aren 1L;Kuliner;65000;4;Transfer Bank;260000;0;260000;Makassar;Sulawesi Selatan
6a118f6afad9326442663d24;TRX-JCDEP2H8;26/07/2025;Jono Adriansyah;user1096@example.com;Member;Sepatu Sneaker Lokal;Fashion;450000;4;Transfer Bank;1800000;0;1800000;Semarang;Jawa Tengah
6a118f6afad9326442663d25;TRX-MMRPNENX;01/10/2025;Novianti;user1097@example.com;Member;Kursi Gaming Premium;Furniture;2500000;3;Transfer Bank;7500000;0;7500000;Medan;Sumatera Utara
6a118f6afad9326442663d26;TRX-ALD30MJJ;16/01/2026;Rian Hidayat;user1098@example.com;Member;Kemeja Flanel Oversize;Fashion;250000;3;Kartu Kredit;750000;0;750000;Medan;Sumatera Utara
6a118f6afad9326442663d27;TRX-R10KACVP;20/06/2025;Novianti;user1099@example.com;Non-Member;Sepatu Sneaker Lokal;Fashion;450000;1;Kartu Kredit;450000;0;450000;Sukabumi;Jawa Barat
6a118f6afad9326442663d28;TRX-UOFYG9RF;04/09/2025;Eko Prasetyo;user1100@example.com;Non-Member;Paket Ayam Bakar Madu;Kuliner;35000;2;Kartu Kredit;70000;0;70000;Medan;Sumatera Utara
6a118f6afad9326442663d29;TRX-4UHR8S66;12/08/2025;Rian Hidayat;user1101@example.com;Member;Laptop ASUS ROG;Elektronik;20000000;4;Transfer Bank;80000000;0;80000000;Bandung;Jawa Barat
6a118f6afad9326442663d2a;TRX-A44OC0DR;08/04/2025;Budi Santoso;user1102@example.com;Member;Smartphone Samsung S24;Elektronik;13000000;1;Transfer Bank;13000000;0;13000000;Jakarta;DKI Jakarta
6a118f6afad9326442663d2b;TRX-0EBQ52HG;04/01/2026;Novianti;user1103@example.com;Non-Member;Kemeja Flanel Oversize;Fashion;250000;3;E-Wallet (OVO/Dana);750000;0;750000;Makassar;Sulawesi Selatan
6a118f6afad9326442663d2c;TRX-WB6AYNM4;08/03/2025;Dewi Lestari;user1104@example.com;Non-Member;Sepatu Sneaker Lokal;Fashion;450000;4;Kartu Kredit;1800000;0;1800000;Sukabumi;Jawa Barat
6a118f6afad9326442663d2d;TRX-CBU0ZS0F;18/11/2025;Eko Prasetyo;user1105@example.com;Member;Kemeja Flanel Oversize;Fashion;250000;3;Kartu Kredit;750000;0;750000;Medan;Sumatera Utara
6a118f6afad9326442663d2e;TRX-NNEGQABN;12/05/2026;Mega Pertiwi;user1106@example.com;Non-Member;Kemeja Flanel Oversize;Fashion;250000;4;Kartu Kredit;1000000;0;1000000;Semarang;Jawa Tengah
6a118f6afad9326442663d2f;TRX-J2DDB8LI;27/05/2025;Budi Santoso;user1107@example.com;Non-Member;Kopi Susu Gula Aren 1L;Kuliner;65000;3;E-Wallet (OVO/Dana);195000;0;195000;Jakarta;DKI Jakarta
6a118f6afad9326442663d30;TRX-YPDUOMLC;27/01/2025;Andi Wijaya;user1108@example.com;Non-Member;Kopi Susu Gula Aren 1L;Kuliner;65000;3;COD;195000;0;195000;Medan;Sumatera Utara
6a118f6afad9326442663d31;TRX-9XJ6BPF5;09/07/2025;Siti Aminah;user1109@example.com;Member;Paket Ayam Bakar Madu;Kuliner;35000;1;E-Wallet (OVO/Dana);35000;0;35000;Surabaya;Jawa Timur
6a118f6afad9326442663d32;TRX-1KJF7XOC;21/03/2025;Fahmi Idris;user1110@example.com;Non-Member;Kopi Susu Gula Aren 1L;Kuliner;65000;1;COD;65000;0;65000;Medan;Sumatera Utara
6a118f6afad9326442663d33;TRX-AS6MQ27I;10/09/2025;Siti Aminah;user1111@example.com;Non-Member;Paket Ayam Bakar Madu;Kuliner;35000;4;COD;140000;0;140000;Semarang;Jawa Tengah
6a118f6afad9326442663d34;TRX-AU2IDO8F;21/07/2025;Siti Aminah;user1112@example.com;Member;Laptop ASUS ROG;Elektronik;20000000;1;COD;20000000;0;20000000;Sukabumi;Jawa Barat
6a118f6afad9326442663d35;TRX-CHDA2WKJ;24/12/2025;Mega Pertiwi;user1113@example.com;Non-Member;Laptop ASUS ROG;Elektronik;20000000;2;E-Wallet (OVO/Dana);40000000;0;40000000;Medan;Sumatera Utara
6a118f6afad9326442663d36;TRX-7634TZ4I;24/03/2025;Jono Adriansyah;user1114@example.com;Member;Meja Kerja Minimalis;Furniture;1200000;2;Transfer Bank;2400000;0;2400000;Semarang;Jawa Tengah
6a118f6afad9326442663d37;TRX-TCWU0JYM;08/11/2025;Dewi Lestari;user1115@example.com;Non-Member;Kopi Susu Gula Aren 1L;Kuliner;65000;2;COD;130000;0;130000;Bandung;Jawa Barat
6a118f6afad9326442663d38;TRX-CBE3GV9K;21/02/2026;Siti Aminah;user1116@example.com;Member;Kemeja Flanel Oversize;Fashion;250000;4;Transfer Bank;1000000;0;1000000;Jakarta;DKI Jakarta
6a118f6afad9326442663d39;TRX-KKZX931E;22/04/2026;Siti Aminah;user1117@example.com;Non-Member;Kemeja Flanel Oversize;Fashion;250000;4;Transfer Bank;1000000;0;1000000;Bandung;Jawa Barat
6a118f6afad9326442663d3a;TRX-THTMXDOG;26/01/2025;Budi Santoso;user1118@example.com;Member;Smartphone Samsung S24;Elektronik;13000000;4;Kartu Kredit;52000000;0;52000000;Sukabumi;Jawa Barat
6a118f6afad9326442663d3b;TRX-WH617II3;24/01/2025;Dewi Lestari;user1119@example.com;Non-Member;Kursi Gaming Premium;Furniture;2500000;2;Transfer Bank;5000000;0;5000000;Semarang;Jawa Tengah
6a118f6afad9326442663d3c;TRX-O59D214C;23/04/2025;Novianti;user1120@example.com;Member;Laptop ASUS ROG;Elektronik;20000000;2;Transfer Bank;40000000;0;40000000;Semarang;Jawa Tengah
6a118f6afad9326442663d3d;TRX-ON29IN44;16/05/2025;Siti Aminah;user1121@example.com;Member;Smartphone Samsung S24;Elektronik;13000000;4;E-Wallet (OVO/Dana);52000000;0;52000000;Sukabumi;Jawa Barat
6a118f6afad9326442663d3e;TRX-5XFNFFNN;07/04/2025;Dewi Lestari;user1122@example.com;Non-Member;Kursi Gaming Premium;Furniture;2500000;3;Kartu Kredit;7500000;0;7500000;Bandung;Jawa Barat
6a118f6afad9326442663d3f;TRX-E35ZMCHZ;17/07/2025;Eko Prasetyo;user1123@example.com;Non-Member;Kursi Gaming Premium;Furniture;2500000;2;E-Wallet (OVO/Dana);5000000;0;5000000;Sukabumi;Jawa Barat
6a118f6afad9326442663d40;TRX-A69J9LYB;23/05/2026;Dewi Lestari;user1124@example.com;Member;Laptop ASUS ROG;Elektronik;20000000;4;E-Wallet (OVO/Dana);80000000;0;80000000;Bandung;Jawa Barat
6a118f6afad9326442663d41;TRX-H26GYU5A;12/01/2026;Novianti;user1125@example.com;Non-Member;Laptop ASUS ROG;Elektronik;20000000;2;Transfer Bank;40000000;0;40000000;Surabaya;Jawa Timur
6a118f6afad9326442663d42;TRX-OMTI6YLG;10/03/2026;Budi Santoso;user1126@example.com;Member;Paket Ayam Bakar Madu;Kuliner;35000;3;COD;105000;0;105000;Medan;Sumatera Utara
6a118f6afad9326442663d43;TRX-V84HGRTU;01/04/2025;Dewi Lestari;user1127@example.com;Non-Member;Kursi Gaming Premium;Furniture;2500000;4;COD;10000000;0;10000000;Sukabumi;Jawa Barat
6a118f6afad9326442663d44;TRX-UW2IKH91;14/02/2026;Dewi Lestari;user1128@example.com;Non-Member;Meja Kerja Minimalis;Furniture;1200000;3;E-Wallet (OVO/Dana);3600000;0;3600000;Makassar;Sulawesi Selatan
6a118f6afad9326442663d45;TRX-59G63BWQ;11/08/2025;Novianti;user1129@example.com;Non-Member;Laptop ASUS ROG;Elektronik;20000000;4;E-Wallet (OVO/Dana);80000000;0;80000000;Makassar;Sulawesi Selatan
6a118f6afad9326442663d46;TRX-3XTGUG6M;13/05/2026;Jono Adriansyah;user1130@example.com;Non-Member;Laptop ASUS ROG;Elektronik;20000000;2;Transfer Bank;40000000;0;40000000;Sukabumi;Jawa Barat
6a118f6afad9326442663d47;TRX-MUGP5RP2;19/09/2025;Dewi Lestari;user1131@example.com;Non-Member;Kemeja Flanel Oversize;Fashion;250000;1;E-Wallet (OVO/Dana);250000;0;250000;Bandung;Jawa Barat
6a118f6afad9326442663d48;TRX-KKDMGY7Q;04/07/2025;Andi Wijaya;user1132@example.com;Non-Member;Kemeja Flanel Oversize;Fashion;250000;2;Kartu Kredit;500000;0;500000;Jakarta;DKI Jakarta
6a118f6afad9326442663d49;TRX-NMUFQWQT;15/01/2026;Budi Santoso;user1133@example.com;Member;Smartphone Samsung S24;Elektronik;13000000;1;E-Wallet (OVO/Dana);13000000;0;13000000;Bandung;Jawa Barat
6a118f6afad9326442663d4a;TRX-ZBUSGABA;01/02/2026;Dewi Lestari;user1134@example.com;Non-Member;Sepatu Sneaker Lokal;Fashion;450000;4;COD;1800000;0;1800000;Makassar;Sulawesi Selatan
6a118f6afad9326442663d4b;TRX-1A30EIA5;24/05/2026;Dewi Lestari;user1135@example.com;Non-Member;Kemeja Flanel Oversize;Fashion;250000;4;Kartu Kredit;1000000;0;1000000;Makassar;Sulawesi Selatan
6a118f6afad9326442663d4c;TRX-J4E9AEFI;17/03/2025;Eko Prasetyo;user1136@example.com;Member;Meja Kerja Minimalis;Furniture;1200000;4;Transfer Bank;4800000;0;4800000;Sukabumi;Jawa Barat
6a118f6afad9326442663d4d;TRX-WSAM2TJ3;19/05/2025;Siti Aminah;user1137@example.com;Member;Kemeja Flanel Oversize;Fashion;250000;3;E-Wallet (OVO/Dana);750000;0;750000;Sukabumi;Jawa Barat
6a118f6afad9326442663d4e;TRX-CGSVH1KJ;22/04/2026;Fahmi Idris;user1138@example.com;Member;Kopi Susu Gula Aren 1L;Kuliner;65000;3;E-Wallet (OVO/Dana);195000;0;195000;Surabaya;Jawa Timur
6a118f6afad9326442663d4f;TRX-XSO6V7Z4;10/03/2026;Budi Santoso;user1139@example.com;Non-Member;Laptop ASUS ROG;Elektronik;20000000;1;COD;20000000;0;20000000;Bandung;Jawa Barat
6a118f6afad9326442663d50;TRX-5O320PKQ;20/01/2025;Rian Hidayat;user1140@example.com;Member;Kursi Gaming Premium;Furniture;2500000;3;E-Wallet (OVO/Dana);7500000;0;7500000;Semarang;Jawa Tengah
6a118f6afad9326442663d51;TRX-1KYFFEYU;06/05/2026;Siti Aminah;user1141@example.com;Non-Member;Sepatu Sneaker Lokal;Fashion;450000;2;E-Wallet (OVO/Dana);900000;0;900000;Medan;Sumatera Utara
6a118f6afad9326442663d52;TRX-2JXDDIMN;19/08/2025;Eko Prasetyo;user1142@example.com;Non-Member;Sepatu Sneaker Lokal;Fashion;450000;3;Transfer Bank;1350000;0;1350000;Bandung;Jawa Barat
6a118f6afad9326442663d53;TRX-AMQFRZS3;27/03/2025;Jono Adriansyah;user1143@example.com;Non-Member;Kursi Gaming Premium;Furniture;2500000;1;COD;2500000;0;2500000;Jakarta;DKI Jakarta
6a118f6afad9326442663d54;TRX-93K93Z2W;09/08/2025;Novianti;user1144@example.com;Member;Smartphone Samsung S24;Elektronik;13000000;4;E-Wallet (OVO/Dana);52000000;0;52000000;Makassar;Sulawesi Selatan
6a118f6afad9326442663d55;TRX-7W88E0XH;19/09/2025;Eko Prasetyo;user1145@example.com;Non-Member;Meja Kerja Minimalis;Furniture;1200000;1;Transfer Bank;1200000;0;1200000;Sukabumi;Jawa Barat
6a118f6afad9326442663d56;TRX-IVVYIH8H;21/10/2025;Fahmi Idris;user1146@example.com;Non-Member;Meja Kerja Minimalis;Furniture;1200000;4;Transfer Bank;4800000;0;4800000;Makassar;Sulawesi Selatan
6a118f6afad9326442663d57;TRX-TGGN7N41;25/09/2025;Dewi Lestari;user1147@example.com;Member;Paket Ayam Bakar Madu;Kuliner;35000;4;Transfer Bank;140000;0;140000;Medan;Sumatera Utara
6a118f6afad9326442663d58;TRX-6QNWFRZ9;17/02/2025;Jono Adriansyah;user1148@example.com;Member;Kemeja Flanel Oversize;Fashion;250000;3;E-Wallet (OVO/Dana);750000;0;750000;Medan;Sumatera Utara
6a118f6afad9326442663d59;TRX-OVMPB2YI;06/03/2025;Jono Adriansyah;user1149@example.com;Non-Member;Sepatu Sneaker Lokal;Fashion;450000;2;COD;900000;0;900000;Semarang;Jawa Tengah
6a118f6afad9326442663d5a;TRX-LI4686ZM;05/10/2025;Novianti;user1150@example.com;Member;Meja Kerja Minimalis;Furniture;1200000;4;Transfer Bank;4800000;0;4800000;Medan;Sumatera Utara
6a118f6afad9326442663d5b;TRX-GWZBXV7P;04/09/2025;Mega Pertiwi;user1151@example.com;Member;Paket Ayam Bakar Madu;Kuliner;35000;4;E-Wallet (OVO/Dana);140000;0;140000;Jakarta;DKI Jakarta
6a118f6afad9326442663d5c;TRX-N9UKGTT7;05/05/2025;Siti Aminah;user1152@example.com;Member;Kemeja Flanel Oversize;Fashion;250000;3;Kartu Kredit;750000;0;750000;Surabaya;Jawa Timur
6a118f6afad9326442663d5d;TRX-0LE8NDFY;24/01/2026;Novianti;user1153@example.com;Non-Member;Kursi Gaming Premium;Furniture;2500000;3;Kartu Kredit;7500000;0;7500000;Semarang;Jawa Tengah
6a118f6afad9326442663d5e;TRX-4ALU77RU;19/08/2025;Eko Prasetyo;user1154@example.com;Non-Member;Kopi Susu Gula Aren 1L;Kuliner;65000;3;E-Wallet (OVO/Dana);195000;0;195000;Bandung;Jawa Barat
6a118f6afad9326442663d5f;TRX-CMROU09H;10/03/2026;Siti Aminah;user1155@example.com;Member;Kursi Gaming Premium;Furniture;2500000;4;Transfer Bank;10000000;0;10000000;Makassar;Sulawesi Selatan
6a118f6afad9326442663d60;TRX-LM2N4U1O;14/02/2025;Fahmi Idris;user1156@example.com;Member;Laptop ASUS ROG;Elektronik;20000000;3;COD;60000000;0;60000000;Makassar;Sulawesi Selatan
6a118f6afad9326442663d61;TRX-PH82IWX6;18/05/2026;Budi Santoso;user1157@example.com;Non-Member;Smartphone Samsung S24;Elektronik;13000000;3;COD;39000000;0;39000000;Semarang;Jawa Tengah
6a118f6afad9326442663d62;TRX-ENW7TJFT;02/07/2025;Eko Prasetyo;user1158@example.com;Member;Kopi Susu Gula Aren 1L;Kuliner;65000;1;COD;65000;0;65000;Medan;Sumatera Utara
6a118f6afad9326442663d63;TRX-MBS4SZ61;16/06/2025;Eko Prasetyo;user1159@example.com;Non-Member;Kemeja Flanel Oversize;Fashion;250000;1;E-Wallet (OVO/Dana);250000;0;250000;Jakarta;DKI Jakarta
6a118f6afad9326442663d64;TRX-8241677V;14/02/2026;Jono Adriansyah;user1160@example.com;Member;Laptop ASUS ROG;Elektronik;20000000;3;Kartu Kredit;60000000;0;60000000;Makassar;Sulawesi Selatan
6a118f6afad9326442663d65;TRX-X0EEFQER;07/03/2025;Siti Aminah;user1161@example.com;Member;Paket Ayam Bakar Madu;Kuliner;35000;3;Transfer Bank;105000;0;105000;Semarang;Jawa Tengah
6a118f6afad9326442663d66;TRX-I1QM99C9;05/01/2026;Jono Adriansyah;user1162@example.com;Non-Member;Meja Kerja Minimalis;Furniture;1200000;4;Kartu Kredit;4800000;0;4800000;Jakarta;DKI Jakarta
6a118f6afad9326442663d67;TRX-O4N7CWJQ;05/04/2026;Siti Aminah;user1163@example.com;Member;Laptop ASUS ROG;Elektronik;20000000;1;Kartu Kredit;20000000;0;20000000;Makassar;Sulawesi Selatan
6a118f6afad9326442663d68;TRX-6SUL4BUA;16/09/2025;Rian Hidayat;user1164@example.com;Member;Smartphone Samsung S24;Elektronik;13000000;1;Transfer Bank;13000000;0;13000000;Sukabumi;Jawa Barat
6a118f6afad9326442663d69;TRX-N38ZF00B;11/01/2026;Jono Adriansyah;user1165@example.com;Member;Laptop ASUS ROG;Elektronik;20000000;1;E-Wallet (OVO/Dana);20000000;0;20000000;Bandung;Jawa Barat
6a118f6afad9326442663d6a;TRX-SCGTW9A1;17/05/2025;Dewi Lestari;user1166@example.com;Non-Member;Kemeja Flanel Oversize;Fashion;250000;1;Kartu Kredit;250000;0;250000;Surabaya;Jawa Timur
6a118f6afad9326442663d6b;TRX-KEDLRDC3;26/02/2025;Dewi Lestari;user1167@example.com;Non-Member;Kemeja Flanel Oversize;Fashion;250000;2;COD;500000;0;500000;Medan;Sumatera Utara
6a118f6afad9326442663d6c;TRX-EOXRSQ40;22/03/2026;Novianti;user1168@example.com;Non-Member;Kursi Gaming Premium;Furniture;2500000;4;Transfer Bank;10000000;0;10000000;Semarang;Jawa Tengah
6a118f6afad9326442663d6d;TRX-VKU00QQD;16/01/2026;Fahmi Idris;user1169@example.com;Non-Member;Paket Ayam Bakar Madu;Kuliner;35000;4;COD;140000;0;140000;Bandung;Jawa Barat
6a118f6afad9326442663d6e;TRX-K6QAKOKT;08/09/2025;Rian Hidayat;user1170@example.com;Non-Member;Kemeja Flanel Oversize;Fashion;250000;3;Transfer Bank;750000;0;750000;Surabaya;Jawa Timur
6a118f6afad9326442663d6f;TRX-U8V3BJST;11/10/2025;Siti Aminah;user1171@example.com;Non-Member;Meja Kerja Minimalis;Furniture;1200000;1;Kartu Kredit;1200000;0;1200000;Surabaya;Jawa Timur
6a118f6afad9326442663d70;TRX-P8T9YIUB;31/12/2025;Rian Hidayat;user1172@example.com;Non-Member;Kursi Gaming Premium;Furniture;2500000;2;Transfer Bank;5000000;0;5000000;Sukabumi;Jawa Barat
6a118f6afad9326442663d71;TRX-AZZ2BRML;03/12/2025;Mega Pertiwi;user1173@example.com;Member;Kursi Gaming Premium;Furniture;2500000;3;Transfer Bank;7500000;0;7500000;Medan;Sumatera Utara
6a118f6afad9326442663d72;TRX-O6X562AO;15/08/2025;Siti Aminah;user1174@example.com;Non-Member;Paket Ayam Bakar Madu;Kuliner;35000;1;Kartu Kredit;35000;0;35000;Surabaya;Jawa Timur
6a118f6afad9326442663d73;TRX-YZ7O4Q1B;06/02/2026;Rian Hidayat;user1175@example.com;Non-Member;Laptop ASUS ROG;Elektronik;20000000;3;Transfer Bank;60000000;0;60000000;Jakarta;DKI Jakarta
6a118f6afad9326442663d74;TRX-48V52WJ0;05/01/2025;Mega Pertiwi;user1176@example.com;Non-Member;Kursi Gaming Premium;Furniture;2500000;4;Transfer Bank;10000000;0;10000000;Semarang;Jawa Tengah
6a118f6afad9326442663d75;TRX-WI4N4YKI;18/03/2026;Andi Wijaya;user1177@example.com;Member;Sepatu Sneaker Lokal;Fashion;450000;3;Transfer Bank;1350000;0;1350000;Sukabumi;Jawa Barat
6a118f6afad9326442663d76;TRX-X8EU44BV;21/04/2025;Siti Aminah;user1178@example.com;Member;Meja Kerja Minimalis;Furniture;1200000;1;Transfer Bank;1200000;0;1200000;Sukabumi;Jawa Barat
6a118f6afad9326442663d77;TRX-RBUNQSF6;01/11/2025;Andi Wijaya;user1179@example.com;Member;Sepatu Sneaker Lokal;Fashion;450000;2;E-Wallet (OVO/Dana);900000;0;900000;Medan;Sumatera Utara
6a118f6afad9326442663d78;TRX-MI26RWPS;27/02/2026;Budi Santoso;user1180@example.com;Non-Member;Kursi Gaming Premium;Furniture;2500000;2;E-Wallet (OVO/Dana);5000000;0;5000000;Sukabumi;Jawa Barat
6a118f6afad9326442663d79;TRX-DP59EU31;14/03/2025;Siti Aminah;user1181@example.com;Member;Kopi Susu Gula Aren 1L;Kuliner;65000;2;Kartu Kredit;130000;0;130000;Bandung;Jawa Barat
6a118f6afad9326442663d7a;TRX-HTV3D8IG;02/10/2025;Dewi Lestari;user1182@example.com;Non-Member;Sepatu Sneaker Lokal;Fashion;450000;4;Transfer Bank;1800000;0;1800000;Medan;Sumatera Utara
6a118f6afad9326442663d7b;TRX-0PU7Y3MM;22/02/2025;Mega Pertiwi;user1183@example.com;Non-Member;Meja Kerja Minimalis;Furniture;1200000;1;Transfer Bank;1200000;0;1200000;Semarang;Jawa Tengah
6a118f6afad9326442663d7c;TRX-N58C1OUU;21/01/2025;Budi Santoso;user1184@example.com;Non-Member;Laptop ASUS ROG;Elektronik;20000000;4;Kartu Kredit;80000000;0;80000000;Semarang;Jawa Tengah
6a118f6afad9326442663d7d;TRX-BWLSARZO;23/06/2025;Novianti;user1185@example.com;Non-Member;Meja Kerja Minimalis;Furniture;1200000;3;Kartu Kredit;3600000;0;3600000;Semarang;Jawa Tengah
6a118f6afad9326442663d7e;TRX-OT1RMTKR;08/10/2025;Fahmi Idris;user1186@example.com;Non-Member;Kopi Susu Gula Aren 1L;Kuliner;65000;3;Kartu Kredit;195000;0;195000;Bandung;Jawa Barat
6a118f6afad9326442663d7f;TRX-BW6Z1Y02;03/04/2026;Jono Adriansyah;user1187@example.com;Member;Kopi Susu Gula Aren 1L;Kuliner;65000;2;Transfer Bank;130000;0;130000;Semarang;Jawa Tengah
6a118f6afad9326442663d80;TRX-3U0G6L86;06/01/2026;Mega Pertiwi;user1188@example.com;Non-Member;Laptop ASUS ROG;Elektronik;20000000;4;Transfer Bank;80000000;0;80000000;Sukabumi;Jawa Barat
6a118f6afad9326442663d81;TRX-F2ZF1E9S;27/01/2026;Fahmi Idris;user1189@example.com;Non-Member;Meja Kerja Minimalis;Furniture;1200000;3;COD;3600000;0;3600000;Bandung;Jawa Barat
6a118f6afad9326442663d82;TRX-C7I5BTVH;12/05/2025;Siti Aminah;user1190@example.com;Member;Kemeja Flanel Oversize;Fashion;250000;4;Kartu Kredit;1000000;0;1000000;Bandung;Jawa Barat
6a118f6afad9326442663d83;TRX-GKQW37FZ;19/10/2025;Jono Adriansyah;user1191@example.com;Non-Member;Smartphone Samsung S24;Elektronik;13000000;2;Transfer Bank;26000000;0;26000000;Bandung;Jawa Barat
6a118f6afad9326442663d84;TRX-J992BLIF;13/02/2025;Rian Hidayat;user1192@example.com;Non-Member;Smartphone Samsung S24;Elektronik;13000000;1;COD;13000000;0;13000000;Medan;Sumatera Utara
6a118f6afad9326442663d85;TRX-8UQ8I2ON;13/02/2026;Siti Aminah;user1193@example.com;Member;Meja Kerja Minimalis;Furniture;1200000;2;Transfer Bank;2400000;0;2400000;Jakarta;DKI Jakarta
6a118f6afad9326442663d86;TRX-9ION3L25;21/06/2025;Mega Pertiwi;user1194@example.com;Non-Member;Kursi Gaming Premium;Furniture;2500000;3;Transfer Bank;7500000;0;7500000;Sukabumi;Jawa Barat
6a118f6afad9326442663d87;TRX-FIST0NN2;03/03/2026;Jono Adriansyah;user1195@example.com;Member;Meja Kerja Minimalis;Furniture;1200000;1;Kartu Kredit;1200000;0;1200000;Sukabumi;Jawa Barat
6a118f6afad9326442663d88;TRX-JRK40RMJ;25/12/2025;Fahmi Idris;user1196@example.com;Non-Member;Paket Ayam Bakar Madu;Kuliner;35000;3;COD;105000;0;105000;Sukabumi;Jawa Barat
6a118f6afad9326442663d89;TRX-02DPGOI4;01/12/2025;Siti Aminah;user1197@example.com;Non-Member;Meja Kerja Minimalis;Furniture;1200000;2;E-Wallet (OVO/Dana);2400000;0;2400000;Medan;Sumatera Utara
6a118f6afad9326442663d8a;TRX-L8AFX79C;16/04/2026;Jono Adriansyah;user1198@example.com;Member;Laptop ASUS ROG;Elektronik;20000000;4;E-Wallet (OVO/Dana);80000000;0;80000000;Bandung;Jawa Barat
6a118f6afad9326442663d8b;TRX-WS2SKZTC;17/02/2026;Rian Hidayat;user1199@example.com;Non-Member;Kopi Susu Gula Aren 1L;Kuliner;65000;2;Kartu Kredit;130000;0;130000;Makassar;Sulawesi Selatan
6a118f6afad9326442663d8c;TRX-ISTRB9Y9;04/04/2025;Eko Prasetyo;user1200@example.com;Non-Member;Kopi Susu Gula Aren 1L;Kuliner;65000;4;Transfer Bank;260000;0;260000;Jakarta;DKI Jakarta
6a118f6afad9326442663d8d;TRX-GT16PMIB;22/03/2025;Novianti;user1201@example.com;Non-Member;Smartphone Samsung S24;Elektronik;13000000;1;COD;13000000;0;13000000;Sukabumi;Jawa Barat
6a118f6afad9326442663d8e;TRX-OVS8PJOJ;19/08/2025;Siti Aminah;user1202@example.com;Non-Member;Paket Ayam Bakar Madu;Kuliner;35000;1;Kartu Kredit;35000;0;35000;Bandung;Jawa Barat
6a118f6afad9326442663d8f;TRX-JGKST4EA;07/01/2025;Andi Wijaya;user1203@example.com;Non-Member;Smartphone Samsung S24;Elektronik;13000000;4;E-Wallet (OVO/Dana);52000000;0;52000000;Semarang;Jawa Tengah
6a118f6afad9326442663d90;TRX-FPBYFM17;20/03/2026;Budi Santoso;user1204@example.com;Non-Member;Paket Ayam Bakar Madu;Kuliner;35000;1;Transfer Bank;35000;0;35000;Medan;Sumatera Utara
6a118f6afad9326442663d91;TRX-N94Y5WKR;11/09/2025;Mega Pertiwi;user1205@example.com;Member;Laptop ASUS ROG;Elektronik;20000000;3;COD;60000000;0;60000000;Semarang;Jawa Tengah
6a118f6afad9326442663d92;TRX-8VX946HY;07/02/2025;Siti Aminah;user1206@example.com;Member;Kopi Susu Gula Aren 1L;Kuliner;65000;3;Kartu Kredit;195000;0;195000;Jakarta;DKI Jakarta
6a118f6afad9326442663d93;TRX-6FYZALW9;03/02/2025;Novianti;user1207@example.com;Non-Member;Smartphone Samsung S24;Elektronik;13000000;1;Transfer Bank;13000000;0;13000000;Surabaya;Jawa Timur
6a118f6afad9326442663d94;TRX-1KTJITPE;03/03/2026;Mega Pertiwi;user1208@example.com;Member;Kemeja Flanel Oversize;Fashion;250000;3;E-Wallet (OVO/Dana);750000;0;750000;Bandung;Jawa Barat
6a118f6afad9326442663d95;TRX-V5CBODAR;21/03/2026;Novianti;user1209@example.com;Member;Kursi Gaming Premium;Furniture;2500000;2;COD;5000000;0;5000000;Sukabumi;Jawa Barat
6a118f6afad9326442663d96;TRX-O8CVS788;17/01/2026;Eko Prasetyo;user1210@example.com;Non-Member;Smartphone Samsung S24;Elektronik;13000000;3;COD;39000000;0;39000000;Sukabumi;Jawa Barat
6a118f6afad9326442663d97;TRX-F32KBMDH;09/09/2025;Jono Adriansyah;user1211@example.com;Non-Member;Sepatu Sneaker Lokal;Fashion;450000;1;Transfer Bank;450000;0;450000;Jakarta;DKI Jakarta
6a118f6afad9326442663d98;TRX-FTZPD7MC;06/09/2025;Siti Aminah;user1212@example.com;Non-Member;Sepatu Sneaker Lokal;Fashion;450000;2;Transfer Bank;900000;0;900000;Sukabumi;Jawa Barat
6a118f6afad9326442663d99;TRX-6VB5U501;16/01/2025;Rian Hidayat;user1213@example.com;Member;Laptop ASUS ROG;Elektronik;20000000;1;COD;20000000;0;20000000;Medan;Sumatera Utara
6a118f6afad9326442663d9a;TRX-KRZ81TF6;06/02/2025;Siti Aminah;user1214@example.com;Member;Smartphone Samsung S24;Elektronik;13000000;4;COD;52000000;0;52000000;Medan;Sumatera Utara
6a118f6afad9326442663d9b;TRX-HQF5F8Z1;05/06/2025;Siti Aminah;user1215@example.com;Non-Member;Kemeja Flanel Oversize;Fashion;250000;4;E-Wallet (OVO/Dana);1000000;0;1000000;Bandung;Jawa Barat
6a118f6afad9326442663d9c;TRX-R5JPAI6V;14/08/2025;Budi Santoso;user1216@example.com;Member;Laptop ASUS ROG;Elektronik;20000000;3;COD;60000000;0;60000000;Semarang;Jawa Tengah
6a118f6afad9326442663d9d;TRX-GD71C5QB;14/07/2025;Budi Santoso;user1217@example.com;Non-Member;Paket Ayam Bakar Madu;Kuliner;35000;4;COD;140000;0;140000;Surabaya;Jawa Timur
6a118f6afad9326442663d9e;TRX-IF1F31DB;25/11/2025;Fahmi Idris;user1218@example.com;Member;Paket Ayam Bakar Madu;Kuliner;35000;3;Kartu Kredit;105000;0;105000;Medan;Sumatera Utara
6a118f6afad9326442663d9f;TRX-6XGNCFYL;17/10/2025;Eko Prasetyo;user1219@example.com;Non-Member;Kursi Gaming Premium;Furniture;2500000;1;Kartu Kredit;2500000;0;2500000;Makassar;Sulawesi Selatan
6a118f6afad9326442663da0;TRX-EUA4MTUS;26/10/2025;Jono Adriansyah;user1220@example.com;Member;Kemeja Flanel Oversize;Fashion;250000;3;Kartu Kredit;750000;0;750000;Sukabumi;Jawa Barat
6a118f6afad9326442663da1;TRX-PCHJ2S1S;27/01/2025;Fahmi Idris;user1221@example.com;Member;Meja Kerja Minimalis;Furniture;1200000;4;COD;4800000;0;4800000;Bandung;Jawa Barat
6a118f6afad9326442663da2;TRX-8B2GFP0C;04/03/2026;Rian Hidayat;user1222@example.com;Member;Meja Kerja Minimalis;Furniture;1200000;4;COD;4800000;0;4800000;Makassar;Sulawesi Selatan
6a118f6afad9326442663da3;TRX-U53BCCUN;21/02/2026;Siti Aminah;user1223@example.com;Member;Laptop ASUS ROG;Elektronik;20000000;2;Kartu Kredit;40000000;0;40000000;Surabaya;Jawa Timur
6a118f6afad9326442663da4;TRX-JF8K5Z3I;17/06/2025;Rian Hidayat;user1224@example.com;Non-Member;Kursi Gaming Premium;Furniture;2500000;4;Kartu Kredit;10000000;0;10000000;Medan;Sumatera Utara
6a118f6afad9326442663da5;TRX-MON0IE4T;16/03/2025;Budi Santoso;user1225@example.com;Member;Kopi Susu Gula Aren 1L;Kuliner;65000;3;COD;195000;0;195000;Medan;Sumatera Utara
6a118f6afad9326442663da6;TRX-BE81RUMU;31/10/2025;Novianti;user1226@example.com;Non-Member;Paket Ayam Bakar Madu;Kuliner;35000;4;E-Wallet (OVO/Dana);140000;0;140000;Jakarta;DKI Jakarta
6a118f6afad9326442663da7;TRX-4VA3Q4RQ;06/03/2026;Budi Santoso;user1227@example.com;Member;Laptop ASUS ROG;Elektronik;20000000;1;Kartu Kredit;20000000;0;20000000;Jakarta;DKI Jakarta
6a118f6afad9326442663da8;TRX-2HAOL5S7;15/10/2025;Novianti;user1228@example.com;Non-Member;Kemeja Flanel Oversize;Fashion;250000;1;Transfer Bank;250000;0;250000;Sukabumi;Jawa Barat
6a118f6afad9326442663da9;TRX-3CQ0XIN6;22/03/2026;Siti Aminah;user1229@example.com;Member;Paket Ayam Bakar Madu;Kuliner;35000;2;Kartu Kredit;70000;0;70000;Semarang;Jawa Tengah
6a118f6afad9326442663daa;TRX-DZNB1W7B;13/02/2026;Jono Adriansyah;user1230@example.com;Non-Member;Laptop ASUS ROG;Elektronik;20000000;1;Transfer Bank;20000000;0;20000000;Sukabumi;Jawa Barat
6a118f6afad9326442663dab;TRX-LQQS3G1N;07/03/2026;Siti Aminah;user1231@example.com;Member;Paket Ayam Bakar Madu;Kuliner;35000;1;COD;35000;0;35000;Medan;Sumatera Utara
6a118f6afad9326442663dac;TRX-YJ4NJKFC;25/03/2025;Jono Adriansyah;user1232@example.com;Non-Member;Kursi Gaming Premium;Furniture;2500000;1;Transfer Bank;2500000;0;2500000;Medan;Sumatera Utara
6a118f6afad9326442663dad;TRX-JMME4WWC;27/04/2025;Dewi Lestari;user1233@example.com;Non-Member;Paket Ayam Bakar Madu;Kuliner;35000;2;E-Wallet (OVO/Dana);70000;0;70000;Jakarta;DKI Jakarta
6a118f6afad9326442663dae;TRX-48XCH25M;16/02/2025;Mega Pertiwi;user1234@example.com;Member;Kursi Gaming Premium;Furniture;2500000;2;Kartu Kredit;5000000;0;5000000;Bandung;Jawa Barat
6a118f6afad9326442663daf;TRX-2M3I06SI;17/12/2025;Mega Pertiwi;user1235@example.com;Non-Member;Smartphone Samsung S24;Elektronik;13000000;1;Transfer Bank;13000000;0;13000000;Surabaya;Jawa Timur
6a118f6afad9326442663db0;TRX-K2TN3BTW;26/11/2025;Andi Wijaya;user1236@example.com;Member;Kursi Gaming Premium;Furniture;2500000;2;E-Wallet (OVO/Dana);5000000;0;5000000;Makassar;Sulawesi Selatan
6a118f6afad9326442663db1;TRX-QMDC5OW1;15/02/2026;Dewi Lestari;user1237@example.com;Member;Kemeja Flanel Oversize;Fashion;250000;1;E-Wallet (OVO/Dana);250000;0;250000;Semarang;Jawa Tengah
6a118f6afad9326442663db2;TRX-R7VEXFEM;15/04/2025;Rian Hidayat;user1238@example.com;Member;Kemeja Flanel Oversize;Fashion;250000;4;Transfer Bank;1000000;0;1000000;Jakarta;DKI Jakarta
6a118f6afad9326442663db3;TRX-ID21NWZ1;18/05/2026;Jono Adriansyah;user1239@example.com;Non-Member;Kemeja Flanel Oversize;Fashion;250000;4;E-Wallet (OVO/Dana);1000000;0;1000000;Semarang;Jawa Tengah
6a118f6afad9326442663db4;TRX-AYBUR57M;22/04/2025;Novianti;user1240@example.com;Member;Meja Kerja Minimalis;Furniture;1200000;3;Transfer Bank;3600000;0;3600000;Sukabumi;Jawa Barat
6a118f6afad9326442663db5;TRX-IIVR4F76;12/09/2025;Andi Wijaya;user1241@example.com;Member;Meja Kerja Minimalis;Furniture;1200000;3;E-Wallet (OVO/Dana);3600000;0;3600000;Medan;Sumatera Utara
6a118f6afad9326442663db6;TRX-CDH8656M;20/12/2025;Novianti;user1242@example.com;Member;Sepatu Sneaker Lokal;Fashion;450000;2;E-Wallet (OVO/Dana);900000;0;900000;Semarang;Jawa Tengah
6a118f6afad9326442663db7;TRX-QLNL3BHS;20/02/2026;Jono Adriansyah;user1243@example.com;Member;Smartphone Samsung S24;Elektronik;13000000;1;COD;13000000;0;13000000;Surabaya;Jawa Timur
6a118f6afad9326442663db8;TRX-0OPNZ1ZF;27/09/2025;Mega Pertiwi;user1244@example.com;Non-Member;Kursi Gaming Premium;Furniture;2500000;1;E-Wallet (OVO/Dana);2500000;0;2500000;Sukabumi;Jawa Barat
6a118f6afad9326442663db9;TRX-5KSBPQXH;16/08/2025;Fahmi Idris;user1245@example.com;Member;Paket Ayam Bakar Madu;Kuliner;35000;2;COD;70000;0;70000;Bandung;Jawa Barat
6a118f6afad9326442663dba;TRX-ASTC5TTE;06/05/2025;Eko Prasetyo;user1246@example.com;Member;Kopi Susu Gula Aren 1L;Kuliner;65000;4;Kartu Kredit;260000;0;260000;Semarang;Jawa Tengah
6a118f6afad9326442663dbb;TRX-N72FXW1I;14/05/2025;Jono Adriansyah;user1247@example.com;Member;Laptop ASUS ROG;Elektronik;20000000;3;Kartu Kredit;60000000;0;60000000;Jakarta;DKI Jakarta
6a118f6afad9326442663dbc;TRX-NDS4V6UW;31/03/2026;Mega Pertiwi;user1248@example.com;Member;Smartphone Samsung S24;Elektronik;13000000;1;Kartu Kredit;13000000;0;13000000;Bandung;Jawa Barat
6a118f6afad9326442663dbd;TRX-MUW8X03J;04/10/2025;Fahmi Idris;user1249@example.com;Non-Member;Kopi Susu Gula Aren 1L;Kuliner;65000;2;COD;130000;0;130000;Jakarta;DKI Jakarta
6a118f6afad9326442663dbe;TRX-E7NDI2DE;18/10/2025;Siti Aminah;user1250@example.com;Non-Member;Smartphone Samsung S24;Elektronik;13000000;1;Kartu Kredit;13000000;0;13000000;Jakarta;DKI Jakarta
6a118f6afad9326442663dbf;TRX-ZLAGXDT9;18/03/2026;Dewi Lestari;user1251@example.com;Member;Smartphone Samsung S24;Elektronik;13000000;4;COD;52000000;0;52000000;Sukabumi;Jawa Barat
6a118f6afad9326442663dc0;TRX-V8SWH9LU;10/02/2025;Siti Aminah;user1252@example.com;Member;Kemeja Flanel Oversize;Fashion;250000;4;E-Wallet (OVO/Dana);1000000;0;1000000;Sukabumi;Jawa Barat
6a118f6afad9326442663dc1;TRX-Z2W7YCDL;27/09/2025;Fahmi Idris;user1253@example.com;Member;Smartphone Samsung S24;Elektronik;13000000;4;Transfer Bank;52000000;0;52000000;Surabaya;Jawa Timur
6a118f6afad9326442663dc2;TRX-JNF2UNSD;17/05/2026;Novianti;user1254@example.com;Member;Meja Kerja Minimalis;Furniture;1200000;2;Kartu Kredit;2400000;0;2400000;Surabaya;Jawa Timur
6a118f6afad9326442663dc3;TRX-63MUFNG5;11/09/2025;Mega Pertiwi;user1255@example.com;Non-Member;Meja Kerja Minimalis;Furniture;1200000;1;Transfer Bank;1200000;0;1200000;Jakarta;DKI Jakarta
6a118f6afad9326442663dc4;TRX-ACXDIYOI;31/03/2025;Rian Hidayat;user1256@example.com;Non-Member;Kursi Gaming Premium;Furniture;2500000;1;Kartu Kredit;2500000;0;2500000;Jakarta;DKI Jakarta
6a118f6afad9326442663dc5;TRX-MOBCIO41;15/05/2025;Mega Pertiwi;user1257@example.com;Non-Member;Kopi Susu Gula Aren 1L;Kuliner;65000;1;E-Wallet (OVO/Dana);65000;0;65000;Makassar;Sulawesi Selatan
6a118f6afad9326442663dc6;TRX-A16KA6KK;25/01/2026;Eko Prasetyo;user1258@example.com;Member;Kemeja Flanel Oversize;Fashion;250000;4;Kartu Kredit;1000000;0;1000000;Surabaya;Jawa Timur
6a118f6afad9326442663dc7;TRX-XTNDC6N4;06/08/2025;Novianti;user1259@example.com;Non-Member;Paket Ayam Bakar Madu;Kuliner;35000;3;COD;105000;0;105000;Makassar;Sulawesi Selatan
6a118f6afad9326442663dc8;TRX-LBYXSALY;19/02/2025;Siti Aminah;user1260@example.com;Member;Laptop ASUS ROG;Elektronik;20000000;1;E-Wallet (OVO/Dana);20000000;0;20000000;Semarang;Jawa Tengah
6a118f6afad9326442663dc9;TRX-7UF5TUWJ;03/02/2025;Dewi Lestari;user1261@example.com;Non-Member;Laptop ASUS ROG;Elektronik;20000000;3;Kartu Kredit;60000000;0;60000000;Medan;Sumatera Utara
6a118f6afad9326442663dca;TRX-MRWJUH6F;06/02/2026;Mega Pertiwi;user1262@example.com;Member;Laptop ASUS ROG;Elektronik;20000000;4;Transfer Bank;80000000;0;80000000;Jakarta;DKI Jakarta
6a118f6afad9326442663dcb;TRX-4H9SPQY3;14/03/2026;Dewi Lestari;user1263@example.com;Member;Sepatu Sneaker Lokal;Fashion;450000;2;COD;900000;0;900000;Makassar;Sulawesi Selatan
6a118f6afad9326442663dcc;TRX-JUC932X1;14/08/2025;Budi Santoso;user1264@example.com;Member;Sepatu Sneaker Lokal;Fashion;450000;2;COD;900000;0;900000;Makassar;Sulawesi Selatan
6a118f6afad9326442663dcd;TRX-ODHPE0TP;18/04/2026;Eko Prasetyo;user1265@example.com;Non-Member;Kemeja Flanel Oversize;Fashion;250000;4;Kartu Kredit;1000000;0;1000000;Medan;Sumatera Utara
6a118f6afad9326442663dce;TRX-0G2F45SQ;23/12/2025;Eko Prasetyo;user1266@example.com;Non-Member;Kopi Susu Gula Aren 1L;Kuliner;65000;2;Kartu Kredit;130000;0;130000;Surabaya;Jawa Timur
6a118f6afad9326442663dcf;TRX-XSOYDZ4P;25/07/2025;Siti Aminah;user1267@example.com;Non-Member;Paket Ayam Bakar Madu;Kuliner;35000;1;E-Wallet (OVO/Dana);35000;0;35000;Bandung;Jawa Barat
6a118f6afad9326442663dd0;TRX-XKYQ56Y8;06/01/2025;Novianti;user1268@example.com;Member;Laptop ASUS ROG;Elektronik;20000000;4;E-Wallet (OVO/Dana);80000000;0;80000000;Semarang;Jawa Tengah
6a118f6afad9326442663dd1;TRX-Y2N2A788;17/03/2025;Eko Prasetyo;user1269@example.com;Non-Member;Laptop ASUS ROG;Elektronik;20000000;4;Transfer Bank;80000000;0;80000000;Surabaya;Jawa Timur
6a118f6afad9326442663dd2;TRX-41O6RODW;23/05/2026;Dewi Lestari;user1270@example.com;Member;Laptop ASUS ROG;Elektronik;20000000;1;COD;20000000;0;20000000;Surabaya;Jawa Timur
6a118f6afad9326442663dd3;TRX-71E7QMW7;01/03/2026;Eko Prasetyo;user1271@example.com;Member;Kursi Gaming Premium;Furniture;2500000;3;E-Wallet (OVO/Dana);7500000;0;7500000;Surabaya;Jawa Timur
6a118f6afad9326442663dd4;TRX-TCJDLEZX;26/01/2026;Eko Prasetyo;user1272@example.com;Non-Member;Meja Kerja Minimalis;Furniture;1200000;4;Transfer Bank;4800000;0;4800000;Medan;Sumatera Utara
6a118f6afad9326442663dd5;TRX-JQ9JFOEK;11/03/2025;Andi Wijaya;user1273@example.com;Non-Member;Sepatu Sneaker Lokal;Fashion;450000;4;E-Wallet (OVO/Dana);1800000;0;1800000;Surabaya;Jawa Timur
6a118f6afad9326442663dd6;TRX-5608T9X2;19/01/2026;Novianti;user1274@example.com;Member;Laptop ASUS ROG;Elektronik;20000000;2;Kartu Kredit;40000000;0;40000000;Bandung;Jawa Barat
6a118f6afad9326442663dd7;TRX-EF6L7UNG;11/08/2025;Novianti;user1275@example.com;Member;Meja Kerja Minimalis;Furniture;1200000;2;Transfer Bank;2400000;0;2400000;Bandung;Jawa Barat
6a118f6afad9326442663dd8;TRX-O5XJZIBU;12/03/2025;Jono Adriansyah;user1276@example.com;Member;Meja Kerja Minimalis;Furniture;1200000;4;Kartu Kredit;4800000;0;4800000;Semarang;Jawa Tengah
6a118f6afad9326442663dd9;TRX-N7K8XSJ6;26/07/2025;Fahmi Idris;user1277@example.com;Member;Kemeja Flanel Oversize;Fashion;250000;1;Transfer Bank;250000;0;250000;Sukabumi;Jawa Barat
6a118f6afad9326442663dda;TRX-Q98YKS8G;31/10/2025;Novianti;user1278@example.com;Non-Member;Kursi Gaming Premium;Furniture;2500000;4;Transfer Bank;10000000;0;10000000;Medan;Sumatera Utara
6a118f6afad9326442663ddb;TRX-S0UHLV8W;21/09/2025;Budi Santoso;user1279@example.com;Member;Kursi Gaming Premium;Furniture;2500000;2;E-Wallet (OVO/Dana);5000000;0;5000000;Surabaya;Jawa Timur
6a118f6afad9326442663ddc;TRX-UUFZPD6Z;25/07/2025;Fahmi Idris;user1280@example.com;Member;Smartphone Samsung S24;Elektronik;13000000;4;Kartu Kredit;52000000;0;52000000;Semarang;Jawa Tengah
6a118f6afad9326442663ddd;TRX-0AFP3PHW;13/04/2025;Dewi Lestari;user1281@example.com;Non-Member;Meja Kerja Minimalis;Furniture;1200000;4;Transfer Bank;4800000;0;4800000;Bandung;Jawa Barat
6a118f6afad9326442663dde;TRX-AQV40E4B;30/04/2026;Eko Prasetyo;user1282@example.com;Member;Kursi Gaming Premium;Furniture;2500000;4;E-Wallet (OVO/Dana);10000000;0;10000000;Sukabumi;Jawa Barat
6a118f6afad9326442663ddf;TRX-HDGZQKW7;31/12/2025;Andi Wijaya;user1283@example.com;Non-Member;Kopi Susu Gula Aren 1L;Kuliner;65000;1;E-Wallet (OVO/Dana);65000;0;65000;Surabaya;Jawa Timur
6a118f6afad9326442663de0;TRX-BT0S5FZF;06/01/2026;Dewi Lestari;user1284@example.com;Member;Sepatu Sneaker Lokal;Fashion;450000;4;E-Wallet (OVO/Dana);1800000;0;1800000;Bandung;Jawa Barat
6a118f6afad9326442663de1;TRX-5CSKO63A;11/01/2025;Andi Wijaya;user1285@example.com;Non-Member;Meja Kerja Minimalis;Furniture;1200000;3;Transfer Bank;3600000;0;3600000;Surabaya;Jawa Timur
6a118f6afad9326442663de2;TRX-BN9D9EJD;17/11/2025;Jono Adriansyah;user1286@example.com;Non-Member;Sepatu Sneaker Lokal;Fashion;450000;4;COD;1800000;0;1800000;Makassar;Sulawesi Selatan
6a118f6afad9326442663de3;TRX-U6K10L2L;08/04/2025;Dewi Lestari;user1287@example.com;Member;Sepatu Sneaker Lokal;Fashion;450000;4;Kartu Kredit;1800000;0;1800000;Bandung;Jawa Barat
6a118f6afad9326442663de4;TRX-4ML7LRHY;27/08/2025;Eko Prasetyo;user1288@example.com;Member;Kemeja Flanel Oversize;Fashion;250000;3;Kartu Kredit;750000;0;750000;Makassar;Sulawesi Selatan
6a118f6afad9326442663de5;TRX-WCXRONVL;01/08/2025;Eko Prasetyo;user1289@example.com;Member;Kopi Susu Gula Aren 1L;Kuliner;65000;1;Kartu Kredit;65000;0;65000;Jakarta;DKI Jakarta
6a118f6afad9326442663de6;TRX-X4EO2Q9L;10/10/2025;Eko Prasetyo;user1290@example.com;Non-Member;Kopi Susu Gula Aren 1L;Kuliner;65000;4;COD;260000;0;260000;Surabaya;Jawa Timur
6a118f6afad9326442663de7;TRX-F6DT2TFC;04/05/2025;Novianti;user1291@example.com;Non-Member;Kemeja Flanel Oversize;Fashion;250000;3;Transfer Bank;750000;0;750000;Surabaya;Jawa Timur
6a118f6afad9326442663de8;TRX-DZ8FDSMA;13/12/2025;Siti Aminah;user1292@example.com;Non-Member;Kursi Gaming Premium;Furniture;2500000;4;COD;10000000;0;10000000;Semarang;Jawa Tengah
6a118f6afad9326442663de9;TRX-KUQSQSR3;23/03/2026;Budi Santoso;user1293@example.com;Member;Laptop ASUS ROG;Elektronik;20000000;4;Transfer Bank;80000000;0;80000000;Surabaya;Jawa Timur
6a118f6afad9326442663dea;TRX-W0D5TUW9;19/04/2026;Eko Prasetyo;user1294@example.com;Non-Member;Kopi Susu Gula Aren 1L;Kuliner;65000;3;E-Wallet (OVO/Dana);195000;0;195000;Bandung;Jawa Barat
6a118f6afad9326442663deb;TRX-USAZ4ECT;27/04/2025;Rian Hidayat;user1295@example.com;Member;Laptop ASUS ROG;Elektronik;20000000;4;Kartu Kredit;80000000;0;80000000;Makassar;Sulawesi Selatan
6a118f6afad9326442663dec;TRX-D6DG1N5O;02/06/2025;Mega Pertiwi;user1296@example.com;Member;Kursi Gaming Premium;Furniture;2500000;1;Transfer Bank;2500000;0;2500000;Makassar;Sulawesi Selatan
6a118f6afad9326442663ded;TRX-ZWECUM0U;05/04/2025;Mega Pertiwi;user1297@example.com;Non-Member;Kopi Susu Gula Aren 1L;Kuliner;65000;2;Transfer Bank;130000;0;130000;Bandung;Jawa Barat
6a118f6afad9326442663dee;TRX-T11QR6L0;17/09/2025;Mega Pertiwi;user1298@example.com;Member;Paket Ayam Bakar Madu;Kuliner;35000;3;E-Wallet (OVO/Dana);105000;0;105000;Jakarta;DKI Jakarta
6a118f6afad9326442663def;TRX-5EH5T2AV;30/06/2025;Budi Santoso;user1299@example.com;Member;Meja Kerja Minimalis;Furniture;1200000;4;COD;4800000;0;4800000;Semarang;Jawa Tengah
6a118f6afad9326442663df0;TRX-Q7WPHQK9;12/01/2026;Rian Hidayat;user1300@example.com;Member;Kemeja Flanel Oversize;Fashion;250000;1;Transfer Bank;250000;0;250000;Surabaya;Jawa Timur
6a118f6afad9326442663df1;TRX-AVIHZMBB;17/04/2025;Andi Wijaya;user1301@example.com;Non-Member;Smartphone Samsung S24;Elektronik;13000000;1;Kartu Kredit;13000000;0;13000000;Medan;Sumatera Utara
6a118f6afad9326442663df2;TRX-2L2WDY98;24/06/2025;Dewi Lestari;user1302@example.com;Non-Member;Meja Kerja Minimalis;Furniture;1200000;2;Transfer Bank;2400000;0;2400000;Sukabumi;Jawa Barat
6a118f6afad9326442663df3;TRX-PC9V2FMR;24/07/2025;Rian Hidayat;user1303@example.com;Non-Member;Meja Kerja Minimalis;Furniture;1200000;3;Kartu Kredit;3600000;0;3600000;Makassar;Sulawesi Selatan
6a118f6afad9326442663df4;TRX-EY5GFY9R;04/04/2025;Eko Prasetyo;user1304@example.com;Non-Member;Kursi Gaming Premium;Furniture;2500000;1;E-Wallet (OVO/Dana);2500000;0;2500000;Semarang;Jawa Tengah
6a118f6afad9326442663df5;TRX-KRNQ2CMK;14/12/2025;Eko Prasetyo;user1305@example.com;Non-Member;Meja Kerja Minimalis;Furniture;1200000;3;Transfer Bank;3600000;0;3600000;Bandung;Jawa Barat
6a118f6afad9326442663df6;TRX-JDTYAPTG;11/08/2025;Budi Santoso;user1306@example.com;Member;Smartphone Samsung S24;Elektronik;13000000;3;Transfer Bank;39000000;0;39000000;Semarang;Jawa Tengah
6a118f6afad9326442663df7;TRX-YSFO3WVV;18/04/2026;Jono Adriansyah;user1307@example.com;Non-Member;Paket Ayam Bakar Madu;Kuliner;35000;2;Transfer Bank;70000;0;70000;Bandung;Jawa Barat
6a118f6afad9326442663df8;TRX-D2FFLQUT;07/10/2025;Jono Adriansyah;user1308@example.com;Member;Laptop ASUS ROG;Elektronik;20000000;3;E-Wallet (OVO/Dana);60000000;0;60000000;Medan;Sumatera Utara
6a118f6afad9326442663df9;TRX-A3IRA93G;25/03/2025;Eko Prasetyo;user1309@example.com;Member;Smartphone Samsung S24;Elektronik;13000000;3;COD;39000000;0;39000000;Bandung;Jawa Barat
6a118f6afad9326442663dfa;TRX-CYQAQ6NW;02/02/2026;Novianti;user1310@example.com;Non-Member;Kopi Susu Gula Aren 1L;Kuliner;65000;1;E-Wallet (OVO/Dana);65000;0;65000;Makassar;Sulawesi Selatan
6a118f6afad9326442663dfb;TRX-M3N8PYMM;27/05/2026;Budi Santoso;user1311@example.com;Non-Member;Smartphone Samsung S24;Elektronik;13000000;2;E-Wallet (OVO/Dana);26000000;0;26000000;Surabaya;Jawa Timur
6a118f6afad9326442663dfc;TRX-J01VN409;28/02/2025;Jono Adriansyah;user1312@example.com;Non-Member;Meja Kerja Minimalis;Furniture;1200000;3;Transfer Bank;3600000;0;3600000;Bandung;Jawa Barat
6a118f6afad9326442663dfd;TRX-14BUWG3R;30/04/2026;Rian Hidayat;user1313@example.com;Member;Paket Ayam Bakar Madu;Kuliner;35000;4;Transfer Bank;140000;0;140000;Sukabumi;Jawa Barat
6a118f6afad9326442663dfe;TRX-KJVYTLX1;02/01/2025;Dewi Lestari;user1314@example.com;Non-Member;Paket Ayam Bakar Madu;Kuliner;35000;2;Kartu Kredit;70000;0;70000;Medan;Sumatera Utara
6a118f6afad9326442663dff;TRX-GNMOMX23;08/07/2025;Rian Hidayat;user1315@example.com;Non-Member;Kopi Susu Gula Aren 1L;Kuliner;65000;2;Transfer Bank;130000;0;130000;Makassar;Sulawesi Selatan
6a118f6afad9326442663e00;TRX-7GF4X2GI;15/06/2025;Jono Adriansyah;user1316@example.com;Non-Member;Sepatu Sneaker Lokal;Fashion;450000;1;COD;450000;0;450000;Bandung;Jawa Barat
6a118f6afad9326442663e01;TRX-5TRTP4KA;31/05/2025;Mega Pertiwi;user1317@example.com;Member;Kemeja Flanel Oversize;Fashion;250000;2;E-Wallet (OVO/Dana);500000;0;500000;Semarang;Jawa Tengah
6a118f6afad9326442663e02;TRX-FOEGQO7P;02/10/2025;Budi Santoso;user1318@example.com;Non-Member;Meja Kerja Minimalis;Furniture;1200000;4;COD;4800000;0;4800000;Sukabumi;Jawa Barat
6a118f6afad9326442663e03;TRX-YA86SQON;15/01/2025;Fahmi Idris;user1319@example.com;Member;Sepatu Sneaker Lokal;Fashion;450000;2;Transfer Bank;900000;0;900000;Medan;Sumatera Utara
6a118f6afad9326442663e04;TRX-154WFQFL;12/12/2025;Jono Adriansyah;user1320@example.com;Member;Kemeja Flanel Oversize;Fashion;250000;3;COD;750000;0;750000;Sukabumi;Jawa Barat
6a118f6afad9326442663e05;TRX-51TPOP7V;11/10/2025;Eko Prasetyo;user1321@example.com;Non-Member;Paket Ayam Bakar Madu;Kuliner;35000;2;COD;70000;0;70000;Sukabumi;Jawa Barat
6a118f6afad9326442663e06;TRX-XNTHOOA9;11/01/2026;Novianti;user1322@example.com;Member;Meja Kerja Minimalis;Furniture;1200000;2;E-Wallet (OVO/Dana);2400000;0;2400000;Semarang;Jawa Tengah
6a118f6afad9326442663e07;TRX-4X8XWBBG;23/12/2025;Fahmi Idris;user1323@example.com;Non-Member;Meja Kerja Minimalis;Furniture;1200000;4;E-Wallet (OVO/Dana);4800000;0;4800000;Sukabumi;Jawa Barat
6a118f6afad9326442663e08;TRX-895AN00L;21/07/2025;Andi Wijaya;user1324@example.com;Non-Member;Kopi Susu Gula Aren 1L;Kuliner;65000;4;E-Wallet (OVO/Dana);260000;0;260000;Makassar;Sulawesi Selatan
6a118f6afad9326442663e09;TRX-D6DIUESP;28/02/2026;Rian Hidayat;user1325@example.com;Non-Member;Kopi Susu Gula Aren 1L;Kuliner;65000;3;E-Wallet (OVO/Dana);195000;0;195000;Bandung;Jawa Barat
6a118f6afad9326442663e0a;TRX-8LB6W4KZ;23/03/2025;Budi Santoso;user1326@example.com;Member;Kemeja Flanel Oversize;Fashion;250000;1;COD;250000;0;250000;Jakarta;DKI Jakarta
6a118f6afad9326442663e0b;TRX-VCZTW2CI;13/08/2025;Novianti;user1327@example.com;Member;Laptop ASUS ROG;Elektronik;20000000;3;E-Wallet (OVO/Dana);60000000;0;60000000;Semarang;Jawa Tengah
6a118f6afad9326442663e0c;TRX-WK2QMW9N;13/06/2025;Siti Aminah;user1328@example.com;Non-Member;Kemeja Flanel Oversize;Fashion;250000;4;Transfer Bank;1000000;0;1000000;Makassar;Sulawesi Selatan
6a118f6afad9326442663e0d;TRX-QQPX0GNH;12/01/2026;Jono Adriansyah;user1329@example.com;Member;Kopi Susu Gula Aren 1L;Kuliner;65000;1;Transfer Bank;65000;0;65000;Makassar;Sulawesi Selatan
6a118f6afad9326442663e0e;TRX-M1JJGT24;25/05/2026;Eko Prasetyo;user1330@example.com;Member;Meja Kerja Minimalis;Furniture;1200000;3;Transfer Bank;3600000;0;3600000;Medan;Sumatera Utara
6a118f6afad9326442663e0f;TRX-P0MCVCJK;19/01/2025;Novianti;user1331@example.com;Non-Member;Kursi Gaming Premium;Furniture;2500000;1;Transfer Bank;2500000;0;2500000;Sukabumi;Jawa Barat
6a118f6afad9326442663e10;TRX-J5WX8MNN;19/05/2026;Jono Adriansyah;user1332@example.com;Non-Member;Meja Kerja Minimalis;Furniture;1200000;1;Transfer Bank;1200000;0;1200000;Surabaya;Jawa Timur
6a118f6afad9326442663e11;TRX-8XCU8OM9;13/04/2026;Andi Wijaya;user1333@example.com;Member;Smartphone Samsung S24;Elektronik;13000000;1;COD;13000000;0;13000000;Medan;Sumatera Utara
6a118f6afad9326442663e12;TRX-9ZJ13Z38;12/11/2025;Jono Adriansyah;user1334@example.com;Member;Paket Ayam Bakar Madu;Kuliner;35000;2;COD;70000;0;70000;Bandung;Jawa Barat
6a118f6afad9326442663e13;TRX-IEOUJBJA;05/05/2026;Budi Santoso;user1335@example.com;Non-Member;Kopi Susu Gula Aren 1L;Kuliner;65000;3;COD;195000;0;195000;Medan;Sumatera Utara
6a118f6afad9326442663e14;TRX-Q2NG5TUF;10/04/2025;Eko Prasetyo;user1336@example.com;Member;Laptop ASUS ROG;Elektronik;20000000;2;E-Wallet (OVO/Dana);40000000;0;40000000;Sukabumi;Jawa Barat
6a118f6afad9326442663e15;TRX-2ZGITF47;04/02/2026;Eko Prasetyo;user1337@example.com;Non-Member;Smartphone Samsung S24;Elektronik;13000000;4;E-Wallet (OVO/Dana);52000000;0;52000000;Semarang;Jawa Tengah
6a118f6afad9326442663e16;TRX-Q0KPT6EK;14/10/2025;Mega Pertiwi;user1338@example.com;Member;Kopi Susu Gula Aren 1L;Kuliner;65000;3;Kartu Kredit;195000;0;195000;Makassar;Sulawesi Selatan
6a118f6afad9326442663e17;TRX-4XFUR2HZ;16/02/2026;Jono Adriansyah;user1339@example.com;Non-Member;Laptop ASUS ROG;Elektronik;20000000;1;E-Wallet (OVO/Dana);20000000;0;20000000;Makassar;Sulawesi Selatan
6a118f6afad9326442663e18;TRX-5J95UGIT;26/02/2025;Eko Prasetyo;user1340@example.com;Member;Paket Ayam Bakar Madu;Kuliner;35000;3;Kartu Kredit;105000;0;105000;Surabaya;Jawa Timur
6a118f6afad9326442663e19;TRX-AXS589IE;15/05/2026;Budi Santoso;user1341@example.com;Member;Smartphone Samsung S24;Elektronik;13000000;2;COD;26000000;0;26000000;Semarang;Jawa Tengah
6a118f6afad9326442663e1a;TRX-ZVI11FGG;13/04/2026;Fahmi Idris;user1342@example.com;Member;Paket Ayam Bakar Madu;Kuliner;35000;1;Kartu Kredit;35000;0;35000;Makassar;Sulawesi Selatan
6a118f6afad9326442663e1b;TRX-ZJ3OEOUP;03/05/2025;Jono Adriansyah;user1343@example.com;Non-Member;Meja Kerja Minimalis;Furniture;1200000;3;Transfer Bank;3600000;0;3600000;Semarang;Jawa Tengah
6a118f6afad9326442663e1c;TRX-M1SJ38XO;19/10/2025;Fahmi Idris;user1344@example.com;Non-Member;Sepatu Sneaker Lokal;Fashion;450000;4;COD;1800000;0;1800000;Jakarta;DKI Jakarta
6a118f6afad9326442663e1d;TRX-LUXH3S6X;26/02/2026;Andi Wijaya;user1345@example.com;Non-Member;Laptop ASUS ROG;Elektronik;20000000;1;COD;20000000;0;20000000;Jakarta;DKI Jakarta
6a118f6afad9326442663e1e;TRX-IC5GSQP3;20/01/2025;Novianti;user1346@example.com;Member;Sepatu Sneaker Lokal;Fashion;450000;4;COD;1800000;0;1800000;Sukabumi;Jawa Barat
6a118f6afad9326442663e1f;TRX-PYTW0S43;22/04/2026;Jono Adriansyah;user1347@example.com;Member;Paket Ayam Bakar Madu;Kuliner;35000;2;COD;70000;0;70000;Makassar;Sulawesi Selatan
6a118f6afad9326442663e20;TRX-LFSOSCDZ;20/01/2025;Siti Aminah;user1348@example.com;Non-Member;Kopi Susu Gula Aren 1L;Kuliner;65000;1;COD;65000;0;65000;Medan;Sumatera Utara
6a118f6afad9326442663e21;TRX-6Q0Z0PU9;10/04/2025;Siti Aminah;user1349@example.com;Non-Member;Meja Kerja Minimalis;Furniture;1200000;2;Kartu Kredit;2400000;0;2400000;Jakarta;DKI Jakarta
6a118f6afad9326442663e22;TRX-13EURXAY;30/04/2026;Rian Hidayat;user1350@example.com;Member;Laptop ASUS ROG;Elektronik;20000000;3;Kartu Kredit;60000000;0;60000000;Medan;Sumatera Utara
6a118f6afad9326442663e23;TRX-T29GQMUJ;11/04/2025;Jono Adriansyah;user1351@example.com;Non-Member;Laptop ASUS ROG;Elektronik;20000000;2;Transfer Bank;40000000;0;40000000;Surabaya;Jawa Timur
6a118f6afad9326442663e24;TRX-VG3QDFY8;14/11/2025;Budi Santoso;user1352@example.com;Non-Member;Smartphone Samsung S24;Elektronik;13000000;1;COD;13000000;0;13000000;Bandung;Jawa Barat
6a118f6afad9326442663e25;TRX-1Y1960G1;14/06/2025;Rian Hidayat;user1353@example.com;Non-Member;Kemeja Flanel Oversize;Fashion;250000;2;Kartu Kredit;500000;0;500000;Semarang;Jawa Tengah
6a118f6afad9326442663e26;TRX-AHZESHDP;03/02/2026;Novianti;user1354@example.com;Non-Member;Smartphone Samsung S24;Elektronik;13000000;4;E-Wallet (OVO/Dana);52000000;0;52000000;Surabaya;Jawa Timur
6a118f6afad9326442663e27;TRX-MIV7DXIJ;13/04/2025;Novianti;user1355@example.com;Member;Kemeja Flanel Oversize;Fashion;250000;1;COD;250000;0;250000;Jakarta;DKI Jakarta
6a118f6afad9326442663e28;TRX-V9X3WX3X;22/09/2025;Mega Pertiwi;user1356@example.com;Non-Member;Sepatu Sneaker Lokal;Fashion;450000;3;E-Wallet (OVO/Dana);1350000;0;1350000;Bandung;Jawa Barat
6a118f6afad9326442663e29;TRX-YLJ3CC3R;10/01/2025;Siti Aminah;user1357@example.com;Member;Kopi Susu Gula Aren 1L;Kuliner;65000;4;Transfer Bank;260000;0;260000;Semarang;Jawa Tengah
6a118f6afad9326442663e2a;TRX-VPCB7CT8;17/02/2025;Budi Santoso;user1358@example.com;Non-Member;Paket Ayam Bakar Madu;Kuliner;35000;4;E-Wallet (OVO/Dana);140000;0;140000;Makassar;Sulawesi Selatan
6a118f6afad9326442663e2b;TRX-I3XD84JZ;03/12/2025;Jono Adriansyah;user1359@example.com;Member;Meja Kerja Minimalis;Furniture;1200000;3;Transfer Bank;3600000;0;3600000;Jakarta;DKI Jakarta
6a118f6afad9326442663e2c;TRX-J2HSZ3M0;27/12/2025;Budi Santoso;user1360@example.com;Non-Member;Kopi Susu Gula Aren 1L;Kuliner;65000;4;E-Wallet (OVO/Dana);260000;0;260000;Sukabumi;Jawa Barat
6a118f6afad9326442663e2d;TRX-Z3VFNPFI;14/05/2025;Mega Pertiwi;user1361@example.com;Member;Kursi Gaming Premium;Furniture;2500000;2;Kartu Kredit;5000000;0;5000000;Jakarta;DKI Jakarta
6a118f6afad9326442663e2e;TRX-VCAK5JJM;01/09/2025;Jono Adriansyah;user1362@example.com;Non-Member;Kopi Susu Gula Aren 1L;Kuliner;65000;4;Transfer Bank;260000;0;260000;Semarang;Jawa Tengah
6a118f6afad9326442663e2f;TRX-FETV7XMQ;27/08/2025;Budi Santoso;user1363@example.com;Member;Paket Ayam Bakar Madu;Kuliner;35000;1;Transfer Bank;35000;0;35000;Semarang;Jawa Tengah
6a118f6afad9326442663e30;TRX-BQ4MOYEB;07/05/2025;Rian Hidayat;user1364@example.com;Non-Member;Meja Kerja Minimalis;Furniture;1200000;3;COD;3600000;0;3600000;Makassar;Sulawesi Selatan
6a118f6afad9326442663e31;TRX-NYD28Y6H;11/04/2025;Siti Aminah;user1365@example.com;Member;Laptop ASUS ROG;Elektronik;20000000;2;Kartu Kredit;40000000;0;40000000;Makassar;Sulawesi Selatan
6a118f6afad9326442663e32;TRX-2F1KR7IC;19/03/2025;Fahmi Idris;user1366@example.com;Non-Member;Meja Kerja Minimalis;Furniture;1200000;3;Kartu Kredit;3600000;0;3600000;Makassar;Sulawesi Selatan
6a118f6afad9326442663e33;TRX-006QYYW2;07/03/2025;Budi Santoso;user1367@example.com;Member;Laptop ASUS ROG;Elektronik;20000000;2;COD;40000000;0;40000000;Surabaya;Jawa Timur
6a118f6afad9326442663e34;TRX-X3HM37O0;24/04/2025;Eko Prasetyo;user1368@example.com;Member;Kemeja Flanel Oversize;Fashion;250000;3;E-Wallet (OVO/Dana);750000;0;750000;Surabaya;Jawa Timur
6a118f6afad9326442663e35;TRX-TNLKDYO8;02/10/2025;Eko Prasetyo;user1369@example.com;Member;Laptop ASUS ROG;Elektronik;20000000;1;COD;20000000;0;20000000;Medan;Sumatera Utara
6a118f6afad9326442663e36;TRX-DBWDML3J;15/06/2025;Fahmi Idris;user1370@example.com;Non-Member;Laptop ASUS ROG;Elektronik;20000000;2;Transfer Bank;40000000;0;40000000;Surabaya;Jawa Timur
6a118f6afad9326442663e37;TRX-L344UIY2;14/03/2025;Siti Aminah;user1371@example.com;Non-Member;Laptop ASUS ROG;Elektronik;20000000;1;E-Wallet (OVO/Dana);20000000;0;20000000;Surabaya;Jawa Timur
6a118f6afad9326442663e38;TRX-FDHD6D42;15/04/2025;Rian Hidayat;user1372@example.com;Non-Member;Laptop ASUS ROG;Elektronik;20000000;2;Kartu Kredit;40000000;0;40000000;Jakarta;DKI Jakarta
6a118f6afad9326442663e39;TRX-KQFKDUYO;22/11/2025;Siti Aminah;user1373@example.com;Non-Member;Kemeja Flanel Oversize;Fashion;250000;3;Kartu Kredit;750000;0;750000;Medan;Sumatera Utara
6a118f6afad9326442663e3a;TRX-JMJQMI4D;15/03/2025;Novianti;user1374@example.com;Non-Member;Meja Kerja Minimalis;Furniture;1200000;3;Transfer Bank;3600000;0;3600000;Medan;Sumatera Utara
6a118f6afad9326442663e3b;TRX-ST3AIO1H;16/03/2026;Novianti;user1375@example.com;Member;Paket Ayam Bakar Madu;Kuliner;35000;4;E-Wallet (OVO/Dana);140000;0;140000;Bandung;Jawa Barat
6a118f6afad9326442663e3c;TRX-VEYIEHA0;24/03/2025;Siti Aminah;user1376@example.com;Non-Member;Meja Kerja Minimalis;Furniture;1200000;2;Transfer Bank;2400000;0;2400000;Surabaya;Jawa Timur
6a118f6afad9326442663e3d;TRX-6CA096CL;21/03/2025;Eko Prasetyo;user1377@example.com;Non-Member;Paket Ayam Bakar Madu;Kuliner;35000;2;E-Wallet (OVO/Dana);70000;0;70000;Makassar;Sulawesi Selatan
6a118f6afad9326442663e3e;TRX-YIXRYKNL;21/09/2025;Novianti;user1378@example.com;Non-Member;Paket Ayam Bakar Madu;Kuliner;35000;2;COD;70000;0;70000;Sukabumi;Jawa Barat
6a118f6afad9326442663e3f;TRX-X1UH2016;21/03/2025;Budi Santoso;user1379@example.com;Member;Kursi Gaming Premium;Furniture;2500000;3;COD;7500000;0;7500000;Jakarta;DKI Jakarta
6a118f6afad9326442663e40;TRX-T82QTOUO;18/04/2026;Fahmi Idris;user1380@example.com;Non-Member;Laptop ASUS ROG;Elektronik;20000000;2;E-Wallet (OVO/Dana);40000000;0;40000000;Makassar;Sulawesi Selatan
6a118f6afad9326442663e41;TRX-YQHOOEUW;02/02/2025;Rian Hidayat;user1381@example.com;Non-Member;Kopi Susu Gula Aren 1L;Kuliner;65000;2;COD;130000;0;130000;Semarang;Jawa Tengah
6a118f6afad9326442663e42;TRX-IPAMAA8R;25/11/2025;Fahmi Idris;user1382@example.com;Non-Member;Kopi Susu Gula Aren 1L;Kuliner;65000;4;Kartu Kredit;260000;0;260000;Sukabumi;Jawa Barat
6a118f6afad9326442663e43;TRX-VX8LBXNC;18/01/2025;Budi Santoso;user1383@example.com;Non-Member;Meja Kerja Minimalis;Furniture;1200000;1;Kartu Kredit;1200000;0;1200000;Sukabumi;Jawa Barat
6a118f6afad9326442663e44;TRX-ZIID8PV5;21/03/2025;Novianti;user1384@example.com;Member;Sepatu Sneaker Lokal;Fashion;450000;1;E-Wallet (OVO/Dana);450000;0;450000;Semarang;Jawa Tengah
6a118f6afad9326442663e45;TRX-GG5BVQAV;30/11/2025;Rian Hidayat;user1385@example.com;Member;Kopi Susu Gula Aren 1L;Kuliner;65000;4;Kartu Kredit;260000;0;260000;Sukabumi;Jawa Barat
6a118f6afad9326442663e46;TRX-1IDCFHGI;04/11/2025;Jono Adriansyah;user1386@example.com;Member;Smartphone Samsung S24;Elektronik;13000000;3;E-Wallet (OVO/Dana);39000000;0;39000000;Bandung;Jawa Barat
6a118f6afad9326442663e47;TRX-FG3AWTNZ;06/02/2025;Rian Hidayat;user1387@example.com;Non-Member;Paket Ayam Bakar Madu;Kuliner;35000;4;COD;140000;0;140000;Jakarta;DKI Jakarta
6a118f6afad9326442663e48;TRX-DOWZ6NHL;06/03/2025;Dewi Lestari;user1388@example.com;Member;Kopi Susu Gula Aren 1L;Kuliner;65000;2;Kartu Kredit;130000;0;130000;Surabaya;Jawa Timur
6a118f6afad9326442663e49;TRX-9PG2BTB0;04/10/2025;Jono Adriansyah;user1389@example.com;Non-Member;Sepatu Sneaker Lokal;Fashion;450000;3;Transfer Bank;1350000;0;1350000;Sukabumi;Jawa Barat
6a118f6afad9326442663e4a;TRX-KZ5LNXHT;10/05/2026;Budi Santoso;user1390@example.com;Member;Sepatu Sneaker Lokal;Fashion;450000;4;Kartu Kredit;1800000;0;1800000;Jakarta;DKI Jakarta
6a118f6afad9326442663e4b;TRX-0KBSZKBE;03/04/2025;Eko Prasetyo;user1391@example.com;Non-Member;Kopi Susu Gula Aren 1L;Kuliner;65000;1;Transfer Bank;65000;0;65000;Jakarta;DKI Jakarta
6a118f6afad9326442663e4c;TRX-2WYHA4ZC;18/12/2025;Jono Adriansyah;user1392@example.com;Non-Member;Smartphone Samsung S24;Elektronik;13000000;2;E-Wallet (OVO/Dana);26000000;0;26000000;Surabaya;Jawa Timur
6a118f6afad9326442663e4d;TRX-93EAVFYT;16/02/2026;Mega Pertiwi;user1393@example.com;Member;Sepatu Sneaker Lokal;Fashion;450000;4;COD;1800000;0;1800000;Semarang;Jawa Tengah
6a118f6afad9326442663e4e;TRX-0MSXDVYB;18/12/2025;Eko Prasetyo;user1394@example.com;Non-Member;Paket Ayam Bakar Madu;Kuliner;35000;3;COD;105000;0;105000;Sukabumi;Jawa Barat
6a118f6afad9326442663e4f;TRX-DOLCY84G;08/09/2025;Novianti;user1395@example.com;Non-Member;Smartphone Samsung S24;Elektronik;13000000;3;COD;39000000;0;39000000;Surabaya;Jawa Timur
6a118f6afad9326442663e50;TRX-5HQ5Z1B6;02/12/2025;Novianti;user1396@example.com;Non-Member;Laptop ASUS ROG;Elektronik;20000000;4;Kartu Kredit;80000000;0;80000000;Jakarta;DKI Jakarta
6a118f6afad9326442663e51;TRX-V0AUACMS;31/01/2025;Eko Prasetyo;user1397@example.com;Member;Laptop ASUS ROG;Elektronik;20000000;2;Kartu Kredit;40000000;0;40000000;Surabaya;Jawa Timur
6a118f6afad9326442663e52;TRX-X49S1F19;22/03/2026;Siti Aminah;user1398@example.com;Non-Member;Sepatu Sneaker Lokal;Fashion;450000;4;Transfer Bank;1800000;0;1800000;Semarang;Jawa Tengah
6a118f6afad9326442663e53;TRX-LFHZPUI3;25/07/2025;Andi Wijaya;user1399@example.com;Member;Sepatu Sneaker Lokal;Fashion;450000;2;COD;900000;0;900000;Surabaya;Jawa Timur
6a118f6afad9326442663e54;TRX-FVUBBF75;21/07/2025;Siti Aminah;user1400@example.com;Non-Member;Paket Ayam Bakar Madu;Kuliner;35000;3;Transfer Bank;105000;0;105000;Makassar;Sulawesi Selatan
6a118f6afad9326442663e55;TRX-XF52N9EG;31/01/2025;Novianti;user1401@example.com;Non-Member;Kursi Gaming Premium;Furniture;2500000;2;Transfer Bank;5000000;0;5000000;Sukabumi;Jawa Barat
6a118f6afad9326442663e56;TRX-CCCDDM4Q;17/08/2025;Novianti;user1402@example.com;Member;Laptop ASUS ROG;Elektronik;20000000;1;COD;20000000;0;20000000;Bandung;Jawa Barat
6a118f6afad9326442663e57;TRX-JPL8TZX8;16/02/2025;Siti Aminah;user1403@example.com;Member;Sepatu Sneaker Lokal;Fashion;450000;4;Transfer Bank;1800000;0;1800000;Bandung;Jawa Barat
6a118f6afad9326442663e58;TRX-1O2LOB6A;21/08/2025;Siti Aminah;user1404@example.com;Member;Meja Kerja Minimalis;Furniture;1200000;4;COD;4800000;0;4800000;Makassar;Sulawesi Selatan
6a118f6afad9326442663e59;TRX-FDUS76M8;12/01/2025;Novianti;user1405@example.com;Member;Laptop ASUS ROG;Elektronik;20000000;2;COD;40000000;0;40000000;Surabaya;Jawa Timur
6a118f6afad9326442663e5a;TRX-25DSK0JB;04/01/2025;Dewi Lestari;user1406@example.com;Member;Kopi Susu Gula Aren 1L;Kuliner;65000;1;E-Wallet (OVO/Dana);65000;0;65000;Bandung;Jawa Barat
6a118f6afad9326442663e5b;TRX-8ON0AIUB;05/03/2026;Jono Adriansyah;user1407@example.com;Member;Kursi Gaming Premium;Furniture;2500000;1;Kartu Kredit;2500000;0;2500000;Semarang;Jawa Tengah
6a118f6afad9326442663e5c;TRX-8CXW4Y7W;01/01/2025;Andi Wijaya;user1408@example.com;Member;Meja Kerja Minimalis;Furniture;1200000;2;Transfer Bank;2400000;0;2400000;Surabaya;Jawa Timur
6a118f6afad9326442663e5d;TRX-NW35CJQP;13/03/2026;Fahmi Idris;user1409@example.com;Non-Member;Kemeja Flanel Oversize;Fashion;250000;1;Kartu Kredit;250000;0;250000;Makassar;Sulawesi Selatan
6a118f6afad9326442663e5e;TRX-BXP7FCGM;18/05/2025;Jono Adriansyah;user1410@example.com;Member;Kursi Gaming Premium;Furniture;2500000;2;Transfer Bank;5000000;0;5000000;Makassar;Sulawesi Selatan
6a118f6afad9326442663e5f;TRX-WWUV93PS;25/08/2025;Rian Hidayat;user1411@example.com;Member;Kursi Gaming Premium;Furniture;2500000;2;COD;5000000;0;5000000;Jakarta;DKI Jakarta
6a118f6afad9326442663e60;TRX-E7JIMYHD;23/03/2025;Andi Wijaya;user1412@example.com;Non-Member;Paket Ayam Bakar Madu;Kuliner;35000;2;Transfer Bank;70000;0;70000;Medan;Sumatera Utara
6a118f6afad9326442663e61;TRX-XR9GRMOC;23/05/2026;Dewi Lestari;user1413@example.com;Non-Member;Sepatu Sneaker Lokal;Fashion;450000;4;E-Wallet (OVO/Dana);1800000;0;1800000;Semarang;Jawa Tengah
6a118f6afad9326442663e62;TRX-YWENE2XC;02/09/2025;Mega Pertiwi;user1414@example.com;Member;Sepatu Sneaker Lokal;Fashion;450000;1;Kartu Kredit;450000;0;450000;Jakarta;DKI Jakarta
6a118f6afad9326442663e63;TRX-BFR1C4BR;26/11/2025;Jono Adriansyah;user1415@example.com;Member;Sepatu Sneaker Lokal;Fashion;450000;1;Transfer Bank;450000;0;450000;Jakarta;DKI Jakarta
6a118f6afad9326442663e64;TRX-IVXZTUE8;03/01/2025;Andi Wijaya;user1416@example.com;Member;Meja Kerja Minimalis;Furniture;1200000;3;Kartu Kredit;3600000;0;3600000;Bandung;Jawa Barat
6a118f6afad9326442663e65;TRX-87IOZE0F;17/04/2026;Rian Hidayat;user1417@example.com;Non-Member;Kursi Gaming Premium;Furniture;2500000;4;E-Wallet (OVO/Dana);10000000;0;10000000;Medan;Sumatera Utara
6a118f6afad9326442663e66;TRX-A59YP2RZ;11/05/2026;Eko Prasetyo;user1418@example.com;Non-Member;Smartphone Samsung S24;Elektronik;13000000;1;Transfer Bank;13000000;0;13000000;Makassar;Sulawesi Selatan
6a118f6afad9326442663e67;TRX-NEE1ET3G;17/03/2026;Eko Prasetyo;user1419@example.com;Member;Kursi Gaming Premium;Furniture;2500000;1;Transfer Bank;2500000;0;2500000;Jakarta;DKI Jakarta
6a118f6afad9326442663e68;TRX-37ZIJB8D;21/03/2025;Novianti;user1420@example.com;Non-Member;Paket Ayam Bakar Madu;Kuliner;35000;3;COD;105000;0;105000;Makassar;Sulawesi Selatan
6a118f6afad9326442663e69;TRX-CFG5T5SD;04/04/2026;Budi Santoso;user1421@example.com;Non-Member;Paket Ayam Bakar Madu;Kuliner;35000;2;COD;70000;0;70000;Bandung;Jawa Barat
6a118f6afad9326442663e6a;TRX-CD4L0T9W;11/05/2026;Fahmi Idris;user1422@example.com;Non-Member;Paket Ayam Bakar Madu;Kuliner;35000;1;Transfer Bank;35000;0;35000;Makassar;Sulawesi Selatan
6a118f6afad9326442663e6b;TRX-40HS4J2M;05/09/2025;Eko Prasetyo;user1423@example.com;Non-Member;Paket Ayam Bakar Madu;Kuliner;35000;1;Transfer Bank;35000;0;35000;Jakarta;DKI Jakarta
6a118f6afad9326442663e6c;TRX-H4PXXOMN;01/02/2025;Fahmi Idris;user1424@example.com;Non-Member;Meja Kerja Minimalis;Furniture;1200000;2;E-Wallet (OVO/Dana);2400000;0;2400000;Surabaya;Jawa Timur
6a118f6afad9326442663e6d;TRX-O2C6MGN4;23/01/2026;Novianti;user1425@example.com;Non-Member;Sepatu Sneaker Lokal;Fashion;450000;1;E-Wallet (OVO/Dana);450000;0;450000;Makassar;Sulawesi Selatan
6a118f6afad9326442663e6e;TRX-P4WYY9X3;31/03/2026;Jono Adriansyah;user1426@example.com;Member;Kopi Susu Gula Aren 1L;Kuliner;65000;3;COD;195000;0;195000;Surabaya;Jawa Timur
6a118f6afad9326442663e6f;TRX-ZJM071VT;02/01/2026;Rian Hidayat;user1427@example.com;Non-Member;Smartphone Samsung S24;Elektronik;13000000;3;COD;39000000;0;39000000;Medan;Sumatera Utara
6a118f6afad9326442663e70;TRX-ABMTG17W;14/11/2025;Eko Prasetyo;user1428@example.com;Member;Meja Kerja Minimalis;Furniture;1200000;1;Kartu Kredit;1200000;0;1200000;Semarang;Jawa Tengah
6a118f6afad9326442663e71;TRX-VSBP8998;06/06/2025;Fahmi Idris;user1429@example.com;Member;Meja Kerja Minimalis;Furniture;1200000;3;COD;3600000;0;3600000;Makassar;Sulawesi Selatan
6a118f6afad9326442663e72;TRX-Z76BK42D;15/01/2025;Mega Pertiwi;user1430@example.com;Member;Kopi Susu Gula Aren 1L;Kuliner;65000;4;Transfer Bank;260000;0;260000;Medan;Sumatera Utara
6a118f6afad9326442663e73;TRX-9EULIL1A;06/06/2025;Novianti;user1431@example.com;Member;Laptop ASUS ROG;Elektronik;20000000;1;Kartu Kredit;20000000;0;20000000;Bandung;Jawa Barat
6a118f6afad9326442663e74;TRX-E9LBL0WZ;02/03/2025;Fahmi Idris;user1432@example.com;Non-Member;Laptop ASUS ROG;Elektronik;20000000;3;COD;60000000;0;60000000;Sukabumi;Jawa Barat
6a118f6afad9326442663e75;TRX-RMNV33J4;18/07/2025;Rian Hidayat;user1433@example.com;Member;Sepatu Sneaker Lokal;Fashion;450000;4;Transfer Bank;1800000;0;1800000;Medan;Sumatera Utara
6a118f6afad9326442663e76;TRX-AF3L1YW3;10/11/2025;Fahmi Idris;user1434@example.com;Member;Paket Ayam Bakar Madu;Kuliner;35000;1;COD;35000;0;35000;Makassar;Sulawesi Selatan
6a118f6afad9326442663e77;TRX-B289G8EB;09/04/2026;Fahmi Idris;user1435@example.com;Member;Kopi Susu Gula Aren 1L;Kuliner;65000;1;Kartu Kredit;65000;0;65000;Medan;Sumatera Utara
6a118f6afad9326442663e78;TRX-LYDBU13S;19/07/2025;Novianti;user1436@example.com;Non-Member;Smartphone Samsung S24;Elektronik;13000000;4;Transfer Bank;52000000;0;52000000;Surabaya;Jawa Timur
6a118f6afad9326442663e79;TRX-FCVO4D06;04/07/2025;Rian Hidayat;user1437@example.com;Non-Member;Meja Kerja Minimalis;Furniture;1200000;2;Transfer Bank;2400000;0;2400000;Sukabumi;Jawa Barat
6a118f6afad9326442663e7a;TRX-PIC74J7E;19/11/2025;Jono Adriansyah;user1438@example.com;Member;Kursi Gaming Premium;Furniture;2500000;2;E-Wallet (OVO/Dana);5000000;0;5000000;Sukabumi;Jawa Barat
6a118f6afad9326442663e7b;TRX-2H3C3MQB;18/11/2025;Budi Santoso;user1439@example.com;Member;Kemeja Flanel Oversize;Fashion;250000;3;COD;750000;0;750000;Makassar;Sulawesi Selatan
6a118f6afad9326442663e7c;TRX-NJRYRCUU;07/05/2025;Novianti;user1440@example.com;Member;Kemeja Flanel Oversize;Fashion;250000;3;Kartu Kredit;750000;0;750000;Makassar;Sulawesi Selatan
6a118f6afad9326442663e7d;TRX-5WUL4MTS;02/03/2025;Mega Pertiwi;user1441@example.com;Non-Member;Meja Kerja Minimalis;Furniture;1200000;2;COD;2400000;0;2400000;Medan;Sumatera Utara
6a118f6afad9326442663e7e;TRX-UA656VO8;21/05/2025;Eko Prasetyo;user1442@example.com;Member;Kopi Susu Gula Aren 1L;Kuliner;65000;2;COD;130000;0;130000;Semarang;Jawa Tengah
6a118f6afad9326442663e7f;TRX-MXWX1EAR;08/01/2025;Fahmi Idris;user1443@example.com;Member;Kopi Susu Gula Aren 1L;Kuliner;65000;4;Transfer Bank;260000;0;260000;Surabaya;Jawa Timur
6a118f6afad9326442663e80;TRX-K6TLRCO5;24/11/2025;Eko Prasetyo;user1444@example.com;Member;Meja Kerja Minimalis;Furniture;1200000;4;COD;4800000;0;4800000;Medan;Sumatera Utara
6a118f6afad9326442663e81;TRX-2ZEL9UJ9;15/11/2025;Budi Santoso;user1445@example.com;Non-Member;Laptop ASUS ROG;Elektronik;20000000;1;Transfer Bank;20000000;0;20000000;Jakarta;DKI Jakarta
6a118f6afad9326442663e82;TRX-7LUL7BYK;06/07/2025;Mega Pertiwi;user1446@example.com;Non-Member;Meja Kerja Minimalis;Furniture;1200000;3;E-Wallet (OVO/Dana);3600000;0;3600000;Bandung;Jawa Barat
6a118f6afad9326442663e83;TRX-GB3NXH54;16/02/2026;Novianti;user1447@example.com;Member;Kopi Susu Gula Aren 1L;Kuliner;65000;3;E-Wallet (OVO/Dana);195000;0;195000;Jakarta;DKI Jakarta
6a118f6afad9326442663e84;TRX-ONTLCQEH;27/09/2025;Novianti;user1448@example.com;Member;Sepatu Sneaker Lokal;Fashion;450000;4;E-Wallet (OVO/Dana);1800000;0;1800000;Semarang;Jawa Tengah
6a118f6afad9326442663e85;TRX-0Z1PCLV7;15/01/2025;Jono Adriansyah;user1449@example.com;Member;Paket Ayam Bakar Madu;Kuliner;35000;2;Transfer Bank;70000;0;70000;Medan;Sumatera Utara
6a118f6afad9326442663e86;TRX-N29X1CMC;25/04/2025;Fahmi Idris;user1450@example.com;Member;Meja Kerja Minimalis;Furniture;1200000;1;Transfer Bank;1200000;0;1200000;Medan;Sumatera Utara
6a118f6afad9326442663e87;TRX-JTQX2B2U;16/11/2025;Andi Wijaya;user1451@example.com;Member;Kopi Susu Gula Aren 1L;Kuliner;65000;1;Kartu Kredit;65000;0;65000;Medan;Sumatera Utara
6a118f6afad9326442663e88;TRX-04WFTR00;19/12/2025;Rian Hidayat;user1452@example.com;Member;Kursi Gaming Premium;Furniture;2500000;4;Transfer Bank;10000000;0;10000000;Sukabumi;Jawa Barat
6a118f6afad9326442663e89;TRX-AENKO05P;20/11/2025;Eko Prasetyo;user1453@example.com;Non-Member;Smartphone Samsung S24;Elektronik;13000000;1;E-Wallet (OVO/Dana);13000000;0;13000000;Medan;Sumatera Utara
6a118f6afad9326442663e8a;TRX-BS7NX56E;05/04/2025;Rian Hidayat;user1454@example.com;Member;Smartphone Samsung S24;Elektronik;13000000;1;Transfer Bank;13000000;0;13000000;Semarang;Jawa Tengah
6a118f6afad9326442663e8b;TRX-WG6879N3;26/04/2025;Rian Hidayat;user1455@example.com;Non-Member;Paket Ayam Bakar Madu;Kuliner;35000;3;Transfer Bank;105000;0;105000;Sukabumi;Jawa Barat
6a118f6afad9326442663e8c;TRX-72MMC101;19/01/2026;Mega Pertiwi;user1456@example.com;Member;Laptop ASUS ROG;Elektronik;20000000;3;Kartu Kredit;60000000;0;60000000;Medan;Sumatera Utara
6a118f6afad9326442663e8d;TRX-4AOOABW5;19/04/2025;Novianti;user1457@example.com;Non-Member;Kursi Gaming Premium;Furniture;2500000;4;Kartu Kredit;10000000;0;10000000;Medan;Sumatera Utara
6a118f6afad9326442663e8e;TRX-Z886SE9O;02/01/2025;Fahmi Idris;user1458@example.com;Non-Member;Kopi Susu Gula Aren 1L;Kuliner;65000;1;Kartu Kredit;65000;0;65000;Bandung;Jawa Barat
6a118f6afad9326442663e8f;TRX-RLRM3BAB;18/01/2026;Andi Wijaya;user1459@example.com;Member;Smartphone Samsung S24;Elektronik;13000000;3;Transfer Bank;39000000;0;39000000;Semarang;Jawa Tengah
6a118f6afad9326442663e90;TRX-528YHR35;21/08/2025;Andi Wijaya;user1460@example.com;Non-Member;Meja Kerja Minimalis;Furniture;1200000;2;Kartu Kredit;2400000;0;2400000;Jakarta;DKI Jakarta
6a118f6afad9326442663e91;TRX-4FN2IEHM;11/09/2025;Andi Wijaya;user1461@example.com;Non-Member;Kopi Susu Gula Aren 1L;Kuliner;65000;1;Kartu Kredit;65000;0;65000;Semarang;Jawa Tengah
6a118f6afad9326442663e92;TRX-0UITYORW;08/12/2025;Eko Prasetyo;user1462@example.com;Non-Member;Smartphone Samsung S24;Elektronik;13000000;1;Kartu Kredit;13000000;0;13000000;Makassar;Sulawesi Selatan
6a118f6afad9326442663e93;TRX-F5IW1WO6;02/02/2026;Jono Adriansyah;user1463@example.com;Non-Member;Smartphone Samsung S24;Elektronik;13000000;1;Transfer Bank;13000000;0;13000000;Jakarta;DKI Jakarta
6a118f6afad9326442663e94;TRX-WYBE9CIF;27/05/2026;Siti Aminah;user1464@example.com;Non-Member;Laptop ASUS ROG;Elektronik;20000000;2;E-Wallet (OVO/Dana);40000000;0;40000000;Semarang;Jawa Tengah
6a118f6afad9326442663e95;TRX-C2GI2PZL;15/03/2025;Andi Wijaya;user1465@example.com;Member;Paket Ayam Bakar Madu;Kuliner;35000;1;E-Wallet (OVO/Dana);35000;0;35000;Jakarta;DKI Jakarta
6a118f6afad9326442663e96;TRX-2QBYVMQZ;16/03/2025;Eko Prasetyo;user1466@example.com;Non-Member;Paket Ayam Bakar Madu;Kuliner;35000;1;Kartu Kredit;35000;0;35000;Jakarta;DKI Jakarta
6a118f6afad9326442663e97;TRX-Y3ANPVT8;20/12/2025;Eko Prasetyo;user1467@example.com;Member;Laptop ASUS ROG;Elektronik;20000000;4;COD;80000000;0;80000000;Sukabumi;Jawa Barat
6a118f6afad9326442663e98;TRX-ZAC8AEH8;03/02/2025;Eko Prasetyo;user1468@example.com;Member;Paket Ayam Bakar Madu;Kuliner;35000;2;Kartu Kredit;70000;0;70000;Bandung;Jawa Barat
6a118f6afad9326442663e99;TRX-W75P9I7X;17/01/2025;Rian Hidayat;user1469@example.com;Member;Smartphone Samsung S24;Elektronik;13000000;2;Kartu Kredit;26000000;0;26000000;Jakarta;DKI Jakarta
6a118f6afad9326442663e9a;TRX-9TF9E0PO;18/01/2026;Jono Adriansyah;user1470@example.com;Member;Kursi Gaming Premium;Furniture;2500000;4;E-Wallet (OVO/Dana);10000000;0;10000000;Sukabumi;Jawa Barat
6a118f6afad9326442663e9b;TRX-5R9XU0QR;04/02/2026;Eko Prasetyo;user1471@example.com;Non-Member;Meja Kerja Minimalis;Furniture;1200000;3;E-Wallet (OVO/Dana);3600000;0;3600000;Surabaya;Jawa Timur
6a118f6afad9326442663e9c;TRX-HOVKK9K0;27/08/2025;Dewi Lestari;user1472@example.com;Member;Meja Kerja Minimalis;Furniture;1200000;4;COD;4800000;0;4800000;Surabaya;Jawa Timur
6a118f6afad9326442663e9d;TRX-M27JYENU;20/01/2025;Budi Santoso;user1473@example.com;Member;Kopi Susu Gula Aren 1L;Kuliner;65000;2;COD;130000;0;130000;Makassar;Sulawesi Selatan
6a118f6afad9326442663e9e;TRX-0602A1SM;05/09/2025;Dewi Lestari;user1474@example.com;Non-Member;Paket Ayam Bakar Madu;Kuliner;35000;3;Kartu Kredit;105000;0;105000;Semarang;Jawa Tengah
6a118f6afad9326442663e9f;TRX-EQW0ZLCP;06/07/2025;Budi Santoso;user1475@example.com;Non-Member;Meja Kerja Minimalis;Furniture;1200000;3;COD;3600000;0;3600000;Makassar;Sulawesi Selatan
6a118f6afad9326442663ea0;TRX-AU40G4VM;18/12/2025;Siti Aminah;user1476@example.com;Member;Kursi Gaming Premium;Furniture;2500000;1;E-Wallet (OVO/Dana);2500000;0;2500000;Makassar;Sulawesi Selatan
6a118f6afad9326442663ea1;TRX-X9TRHM5B;21/05/2026;Dewi Lestari;user1477@example.com;Member;Smartphone Samsung S24;Elektronik;13000000;3;COD;39000000;0;39000000;Semarang;Jawa Tengah
6a118f6afad9326442663ea2;TRX-9FRF19JS;05/08/2025;Jono Adriansyah;user1478@example.com;Member;Sepatu Sneaker Lokal;Fashion;450000;4;Transfer Bank;1800000;0;1800000;Medan;Sumatera Utara
6a118f6afad9326442663ea3;TRX-8RRPW6UK;17/01/2025;Budi Santoso;user1479@example.com;Non-Member;Smartphone Samsung S24;Elektronik;13000000;1;Transfer Bank;13000000;0;13000000;Surabaya;Jawa Timur
6a118f6afad9326442663ea4;TRX-8TFCMMN2;03/01/2026;Siti Aminah;user1480@example.com;Member;Kopi Susu Gula Aren 1L;Kuliner;65000;1;Kartu Kredit;65000;0;65000;Semarang;Jawa Tengah
6a118f6afad9326442663ea5;TRX-9J11H3SE;14/07/2025;Rian Hidayat;user1481@example.com;Non-Member;Laptop ASUS ROG;Elektronik;20000000;3;Transfer Bank;60000000;0;60000000;Jakarta;DKI Jakarta
6a118f6afad9326442663ea6;TRX-JMPD97YX;22/02/2026;Siti Aminah;user1482@example.com;Member;Meja Kerja Minimalis;Furniture;1200000;4;COD;4800000;0;4800000;Medan;Sumatera Utara
6a118f6afad9326442663ea7;TRX-87V5IX7D;19/10/2025;Mega Pertiwi;user1483@example.com;Non-Member;Kemeja Flanel Oversize;Fashion;250000;2;Kartu Kredit;500000;0;500000;Makassar;Sulawesi Selatan
6a118f6afad9326442663ea8;TRX-P1RF5CLT;13/05/2026;Eko Prasetyo;user1484@example.com;Non-Member;Meja Kerja Minimalis;Furniture;1200000;4;COD;4800000;0;4800000;Sukabumi;Jawa Barat
6a118f6afad9326442663ea9;TRX-WJZZLK4Q;04/07/2025;Mega Pertiwi;user1485@example.com;Non-Member;Meja Kerja Minimalis;Furniture;1200000;2;Transfer Bank;2400000;0;2400000;Medan;Sumatera Utara
6a118f6afad9326442663eaa;TRX-39GM6DFW;24/03/2026;Budi Santoso;user1486@example.com;Non-Member;Paket Ayam Bakar Madu;Kuliner;35000;1;E-Wallet (OVO/Dana);35000;0;35000;Medan;Sumatera Utara
6a118f6afad9326442663eab;TRX-4KKU0SUC;24/04/2026;Andi Wijaya;user1487@example.com;Non-Member;Kopi Susu Gula Aren 1L;Kuliner;65000;4;E-Wallet (OVO/Dana);260000;0;260000;Medan;Sumatera Utara
6a118f6afad9326442663eac;TRX-OE8H7DS8;21/02/2026;Jono Adriansyah;user1488@example.com;Non-Member;Laptop ASUS ROG;Elektronik;20000000;2;Kartu Kredit;40000000;0;40000000;Bandung;Jawa Barat
6a118f6afad9326442663ead;TRX-PRW92NWP;27/05/2026;Fahmi Idris;user1489@example.com;Member;Kursi Gaming Premium;Furniture;2500000;2;E-Wallet (OVO/Dana);5000000;0;5000000;Jakarta;DKI Jakarta
6a118f6afad9326442663eae;TRX-JYQFN01I;09/05/2026;Mega Pertiwi;user1490@example.com;Member;Kopi Susu Gula Aren 1L;Kuliner;65000;2;COD;130000;0;130000;Medan;Sumatera Utara
6a118f6afad9326442663eaf;TRX-EI7RWMLH;01/04/2026;Andi Wijaya;user1491@example.com;Non-Member;Paket Ayam Bakar Madu;Kuliner;35000;4;Transfer Bank;140000;0;140000;Jakarta;DKI Jakarta
6a118f6afad9326442663eb0;TRX-ZVFSQBZZ;21/10/2025;Novianti;user1492@example.com;Member;Paket Ayam Bakar Madu;Kuliner;35000;2;E-Wallet (OVO/Dana);70000;0;70000;Jakarta;DKI Jakarta
6a118f6afad9326442663eb1;TRX-6LNFPG6C;06/09/2025;Rian Hidayat;user1493@example.com;Member;Kursi Gaming Premium;Furniture;2500000;4;COD;10000000;0;10000000;Surabaya;Jawa Timur
6a118f6afad9326442663eb2;TRX-Z8PH94AK;25/09/2025;Siti Aminah;user1494@example.com;Non-Member;Kursi Gaming Premium;Furniture;2500000;1;Transfer Bank;2500000;0;2500000;Jakarta;DKI Jakarta
6a118f6afad9326442663eb3;TRX-JY0M0Y9G;16/06/2025;Andi Wijaya;user1495@example.com;Member;Sepatu Sneaker Lokal;Fashion;450000;3;COD;1350000;0;1350000;Sukabumi;Jawa Barat
6a118f6afad9326442663eb4;TRX-QAZK13RI;01/04/2025;Dewi Lestari;user1496@example.com;Non-Member;Laptop ASUS ROG;Elektronik;20000000;1;E-Wallet (OVO/Dana);20000000;0;20000000;Surabaya;Jawa Timur
6a118f6afad9326442663eb5;TRX-8E2KLLKN;06/08/2025;Novianti;user1497@example.com;Member;Smartphone Samsung S24;Elektronik;13000000;1;E-Wallet (OVO/Dana);13000000;0;13000000;Surabaya;Jawa Timur
6a118f6afad9326442663eb6;TRX-VTZ0F8TT;23/09/2025;Jono Adriansyah;user1498@example.com;Non-Member;Laptop ASUS ROG;Elektronik;20000000;4;COD;80000000;0;80000000;Surabaya;Jawa Timur
6a118f6afad9326442663eb7;TRX-JYYWH5KU;15/09/2025;Fahmi Idris;user1499@example.com;Non-Member;Sepatu Sneaker Lokal;Fashion;450000;1;Kartu Kredit;450000;0;450000;Sukabumi;Jawa Barat
6a118f6afad9326442663eb8;TRX-6NKJZNVA;06/01/2025;Dewi Lestari;user1500@example.com;Member;Kursi Gaming Premium;Furniture;2500000;1;COD;2500000;0;2500000;Medan;Sumatera Utara
6a118f6afad9326442663eb9;TRX-HG6P02ZA;13/05/2026;Rian Hidayat;user1501@example.com;Non-Member;Sepatu Sneaker Lokal;Fashion;450000;2;Transfer Bank;900000;0;900000;Semarang;Jawa Tengah
6a118f6afad9326442663eba;TRX-Y8LQE9K3;31/07/2025;Dewi Lestari;user1502@example.com;Member;Kemeja Flanel Oversize;Fashion;250000;4;Kartu Kredit;1000000;0;1000000;Bandung;Jawa Barat
6a118f6afad9326442663ebb;TRX-0R0E98MA;04/12/2025;Fahmi Idris;user1503@example.com;Non-Member;Kursi Gaming Premium;Furniture;2500000;3;Kartu Kredit;7500000;0;7500000;Medan;Sumatera Utara
6a118f6afad9326442663ebc;TRX-VQD8GXX0;03/10/2025;Rian Hidayat;user1504@example.com;Non-Member;Paket Ayam Bakar Madu;Kuliner;35000;4;Kartu Kredit;140000;0;140000;Sukabumi;Jawa Barat
6a118f6afad9326442663ebd;TRX-IEYXCFTW;07/07/2025;Rian Hidayat;user1505@example.com;Non-Member;Kopi Susu Gula Aren 1L;Kuliner;65000;2;COD;130000;0;130000;Semarang;Jawa Tengah
6a118f6afad9326442663ebe;TRX-YJ637LHJ;26/01/2026;Budi Santoso;user1506@example.com;Member;Sepatu Sneaker Lokal;Fashion;450000;4;E-Wallet (OVO/Dana);1800000;0;1800000;Semarang;Jawa Tengah
6a118f6afad9326442663ebf;TRX-NSGSJCG5;10/11/2025;Budi Santoso;user1507@example.com;Member;Smartphone Samsung S24;Elektronik;13000000;1;Transfer Bank;13000000;0;13000000;Makassar;Sulawesi Selatan
6a118f6afad9326442663ec0;TRX-PESK18ND;11/08/2025;Novianti;user1508@example.com;Non-Member;Laptop ASUS ROG;Elektronik;20000000;1;Transfer Bank;20000000;0;20000000;Sukabumi;Jawa Barat
6a118f6afad9326442663ec1;TRX-UW08N0HO;18/03/2026;Fahmi Idris;user1509@example.com;Non-Member;Smartphone Samsung S24;Elektronik;13000000;1;E-Wallet (OVO/Dana);13000000;0;13000000;Jakarta;DKI Jakarta
6a118f6afad9326442663ec2;TRX-W9Q7KG6L;14/04/2025;Jono Adriansyah;user1510@example.com;Member;Kursi Gaming Premium;Furniture;2500000;2;Kartu Kredit;5000000;0;5000000;Bandung;Jawa Barat
6a118f6afad9326442663ec3;TRX-P4U3OCV0;22/02/2025;Mega Pertiwi;user1511@example.com;Non-Member;Kopi Susu Gula Aren 1L;Kuliner;65000;2;E-Wallet (OVO/Dana);130000;0;130000;Makassar;Sulawesi Selatan
6a118f6afad9326442663ec4;TRX-U1UWS1G9;04/01/2026;Rian Hidayat;user1512@example.com;Member;Laptop ASUS ROG;Elektronik;20000000;4;COD;80000000;0;80000000;Surabaya;Jawa Timur
6a118f6afad9326442663ec5;TRX-W4GS8CGB;27/05/2026;Siti Aminah;user1513@example.com;Member;Paket Ayam Bakar Madu;Kuliner;35000;3;Kartu Kredit;105000;0;105000;Jakarta;DKI Jakarta
6a118f6afad9326442663ec6;TRX-UT85224I;14/01/2025;Novianti;user1514@example.com;Non-Member;Sepatu Sneaker Lokal;Fashion;450000;2;E-Wallet (OVO/Dana);900000;0;900000;Bandung;Jawa Barat
6a118f6afad9326442663ec7;TRX-HBGQFUMA;26/01/2026;Mega Pertiwi;user1515@example.com;Non-Member;Kopi Susu Gula Aren 1L;Kuliner;65000;3;Kartu Kredit;195000;0;195000;Bandung;Jawa Barat
6a118f6afad9326442663ec8;TRX-LXTGJMWD;17/01/2026;Mega Pertiwi;user1516@example.com;Member;Smartphone Samsung S24;Elektronik;13000000;4;Kartu Kredit;52000000;0;52000000;Makassar;Sulawesi Selatan
6a118f6afad9326442663ec9;TRX-149OFY46;20/05/2025;Andi Wijaya;user1517@example.com;Non-Member;Sepatu Sneaker Lokal;Fashion;450000;2;COD;900000;0;900000;Semarang;Jawa Tengah
6a118f6afad9326442663eca;TRX-HMOR65BS;17/12/2025;Budi Santoso;user1518@example.com;Non-Member;Kursi Gaming Premium;Furniture;2500000;4;E-Wallet (OVO/Dana);10000000;0;10000000;Surabaya;Jawa Timur
6a118f6afad9326442663ecb;TRX-SY9HXD49;02/04/2026;Mega Pertiwi;user1519@example.com;Member;Laptop ASUS ROG;Elektronik;20000000;4;Kartu Kredit;80000000;0;80000000;Semarang;Jawa Tengah
6a118f6afad9326442663ecc;TRX-Q4MDU2IE;16/04/2026;Budi Santoso;user1520@example.com;Non-Member;Sepatu Sneaker Lokal;Fashion;450000;4;E-Wallet (OVO/Dana);1800000;0;1800000;Sukabumi;Jawa Barat
6a118f6afad9326442663ecd;TRX-RHXIWYIG;08/01/2025;Novianti;user1521@example.com;Non-Member;Kemeja Flanel Oversize;Fashion;250000;3;Kartu Kredit;750000;0;750000;Medan;Sumatera Utara
6a118f6afad9326442663ece;TRX-5PXSOIC0;17/10/2025;Andi Wijaya;user1522@example.com;Member;Kopi Susu Gula Aren 1L;Kuliner;65000;1;COD;65000;0;65000;Medan;Sumatera Utara
6a118f6afad9326442663ecf;TRX-TPII4F1O;27/10/2025;Mega Pertiwi;user1523@example.com;Non-Member;Paket Ayam Bakar Madu;Kuliner;35000;1;E-Wallet (OVO/Dana);35000;0;35000;Semarang;Jawa Tengah
6a118f6afad9326442663ed0;TRX-RH08S46M;04/06/2025;Mega Pertiwi;user1524@example.com;Member;Paket Ayam Bakar Madu;Kuliner;35000;2;COD;70000;0;70000;Semarang;Jawa Tengah
6a118f6afad9326442663ed1;TRX-NBFC7WIW;27/04/2025;Jono Adriansyah;user1525@example.com;Non-Member;Laptop ASUS ROG;Elektronik;20000000;4;COD;80000000;0;80000000;Medan;Sumatera Utara
6a118f6afad9326442663ed2;TRX-IK0YFL14;11/02/2025;Jono Adriansyah;user1526@example.com;Non-Member;Paket Ayam Bakar Madu;Kuliner;35000;3;COD;105000;0;105000;Semarang;Jawa Tengah
6a118f6afad9326442663ed3;TRX-M2XRG4PL;19/05/2025;Siti Aminah;user1527@example.com;Member;Kursi Gaming Premium;Furniture;2500000;3;Transfer Bank;7500000;0;7500000;Jakarta;DKI Jakarta
6a118f6afad9326442663ed4;TRX-HR3LRCII;15/03/2025;Novianti;user1528@example.com;Non-Member;Laptop ASUS ROG;Elektronik;20000000;4;Kartu Kredit;80000000;0;80000000;Semarang;Jawa Tengah
6a118f6afad9326442663ed5;TRX-ZPI44A8S;14/05/2026;Budi Santoso;user1529@example.com;Member;Kursi Gaming Premium;Furniture;2500000;1;E-Wallet (OVO/Dana);2500000;0;2500000;Sukabumi;Jawa Barat
6a118f6afad9326442663ed6;TRX-FB02VRFF;10/02/2026;Fahmi Idris;user1530@example.com;Member;Kursi Gaming Premium;Furniture;2500000;4;Transfer Bank;10000000;0;10000000;Makassar;Sulawesi Selatan
6a118f6afad9326442663ed7;TRX-YMIXJOAU;23/06/2025;Andi Wijaya;user1531@example.com;Member;Kopi Susu Gula Aren 1L;Kuliner;65000;4;E-Wallet (OVO/Dana);260000;0;260000;Semarang;Jawa Tengah
6a118f6afad9326442663ed8;TRX-77AZ2RHT;26/05/2026;Andi Wijaya;user1532@example.com;Non-Member;Meja Kerja Minimalis;Furniture;1200000;3;Kartu Kredit;3600000;0;3600000;Sukabumi;Jawa Barat
6a118f6afad9326442663ed9;TRX-R38U1XIC;10/01/2026;Jono Adriansyah;user1533@example.com;Non-Member;Laptop ASUS ROG;Elektronik;20000000;4;E-Wallet (OVO/Dana);80000000;0;80000000;Makassar;Sulawesi Selatan
6a118f6afad9326442663eda;TRX-4NSAXD6O;06/02/2026;Rian Hidayat;user1534@example.com;Member;Paket Ayam Bakar Madu;Kuliner;35000;2;Kartu Kredit;70000;0;70000;Semarang;Jawa Tengah
6a118f6afad9326442663edb;TRX-CQOXCV9H;14/07/2025;Budi Santoso;user1535@example.com;Member;Kemeja Flanel Oversize;Fashion;250000;3;COD;750000;0;750000;Jakarta;DKI Jakarta
6a118f6afad9326442663edc;TRX-8T6YF8LU;06/11/2025;Mega Pertiwi;user1536@example.com;Non-Member;Laptop ASUS ROG;Elektronik;20000000;3;Transfer Bank;60000000;0;60000000;Jakarta;DKI Jakarta
6a118f6afad9326442663edd;TRX-R7VGADDA;17/09/2025;Andi Wijaya;user1537@example.com;Non-Member;Sepatu Sneaker Lokal;Fashion;450000;3;COD;1350000;0;1350000;Makassar;Sulawesi Selatan
6a118f6afad9326442663ede;TRX-BSCXCUJ5;16/07/2025;Novianti;user1538@example.com;Non-Member;Laptop ASUS ROG;Elektronik;20000000;1;Kartu Kredit;20000000;0;20000000;Jakarta;DKI Jakarta
6a118f6afad9326442663edf;TRX-IJN1UADP;03/02/2026;Eko Prasetyo;user1539@example.com;Member;Kemeja Flanel Oversize;Fashion;250000;2;Transfer Bank;500000;0;500000;Semarang;Jawa Tengah
6a118f6afad9326442663ee0;TRX-HWBJP4GA;09/04/2025;Fahmi Idris;user1540@example.com;Non-Member;Laptop ASUS ROG;Elektronik;20000000;2;COD;40000000;0;40000000;Sukabumi;Jawa Barat
6a118f6afad9326442663ee1;TRX-OTMT7VUJ;03/04/2025;Siti Aminah;user1541@example.com;Member;Kemeja Flanel Oversize;Fashion;250000;3;Kartu Kredit;750000;0;750000;Makassar;Sulawesi Selatan
6a118f6afad9326442663ee2;TRX-KIXK40HM;08/02/2025;Mega Pertiwi;user1542@example.com;Member;Smartphone Samsung S24;Elektronik;13000000;1;COD;13000000;0;13000000;Jakarta;DKI Jakarta
6a118f6afad9326442663ee3;TRX-ZG20MQ0D;17/04/2026;Andi Wijaya;user1543@example.com;Non-Member;Smartphone Samsung S24;Elektronik;13000000;1;E-Wallet (OVO/Dana);13000000;0;13000000;Jakarta;DKI Jakarta
6a118f6afad9326442663ee4;TRX-TLJ2U6P1;08/01/2025;Siti Aminah;user1544@example.com;Non-Member;Kursi Gaming Premium;Furniture;2500000;3;Kartu Kredit;7500000;0;7500000;Surabaya;Jawa Timur
6a118f6afad9326442663ee5;TRX-K379KWJP;17/03/2026;Siti Aminah;user1545@example.com;Non-Member;Meja Kerja Minimalis;Furniture;1200000;1;COD;1200000;0;1200000;Sukabumi;Jawa Barat
6a118f6afad9326442663ee6;TRX-FU1S85T2;19/02/2025;Rian Hidayat;user1546@example.com;Member;Kopi Susu Gula Aren 1L;Kuliner;65000;4;Kartu Kredit;260000;0;260000;Sukabumi;Jawa Barat
6a118f6afad9326442663ee7;TRX-0UVGV6S5;05/07/2025;Rian Hidayat;user1547@example.com;Member;Meja Kerja Minimalis;Furniture;1200000;4;COD;4800000;0;4800000;Medan;Sumatera Utara
6a118f6afad9326442663ee8;TRX-H6BKB42E;18/08/2025;Mega Pertiwi;user1548@example.com;Non-Member;Paket Ayam Bakar Madu;Kuliner;35000;2;E-Wallet (OVO/Dana);70000;0;70000;Sukabumi;Jawa Barat
6a118f6afad9326442663ee9;TRX-O3C0IZPQ;26/11/2025;Eko Prasetyo;user1549@example.com;Non-Member;Meja Kerja Minimalis;Furniture;1200000;2;Transfer Bank;2400000;0;2400000;Sukabumi;Jawa Barat
6a118f6afad9326442663eea;TRX-38TRVBN4;01/08/2025;Eko Prasetyo;user1550@example.com;Non-Member;Kemeja Flanel Oversize;Fashion;250000;4;COD;1000000;0;1000000;Medan;Sumatera Utara
6a118f6afad9326442663eeb;TRX-ZX64C1CW;15/02/2026;Novianti;user1551@example.com;Member;Sepatu Sneaker Lokal;Fashion;450000;1;COD;450000;0;450000;Surabaya;Jawa Timur
6a118f6afad9326442663eec;TRX-ZGHZZLPK;07/10/2025;Dewi Lestari;user1552@example.com;Non-Member;Smartphone Samsung S24;Elektronik;13000000;4;Transfer Bank;52000000;0;52000000;Jakarta;DKI Jakarta
6a118f6afad9326442663eed;TRX-KOA2WN4P;07/01/2025;Mega Pertiwi;user1553@example.com;Member;Smartphone Samsung S24;Elektronik;13000000;4;Transfer Bank;52000000;0;52000000;Jakarta;DKI Jakarta
6a118f6afad9326442663eee;TRX-UI9TGSEG;27/04/2025;Mega Pertiwi;user1554@example.com;Member;Smartphone Samsung S24;Elektronik;13000000;3;COD;39000000;0;39000000;Bandung;Jawa Barat
6a118f6afad9326442663eef;TRX-NLSJRQ9N;18/01/2026;Jono Adriansyah;user1555@example.com;Non-Member;Laptop ASUS ROG;Elektronik;20000000;3;Transfer Bank;60000000;0;60000000;Bandung;Jawa Barat
6a118f6afad9326442663ef0;TRX-TMVSD2PP;02/04/2026;Fahmi Idris;user1556@example.com;Member;Meja Kerja Minimalis;Furniture;1200000;4;Kartu Kredit;4800000;0;4800000;Medan;Sumatera Utara
6a118f6afad9326442663ef1;TRX-56VOKPEN;13/04/2025;Siti Aminah;user1557@example.com;Member;Kopi Susu Gula Aren 1L;Kuliner;65000;4;COD;260000;0;260000;Jakarta;DKI Jakarta
6a118f6afad9326442663ef2;TRX-EC1TLOZ0;19/08/2025;Budi Santoso;user1558@example.com;Member;Kopi Susu Gula Aren 1L;Kuliner;65000;1;Transfer Bank;65000;0;65000;Sukabumi;Jawa Barat
6a118f6afad9326442663ef3;TRX-GWUYTQ5I;23/07/2025;Eko Prasetyo;user1559@example.com;Non-Member;Kopi Susu Gula Aren 1L;Kuliner;65000;1;COD;65000;0;65000;Semarang;Jawa Tengah
6a118f6afad9326442663ef4;TRX-CL7VCBRT;10/03/2026;Siti Aminah;user1560@example.com;Member;Kemeja Flanel Oversize;Fashion;250000;4;Kartu Kredit;1000000;0;1000000;Semarang;Jawa Tengah
6a118f6afad9326442663ef5;TRX-O78LTZ1I;19/04/2025;Eko Prasetyo;user1561@example.com;Member;Kemeja Flanel Oversize;Fashion;250000;4;Kartu Kredit;1000000;0;1000000;Medan;Sumatera Utara
6a118f6afad9326442663ef6;TRX-FKCHH2CN;15/01/2026;Dewi Lestari;user1562@example.com;Member;Smartphone Samsung S24;Elektronik;13000000;4;Kartu Kredit;52000000;0;52000000;Bandung;Jawa Barat
6a118f6afad9326442663ef7;TRX-JNCIE8ZB;19/01/2025;Mega Pertiwi;user1563@example.com;Member;Smartphone Samsung S24;Elektronik;13000000;2;Kartu Kredit;26000000;0;26000000;Medan;Sumatera Utara
6a118f6afad9326442663ef8;TRX-650TLR2U;26/02/2026;Andi Wijaya;user1564@example.com;Non-Member;Kemeja Flanel Oversize;Fashion;250000;3;E-Wallet (OVO/Dana);750000;0;750000;Semarang;Jawa Tengah
6a118f6afad9326442663ef9;TRX-0U2VBFW9;13/10/2025;Mega Pertiwi;user1565@example.com;Non-Member;Laptop ASUS ROG;Elektronik;20000000;4;Kartu Kredit;80000000;0;80000000;Bandung;Jawa Barat
6a118f6afad9326442663efa;TRX-YF40I0YJ;11/11/2025;Fahmi Idris;user1566@example.com;Member;Kopi Susu Gula Aren 1L;Kuliner;65000;1;Kartu Kredit;65000;0;65000;Bandung;Jawa Barat
6a118f6afad9326442663efb;TRX-EXPQ76HX;05/05/2025;Siti Aminah;user1567@example.com;Member;Meja Kerja Minimalis;Furniture;1200000;1;E-Wallet (OVO/Dana);1200000;0;1200000;Bandung;Jawa Barat
6a118f6afad9326442663efc;TRX-GJKLM4NK;17/12/2025;Jono Adriansyah;user1568@example.com;Member;Laptop ASUS ROG;Elektronik;20000000;1;Kartu Kredit;20000000;0;20000000;Sukabumi;Jawa Barat
6a118f6afad9326442663efd;TRX-DMWY5A2H;24/06/2025;Mega Pertiwi;user1569@example.com;Member;Kopi Susu Gula Aren 1L;Kuliner;65000;1;Kartu Kredit;65000;0;65000;Bandung;Jawa Barat
6a118f6afad9326442663efe;TRX-A8VVBRQM;17/04/2025;Andi Wijaya;user1570@example.com;Member;Paket Ayam Bakar Madu;Kuliner;35000;4;E-Wallet (OVO/Dana);140000;0;140000;Medan;Sumatera Utara
6a118f6afad9326442663eff;TRX-2Z159CQN;20/08/2025;Siti Aminah;user1571@example.com;Member;Laptop ASUS ROG;Elektronik;20000000;1;COD;20000000;0;20000000;Makassar;Sulawesi Selatan
6a118f6afad9326442663f00;TRX-R1CDBLXI;10/05/2025;Mega Pertiwi;user1572@example.com;Member;Paket Ayam Bakar Madu;Kuliner;35000;2;Kartu Kredit;70000;0;70000;Semarang;Jawa Tengah
6a118f6afad9326442663f01;TRX-V0HZR318;09/02/2025;Fahmi Idris;user1573@example.com;Non-Member;Kopi Susu Gula Aren 1L;Kuliner;65000;3;COD;195000;0;195000;Sukabumi;Jawa Barat
6a118f6afad9326442663f02;TRX-FQNPFTS4;02/05/2026;Budi Santoso;user1574@example.com;Member;Kopi Susu Gula Aren 1L;Kuliner;65000;3;COD;195000;0;195000;Jakarta;DKI Jakarta
6a118f6afad9326442663f03;TRX-7MMUDSA0;15/01/2025;Rian Hidayat;user1575@example.com;Non-Member;Smartphone Samsung S24;Elektronik;13000000;1;Kartu Kredit;13000000;0;13000000;Jakarta;DKI Jakarta
6a118f6afad9326442663f04;TRX-SSH3JFZZ;13/04/2026;Mega Pertiwi;user1576@example.com;Non-Member;Paket Ayam Bakar Madu;Kuliner;35000;2;E-Wallet (OVO/Dana);70000;0;70000;Medan;Sumatera Utara
6a118f6afad9326442663f05;TRX-XVV9IMA5;09/08/2025;Dewi Lestari;user1577@example.com;Member;Paket Ayam Bakar Madu;Kuliner;35000;1;COD;35000;0;35000;Surabaya;Jawa Timur
6a118f6afad9326442663f06;TRX-VVI43OEB;15/08/2025;Rian Hidayat;user1578@example.com;Member;Kopi Susu Gula Aren 1L;Kuliner;65000;2;Transfer Bank;130000;0;130000;Medan;Sumatera Utara
6a118f6afad9326442663f07;TRX-I2F8CYSX;11/12/2025;Rian Hidayat;user1579@example.com;Member;Meja Kerja Minimalis;Furniture;1200000;4;COD;4800000;0;4800000;Makassar;Sulawesi Selatan
6a118f6afad9326442663f08;TRX-JE76XFX9;04/05/2025;Eko Prasetyo;user1580@example.com;Member;Kopi Susu Gula Aren 1L;Kuliner;65000;4;Kartu Kredit;260000;0;260000;Makassar;Sulawesi Selatan
6a118f6afad9326442663f09;TRX-4CPJ6UMA;26/03/2026;Dewi Lestari;user1581@example.com;Non-Member;Smartphone Samsung S24;Elektronik;13000000;4;COD;52000000;0;52000000;Jakarta;DKI Jakarta
6a118f6afad9326442663f0a;TRX-59WD6KE0;27/05/2026;Dewi Lestari;user1582@example.com;Member;Kursi Gaming Premium;Furniture;2500000;2;Transfer Bank;5000000;0;5000000;Semarang;Jawa Tengah
6a118f6afad9326442663f0b;TRX-DZATXPHO;02/04/2025;Fahmi Idris;user1583@example.com;Member;Kemeja Flanel Oversize;Fashion;250000;1;COD;250000;0;250000;Medan;Sumatera Utara
6a118f6afad9326442663f0c;TRX-2TD2N7KV;27/07/2025;Fahmi Idris;user1584@example.com;Member;Kemeja Flanel Oversize;Fashion;250000;4;COD;1000000;0;1000000;Jakarta;DKI Jakarta
6a118f6afad9326442663f0d;TRX-R6FK0VL5;31/10/2025;Fahmi Idris;user1585@example.com;Member;Sepatu Sneaker Lokal;Fashion;450000;3;E-Wallet (OVO/Dana);1350000;0;1350000;Semarang;Jawa Tengah
6a118f6afad9326442663f0e;TRX-FY6E1SB6;22/03/2026;Budi Santoso;user1586@example.com;Non-Member;Meja Kerja Minimalis;Furniture;1200000;3;COD;3600000;0;3600000;Semarang;Jawa Tengah
6a118f6afad9326442663f0f;TRX-6OIXT4G6;04/02/2025;Siti Aminah;user1587@example.com;Non-Member;Laptop ASUS ROG;Elektronik;20000000;1;COD;20000000;0;20000000;Makassar;Sulawesi Selatan
6a118f6afad9326442663f10;TRX-P1MD848N;24/10/2025;Fahmi Idris;user1588@example.com;Non-Member;Sepatu Sneaker Lokal;Fashion;450000;3;Kartu Kredit;1350000;0;1350000;Bandung;Jawa Barat
6a118f6afad9326442663f11;TRX-0AUMM30C;15/04/2025;Mega Pertiwi;user1589@example.com;Non-Member;Meja Kerja Minimalis;Furniture;1200000;4;Transfer Bank;4800000;0;4800000;Medan;Sumatera Utara
6a118f6afad9326442663f12;TRX-8YR9DOU9;07/07/2025;Mega Pertiwi;user1590@example.com;Non-Member;Sepatu Sneaker Lokal;Fashion;450000;4;Kartu Kredit;1800000;0;1800000;Sukabumi;Jawa Barat
6a118f6afad9326442663f13;TRX-DXYKIGLU;21/04/2025;Novianti;user1591@example.com;Member;Meja Kerja Minimalis;Furniture;1200000;2;Kartu Kredit;2400000;0;2400000;Bandung;Jawa Barat
6a118f6afad9326442663f14;TRX-0VU07IMD;17/10/2025;Eko Prasetyo;user1592@example.com;Member;Smartphone Samsung S24;Elektronik;13000000;3;Transfer Bank;39000000;0;39000000;Surabaya;Jawa Timur
6a118f6afad9326442663f15;TRX-X22PMWQW;08/02/2026;Budi Santoso;user1593@example.com;Non-Member;Paket Ayam Bakar Madu;Kuliner;35000;3;COD;105000;0;105000;Medan;Sumatera Utara
6a118f6afad9326442663f16;TRX-ZU95WZ37;12/01/2026;Jono Adriansyah;user1594@example.com;Non-Member;Smartphone Samsung S24;Elektronik;13000000;2;Kartu Kredit;26000000;0;26000000;Makassar;Sulawesi Selatan
6a118f6afad9326442663f17;TRX-61LQ7GMO;25/02/2026;Eko Prasetyo;user1595@example.com;Non-Member;Smartphone Samsung S24;Elektronik;13000000;2;Kartu Kredit;26000000;0;26000000;Sukabumi;Jawa Barat
6a118f6afad9326442663f18;TRX-LKNMCFMI;24/02/2025;Andi Wijaya;user1596@example.com;Non-Member;Kopi Susu Gula Aren 1L;Kuliner;65000;4;E-Wallet (OVO/Dana);260000;0;260000;Surabaya;Jawa Timur
6a118f6afad9326442663f19;TRX-A1C8A4V3;06/05/2026;Jono Adriansyah;user1597@example.com;Member;Meja Kerja Minimalis;Furniture;1200000;4;COD;4800000;0;4800000;Surabaya;Jawa Timur
6a118f6afad9326442663f1a;TRX-UAIDLHCJ;19/09/2025;Andi Wijaya;user1598@example.com;Member;Smartphone Samsung S24;Elektronik;13000000;1;Kartu Kredit;13000000;0;13000000;Sukabumi;Jawa Barat
6a118f6afad9326442663f1b;TRX-PIZ3POQF;13/10/2025;Novianti;user1599@example.com;Member;Meja Kerja Minimalis;Furniture;1200000;1;COD;1200000;0;1200000;Medan;Sumatera Utara
6a118f6afad9326442663f1c;TRX-PCT2VIWR;10/02/2025;Dewi Lestari;user1600@example.com;Member;Kemeja Flanel Oversize;Fashion;250000;3;E-Wallet (OVO/Dana);750000;0;750000;Surabaya;Jawa Timur
6a118f6afad9326442663f1d;TRX-E2U0HGXJ;14/04/2026;Eko Prasetyo;user1601@example.com;Member;Smartphone Samsung S24;Elektronik;13000000;2;COD;26000000;0;26000000;Sukabumi;Jawa Barat
6a118f6afad9326442663f1e;TRX-0HDZYGTW;20/01/2025;Siti Aminah;user1602@example.com;Member;Sepatu Sneaker Lokal;Fashion;450000;3;COD;1350000;0;1350000;Medan;Sumatera Utara
6a118f6afad9326442663f1f;TRX-R7BKD7AG;19/01/2026;Rian Hidayat;user1603@example.com;Member;Sepatu Sneaker Lokal;Fashion;450000;3;E-Wallet (OVO/Dana);1350000;0;1350000;Semarang;Jawa Tengah
6a118f6afad9326442663f20;TRX-75OL67WS;18/01/2026;Rian Hidayat;user1604@example.com;Non-Member;Sepatu Sneaker Lokal;Fashion;450000;3;E-Wallet (OVO/Dana);1350000;0;1350000;Jakarta;DKI Jakarta
6a118f6afad9326442663f21;TRX-844ZH0CH;05/03/2025;Eko Prasetyo;user1605@example.com;Non-Member;Laptop ASUS ROG;Elektronik;20000000;2;Transfer Bank;40000000;0;40000000;Bandung;Jawa Barat
6a118f6afad9326442663f22;TRX-DXN3JRFE;27/05/2026;Jono Adriansyah;user1606@example.com;Non-Member;Laptop ASUS ROG;Elektronik;20000000;4;E-Wallet (OVO/Dana);80000000;0;80000000;Jakarta;DKI Jakarta
6a118f6afad9326442663f23;TRX-T0YCZYJ6;23/11/2025;Fahmi Idris;user1607@example.com;Non-Member;Kopi Susu Gula Aren 1L;Kuliner;65000;3;Kartu Kredit;195000;0;195000;Jakarta;DKI Jakarta
6a118f6afad9326442663f24;TRX-9FOSOXX9;30/06/2025;Andi Wijaya;user1608@example.com;Non-Member;Paket Ayam Bakar Madu;Kuliner;35000;2;Transfer Bank;70000;0;70000;Surabaya;Jawa Timur
6a118f6afad9326442663f25;TRX-M02TESFC;24/04/2025;Eko Prasetyo;user1609@example.com;Non-Member;Kopi Susu Gula Aren 1L;Kuliner;65000;3;Kartu Kredit;195000;0;195000;Semarang;Jawa Tengah
6a118f6afad9326442663f26;TRX-KLU4VEJ1;16/07/2025;Fahmi Idris;user1610@example.com;Non-Member;Smartphone Samsung S24;Elektronik;13000000;4;Kartu Kredit;52000000;0;52000000;Bandung;Jawa Barat
6a118f6afad9326442663f27;TRX-BFMUO8L4;13/10/2025;Fahmi Idris;user1611@example.com;Member;Kopi Susu Gula Aren 1L;Kuliner;65000;4;Kartu Kredit;260000;0;260000;Bandung;Jawa Barat
6a118f6afad9326442663f28;TRX-U7LABHWW;04/03/2025;Eko Prasetyo;user1612@example.com;Non-Member;Kursi Gaming Premium;Furniture;2500000;2;E-Wallet (OVO/Dana);5000000;0;5000000;Sukabumi;Jawa Barat
6a118f6afad9326442663f29;TRX-E9C7722V;15/10/2025;Mega Pertiwi;user1613@example.com;Member;Kopi Susu Gula Aren 1L;Kuliner;65000;3;E-Wallet (OVO/Dana);195000;0;195000;Sukabumi;Jawa Barat
6a118f6afad9326442663f2a;TRX-D4LS8RHD;13/03/2025;Jono Adriansyah;user1614@example.com;Member;Kopi Susu Gula Aren 1L;Kuliner;65000;2;Transfer Bank;130000;0;130000;Surabaya;Jawa Timur
6a118f6afad9326442663f2b;TRX-TGH68B9M;05/03/2026;Rian Hidayat;user1615@example.com;Non-Member;Meja Kerja Minimalis;Furniture;1200000;1;E-Wallet (OVO/Dana);1200000;0;1200000;Sukabumi;Jawa Barat
6a118f6afad9326442663f2c;TRX-TKYSD875;26/04/2025;Eko Prasetyo;user1616@example.com;Member;Laptop ASUS ROG;Elektronik;20000000;3;COD;60000000;0;60000000;Jakarta;DKI Jakarta
6a118f6afad9326442663f2d;TRX-DS878116;19/07/2025;Novianti;user1617@example.com;Member;Paket Ayam Bakar Madu;Kuliner;35000;4;Kartu Kredit;140000;0;140000;Jakarta;DKI Jakarta
6a118f6afad9326442663f2e;TRX-YBFGFV1D;31/12/2024;Eko Prasetyo;user1618@example.com;Member;Paket Ayam Bakar Madu;Kuliner;35000;1;COD;35000;0;35000;Medan;Sumatera Utara
6a118f6afad9326442663f2f;TRX-JE9KD4OD;17/05/2025;Siti Aminah;user1619@example.com;Member;Smartphone Samsung S24;Elektronik;13000000;2;Kartu Kredit;26000000;0;26000000;Jakarta;DKI Jakarta
6a118f6afad9326442663f30;TRX-OSJ19OOP;31/07/2025;Mega Pertiwi;user1620@example.com;Member;Kemeja Flanel Oversize;Fashion;250000;4;Transfer Bank;1000000;0;1000000;Semarang;Jawa Tengah
6a118f6afad9326442663f31;TRX-KJLKE2MW;15/02/2026;Andi Wijaya;user1621@example.com;Non-Member;Laptop ASUS ROG;Elektronik;20000000;2;COD;40000000;0;40000000;Bandung;Jawa Barat
6a118f6afad9326442663f32;TRX-5NF6OT9L;17/01/2025;Fahmi Idris;user1622@example.com;Member;Smartphone Samsung S24;Elektronik;13000000;3;COD;39000000;0;39000000;Jakarta;DKI Jakarta
6a118f6afad9326442663f33;TRX-T0ADOV4P;10/04/2026;Eko Prasetyo;user1623@example.com;Member;Meja Kerja Minimalis;Furniture;1200000;2;Transfer Bank;2400000;0;2400000;Medan;Sumatera Utara
6a118f6afad9326442663f34;TRX-07E4C4V6;15/01/2026;Jono Adriansyah;user1624@example.com;Non-Member;Meja Kerja Minimalis;Furniture;1200000;4;COD;4800000;0;4800000;Bandung;Jawa Barat
6a118f6afad9326442663f35;TRX-EY3NZZ3Q;11/11/2025;Jono Adriansyah;user1625@example.com;Member;Sepatu Sneaker Lokal;Fashion;450000;3;Transfer Bank;1350000;0;1350000;Medan;Sumatera Utara
6a118f6afad9326442663f36;TRX-N0OS7B93;09/03/2026;Rian Hidayat;user1626@example.com;Member;Kemeja Flanel Oversize;Fashion;250000;4;E-Wallet (OVO/Dana);1000000;0;1000000;Surabaya;Jawa Timur
6a118f6afad9326442663f37;TRX-RJ7ZBYK6;20/05/2025;Dewi Lestari;user1627@example.com;Member;Paket Ayam Bakar Madu;Kuliner;35000;1;Kartu Kredit;35000;0;35000;Medan;Sumatera Utara
6a118f6afad9326442663f38;TRX-7B3PSLQR;11/04/2025;Fahmi Idris;user1628@example.com;Non-Member;Laptop ASUS ROG;Elektronik;20000000;2;Kartu Kredit;40000000;0;40000000;Makassar;Sulawesi Selatan
6a118f6afad9326442663f39;TRX-RA0TW0MR;09/08/2025;Novianti;user1629@example.com;Non-Member;Sepatu Sneaker Lokal;Fashion;450000;4;Transfer Bank;1800000;0;1800000;Jakarta;DKI Jakarta
6a118f6afad9326442663f3a;TRX-8TAWJWP3;18/01/2026;Fahmi Idris;user1630@example.com;Member;Laptop ASUS ROG;Elektronik;20000000;2;E-Wallet (OVO/Dana);40000000;0;40000000;Jakarta;DKI Jakarta
6a118f6afad9326442663f3b;TRX-XO70NQB1;02/03/2025;Siti Aminah;user1631@example.com;Member;Kemeja Flanel Oversize;Fashion;250000;2;E-Wallet (OVO/Dana);500000;0;500000;Bandung;Jawa Barat
6a118f6afad9326442663f3c;TRX-UDT70G1K;19/04/2026;Mega Pertiwi;user1632@example.com;Member;Kursi Gaming Premium;Furniture;2500000;1;E-Wallet (OVO/Dana);2500000;0;2500000;Bandung;Jawa Barat
6a118f6afad9326442663f3d;TRX-LZ8YY6RW;13/03/2025;Fahmi Idris;user1633@example.com;Non-Member;Kopi Susu Gula Aren 1L;Kuliner;65000;3;COD;195000;0;195000;Surabaya;Jawa Timur
6a118f6afad9326442663f3e;TRX-6GYYVZON;16/01/2026;Mega Pertiwi;user1634@example.com;Member;Sepatu Sneaker Lokal;Fashion;450000;2;Transfer Bank;900000;0;900000;Surabaya;Jawa Timur
6a118f6afad9326442663f3f;TRX-L5LOFR1U;26/03/2026;Rian Hidayat;user1635@example.com;Member;Meja Kerja Minimalis;Furniture;1200000;1;COD;1200000;0;1200000;Surabaya;Jawa Timur
6a118f6afad9326442663f40;TRX-QXM421B9;26/12/2025;Eko Prasetyo;user1636@example.com;Member;Paket Ayam Bakar Madu;Kuliner;35000;3;E-Wallet (OVO/Dana);105000;0;105000;Sukabumi;Jawa Barat
6a118f6afad9326442663f41;TRX-EZCOBWZO;18/03/2026;Andi Wijaya;user1637@example.com;Member;Kursi Gaming Premium;Furniture;2500000;1;COD;2500000;0;2500000;Semarang;Jawa Tengah
6a118f6afad9326442663f42;TRX-2A63YZOF;18/05/2026;Rian Hidayat;user1638@example.com;Member;Meja Kerja Minimalis;Furniture;1200000;1;Transfer Bank;1200000;0;1200000;Sukabumi;Jawa Barat
6a118f6afad9326442663f43;TRX-8CFX9S1Q;16/03/2025;Fahmi Idris;user1639@example.com;Non-Member;Kemeja Flanel Oversize;Fashion;250000;4;Transfer Bank;1000000;0;1000000;Makassar;Sulawesi Selatan
6a118f6afad9326442663f44;TRX-3QJK47Q6;04/03/2026;Dewi Lestari;user1640@example.com;Non-Member;Meja Kerja Minimalis;Furniture;1200000;3;Kartu Kredit;3600000;0;3600000;Bandung;Jawa Barat
6a118f6afad9326442663f45;TRX-NREOM7MT;11/12/2025;Siti Aminah;user1641@example.com;Non-Member;Kemeja Flanel Oversize;Fashion;250000;4;COD;1000000;0;1000000;Makassar;Sulawesi Selatan
6a118f6afad9326442663f46;TRX-9WVVUPRU;01/08/2025;Rian Hidayat;user1642@example.com;Non-Member;Kursi Gaming Premium;Furniture;2500000;3;Kartu Kredit;7500000;0;7500000;Jakarta;DKI Jakarta
6a118f6afad9326442663f47;TRX-BPH5GPCC;17/01/2025;Budi Santoso;user1643@example.com;Non-Member;Kemeja Flanel Oversize;Fashion;250000;4;E-Wallet (OVO/Dana);1000000;0;1000000;Makassar;Sulawesi Selatan
6a118f6afad9326442663f48;TRX-EITZO3KC;31/03/2025;Andi Wijaya;user1644@example.com;Non-Member;Laptop ASUS ROG;Elektronik;20000000;1;E-Wallet (OVO/Dana);20000000;0;20000000;Medan;Sumatera Utara
6a118f6afad9326442663f49;TRX-O4BL977C;26/05/2025;Eko Prasetyo;user1645@example.com;Non-Member;Kemeja Flanel Oversize;Fashion;250000;1;E-Wallet (OVO/Dana);250000;0;250000;Medan;Sumatera Utara
6a118f6afad9326442663f4a;TRX-7S9MAJEX;17/07/2025;Siti Aminah;user1646@example.com;Non-Member;Kursi Gaming Premium;Furniture;2500000;1;COD;2500000;0;2500000;Bandung;Jawa Barat
6a118f6afad9326442663f4b;TRX-2HPXAZH9;14/02/2026;Mega Pertiwi;user1647@example.com;Non-Member;Laptop ASUS ROG;Elektronik;20000000;3;E-Wallet (OVO/Dana);60000000;0;60000000;Sukabumi;Jawa Barat
6a118f6afad9326442663f4c;TRX-8QMNX931;06/02/2025;Siti Aminah;user1648@example.com;Non-Member;Kopi Susu Gula Aren 1L;Kuliner;65000;1;E-Wallet (OVO/Dana);65000;0;65000;Sukabumi;Jawa Barat
6a118f6afad9326442663f4d;TRX-244TIMCU;06/02/2025;Rian Hidayat;user1649@example.com;Non-Member;Sepatu Sneaker Lokal;Fashion;450000;1;Transfer Bank;450000;0;450000;Makassar;Sulawesi Selatan
6a118f6afad9326442663f4e;TRX-KGKVY5IB;01/10/2025;Jono Adriansyah;user1650@example.com;Member;Kopi Susu Gula Aren 1L;Kuliner;65000;1;Transfer Bank;65000;0;65000;Semarang;Jawa Tengah
6a118f6afad9326442663f4f;TRX-5IG17SMW;06/08/2025;Jono Adriansyah;user1651@example.com;Non-Member;Meja Kerja Minimalis;Furniture;1200000;3;Kartu Kredit;3600000;0;3600000;Medan;Sumatera Utara
6a118f6afad9326442663f50;TRX-KO7WQTS8;09/09/2025;Dewi Lestari;user1652@example.com;Non-Member;Kemeja Flanel Oversize;Fashion;250000;3;E-Wallet (OVO/Dana);750000;0;750000;Semarang;Jawa Tengah
6a118f6afad9326442663f51;TRX-C2XYHEOK;16/02/2026;Eko Prasetyo;user1653@example.com;Member;Sepatu Sneaker Lokal;Fashion;450000;1;COD;450000;0;450000;Makassar;Sulawesi Selatan
6a118f6afad9326442663f52;TRX-ODNVPW91;11/05/2026;Fahmi Idris;user1654@example.com;Member;Kopi Susu Gula Aren 1L;Kuliner;65000;1;Kartu Kredit;65000;0;65000;Jakarta;DKI Jakarta
6a118f6afad9326442663f53;TRX-PBMCPIA4;08/03/2025;Rian Hidayat;user1655@example.com;Non-Member;Kopi Susu Gula Aren 1L;Kuliner;65000;3;COD;195000;0;195000;Jakarta;DKI Jakarta
6a118f6afad9326442663f54;TRX-UAMS3KGR;03/09/2025;Jono Adriansyah;user1656@example.com;Non-Member;Kopi Susu Gula Aren 1L;Kuliner;65000;4;COD;260000;0;260000;Bandung;Jawa Barat
6a118f6afad9326442663f55;TRX-3RNQGUPO;24/05/2026;Novianti;user1657@example.com;Non-Member;Sepatu Sneaker Lokal;Fashion;450000;2;COD;900000;0;900000;Jakarta;DKI Jakarta
6a118f6afad9326442663f56;TRX-RAJ7G5MS;24/05/2025;Novianti;user1658@example.com;Member;Kursi Gaming Premium;Furniture;2500000;3;E-Wallet (OVO/Dana);7500000;0;7500000;Jakarta;DKI Jakarta
6a118f6afad9326442663f57;TRX-LABY07I0;03/08/2025;Andi Wijaya;user1659@example.com;Non-Member;Smartphone Samsung S24;Elektronik;13000000;1;E-Wallet (OVO/Dana);13000000;0;13000000;Surabaya;Jawa Timur
6a118f6afad9326442663f58;TRX-NL220RZK;31/12/2024;Andi Wijaya;user1660@example.com;Non-Member;Kopi Susu Gula Aren 1L;Kuliner;65000;3;E-Wallet (OVO/Dana);195000;0;195000;Semarang;Jawa Tengah
6a118f6afad9326442663f59;TRX-LVGXOZOL;08/11/2025;Rian Hidayat;user1661@example.com;Non-Member;Kursi Gaming Premium;Furniture;2500000;4;Kartu Kredit;10000000;0;10000000;Makassar;Sulawesi Selatan
6a118f6afad9326442663f5a;TRX-FMMZPEFA;01/01/2026;Mega Pertiwi;user1662@example.com;Non-Member;Sepatu Sneaker Lokal;Fashion;450000;4;Transfer Bank;1800000;0;1800000;Semarang;Jawa Tengah
6a118f6afad9326442663f5b;TRX-15FIAQLN;24/05/2025;Budi Santoso;user1663@example.com;Member;Meja Kerja Minimalis;Furniture;1200000;1;COD;1200000;0;1200000;Surabaya;Jawa Timur
6a118f6afad9326442663f5c;TRX-G1KESLV0;05/12/2025;Jono Adriansyah;user1664@example.com;Member;Kopi Susu Gula Aren 1L;Kuliner;65000;4;COD;260000;0;260000;Surabaya;Jawa Timur
6a118f6afad9326442663f5d;TRX-KITHSP5A;20/02/2025;Jono Adriansyah;user1665@example.com;Member;Paket Ayam Bakar Madu;Kuliner;35000;2;E-Wallet (OVO/Dana);70000;0;70000;Sukabumi;Jawa Barat
6a118f6afad9326442663f5e;TRX-87NO3VY8;14/01/2026;Fahmi Idris;user1666@example.com;Non-Member;Kemeja Flanel Oversize;Fashion;250000;4;E-Wallet (OVO/Dana);1000000;0;1000000;Semarang;Jawa Tengah
6a118f6afad9326442663f5f;TRX-P14NPQ2U;19/03/2026;Eko Prasetyo;user1667@example.com;Non-Member;Kemeja Flanel Oversize;Fashion;250000;3;COD;750000;0;750000;Semarang;Jawa Tengah
6a118f6afad9326442663f60;TRX-MHGVFJHJ;10/10/2025;Jono Adriansyah;user1668@example.com;Non-Member;Paket Ayam Bakar Madu;Kuliner;35000;2;E-Wallet (OVO/Dana);70000;0;70000;Jakarta;DKI Jakarta
6a118f6afad9326442663f61;TRX-J8D0EJ4J;07/01/2026;Novianti;user1669@example.com;Member;Sepatu Sneaker Lokal;Fashion;450000;1;E-Wallet (OVO/Dana);450000;0;450000;Sukabumi;Jawa Barat
6a118f6afad9326442663f62;TRX-N9Z4U4MR;08/05/2025;Budi Santoso;user1670@example.com;Member;Kursi Gaming Premium;Furniture;2500000;1;E-Wallet (OVO/Dana);2500000;0;2500000;Jakarta;DKI Jakarta
6a118f6afad9326442663f63;TRX-GZ2RZSDO;01/08/2025;Fahmi Idris;user1671@example.com;Member;Sepatu Sneaker Lokal;Fashion;450000;1;Kartu Kredit;450000;0;450000;Surabaya;Jawa Timur
6a118f6afad9326442663f64;TRX-PJOL06LA;07/03/2026;Andi Wijaya;user1672@example.com;Non-Member;Laptop ASUS ROG;Elektronik;20000000;3;Kartu Kredit;60000000;0;60000000;Medan;Sumatera Utara
6a118f6afad9326442663f65;TRX-OCS5TAKL;15/10/2025;Jono Adriansyah;user1673@example.com;Member;Smartphone Samsung S24;Elektronik;13000000;3;E-Wallet (OVO/Dana);39000000;0;39000000;Jakarta;DKI Jakarta
6a118f6afad9326442663f66;TRX-VY92ZT27;23/01/2025;Siti Aminah;user1674@example.com;Member;Laptop ASUS ROG;Elektronik;20000000;2;Transfer Bank;40000000;0;40000000;Semarang;Jawa Tengah
6a118f6afad9326442663f67;TRX-C0H506U3;20/11/2025;Budi Santoso;user1675@example.com;Non-Member;Kemeja Flanel Oversize;Fashion;250000;3;E-Wallet (OVO/Dana);750000;0;750000;Sukabumi;Jawa Barat
6a118f6afad9326442663f68;TRX-MVURY4M8;02/05/2026;Dewi Lestari;user1676@example.com;Member;Kursi Gaming Premium;Furniture;2500000;3;Kartu Kredit;7500000;0;7500000;Surabaya;Jawa Timur
6a118f6afad9326442663f69;TRX-SG4NA7I0;13/11/2025;Jono Adriansyah;user1677@example.com;Member;Laptop ASUS ROG;Elektronik;20000000;1;Kartu Kredit;20000000;0;20000000;Semarang;Jawa Tengah
6a118f6afad9326442663f6a;TRX-MW584Z5G;27/01/2025;Jono Adriansyah;user1678@example.com;Non-Member;Kursi Gaming Premium;Furniture;2500000;3;E-Wallet (OVO/Dana);7500000;0;7500000;Sukabumi;Jawa Barat
6a118f6afad9326442663f6b;TRX-6E8OM0PF;04/02/2026;Siti Aminah;user1679@example.com;Member;Kopi Susu Gula Aren 1L;Kuliner;65000;1;Transfer Bank;65000;0;65000;Medan;Sumatera Utara
6a118f6afad9326442663f6c;TRX-KU8H1SMO;14/02/2025;Eko Prasetyo;user1680@example.com;Member;Sepatu Sneaker Lokal;Fashion;450000;3;COD;1350000;0;1350000;Surabaya;Jawa Timur
6a118f6afad9326442663f6d;TRX-YYXPUZU9;15/02/2026;Rian Hidayat;user1681@example.com;Member;Kemeja Flanel Oversize;Fashion;250000;1;E-Wallet (OVO/Dana);250000;0;250000;Medan;Sumatera Utara
6a118f6afad9326442663f6e;TRX-55T7TVJQ;08/03/2026;Andi Wijaya;user1682@example.com;Non-Member;Meja Kerja Minimalis;Furniture;1200000;4;E-Wallet (OVO/Dana);4800000;0;4800000;Surabaya;Jawa Timur
6a118f6afad9326442663f6f;TRX-N3BFDO2U;08/12/2025;Andi Wijaya;user1683@example.com;Non-Member;Kemeja Flanel Oversize;Fashion;250000;4;COD;1000000;0;1000000;Jakarta;DKI Jakarta
6a118f6afad9326442663f70;TRX-3BXIMPZI;12/12/2025;Eko Prasetyo;user1684@example.com;Non-Member;Kemeja Flanel Oversize;Fashion;250000;4;Kartu Kredit;1000000;0;1000000;Semarang;Jawa Tengah
6a118f6afad9326442663f71;TRX-VV7H4DZC;13/07/2025;Mega Pertiwi;user1685@example.com;Non-Member;Meja Kerja Minimalis;Furniture;1200000;4;Kartu Kredit;4800000;0;4800000;Makassar;Sulawesi Selatan
6a118f6afad9326442663f72;TRX-A68KOHDG;15/06/2025;Budi Santoso;user1686@example.com;Non-Member;Kemeja Flanel Oversize;Fashion;250000;3;E-Wallet (OVO/Dana);750000;0;750000;Surabaya;Jawa Timur
6a118f6afad9326442663f73;TRX-VZMY54HJ;28/02/2025;Budi Santoso;user1687@example.com;Non-Member;Kopi Susu Gula Aren 1L;Kuliner;65000;4;E-Wallet (OVO/Dana);260000;0;260000;Surabaya;Jawa Timur
6a118f6afad9326442663f74;TRX-RP86BSNI;14/01/2025;Rian Hidayat;user1688@example.com;Non-Member;Sepatu Sneaker Lokal;Fashion;450000;3;E-Wallet (OVO/Dana);1350000;0;1350000;Jakarta;DKI Jakarta
6a118f6afad9326442663f75;TRX-MPN0ZM83;06/04/2026;Novianti;user1689@example.com;Member;Sepatu Sneaker Lokal;Fashion;450000;2;Kartu Kredit;900000;0;900000;Bandung;Jawa Barat
6a118f6afad9326442663f76;TRX-49T6QLN0;23/04/2025;Jono Adriansyah;user1690@example.com;Member;Paket Ayam Bakar Madu;Kuliner;35000;3;COD;105000;0;105000;Bandung;Jawa Barat
6a118f6afad9326442663f77;TRX-KZIOLF6R;11/11/2025;Mega Pertiwi;user1691@example.com;Non-Member;Kopi Susu Gula Aren 1L;Kuliner;65000;3;COD;195000;0;195000;Medan;Sumatera Utara
6a118f6afad9326442663f78;TRX-3G09YDBM;10/02/2026;Rian Hidayat;user1692@example.com;Member;Smartphone Samsung S24;Elektronik;13000000;1;Kartu Kredit;13000000;0;13000000;Sukabumi;Jawa Barat
6a118f6afad9326442663f79;TRX-ZMLHZE3L;19/07/2025;Siti Aminah;user1693@example.com;Non-Member;Kursi Gaming Premium;Furniture;2500000;4;Kartu Kredit;10000000;0;10000000;Surabaya;Jawa Timur
6a118f6afad9326442663f7a;TRX-MYZKN10W;20/02/2025;Siti Aminah;user1694@example.com;Member;Meja Kerja Minimalis;Furniture;1200000;4;Kartu Kredit;4800000;0;4800000;Makassar;Sulawesi Selatan
6a118f6afad9326442663f7b;TRX-R0XIQZHE;04/02/2025;Andi Wijaya;user1695@example.com;Non-Member;Sepatu Sneaker Lokal;Fashion;450000;4;Kartu Kredit;1800000;0;1800000;Makassar;Sulawesi Selatan
6a118f6afad9326442663f7c;TRX-B74G24RM;16/11/2025;Novianti;user1696@example.com;Member;Laptop ASUS ROG;Elektronik;20000000;4;E-Wallet (OVO/Dana);80000000;0;80000000;Sukabumi;Jawa Barat
6a118f6afad9326442663f7d;TRX-EORMQI72;13/01/2025;Eko Prasetyo;user1697@example.com;Non-Member;Meja Kerja Minimalis;Furniture;1200000;2;E-Wallet (OVO/Dana);2400000;0;2400000;Semarang;Jawa Tengah
6a118f6afad9326442663f7e;TRX-QM51HK5X;05/03/2025;Andi Wijaya;user1698@example.com;Member;Paket Ayam Bakar Madu;Kuliner;35000;3;Kartu Kredit;105000;0;105000;Bandung;Jawa Barat
6a118f6afad9326442663f7f;TRX-E04C0L8R;08/07/2025;Budi Santoso;user1699@example.com;Non-Member;Kopi Susu Gula Aren 1L;Kuliner;65000;2;COD;130000;0;130000;Semarang;Jawa Tengah
6a118f6afad9326442663f80;TRX-K0QWOPET;16/08/2025;Novianti;user1700@example.com;Member;Kopi Susu Gula Aren 1L;Kuliner;65000;1;Transfer Bank;65000;0;65000;Semarang;Jawa Tengah
6a118f6afad9326442663f81;TRX-SZGL807I;18/09/2025;Novianti;user1701@example.com;Non-Member;Meja Kerja Minimalis;Furniture;1200000;1;E-Wallet (OVO/Dana);1200000;0;1200000;Bandung;Jawa Barat
6a118f6afad9326442663f82;TRX-RO0KKN83;03/07/2025;Rian Hidayat;user1702@example.com;Non-Member;Kopi Susu Gula Aren 1L;Kuliner;65000;3;Transfer Bank;195000;0;195000;Semarang;Jawa Tengah
6a118f6afad9326442663f83;TRX-G2KNEHP6;08/04/2025;Novianti;user1703@example.com;Non-Member;Kursi Gaming Premium;Furniture;2500000;3;Kartu Kredit;7500000;0;7500000;Medan;Sumatera Utara
6a118f6afad9326442663f84;TRX-EBP1T31Q;21/09/2025;Jono Adriansyah;user1704@example.com;Non-Member;Meja Kerja Minimalis;Furniture;1200000;3;COD;3600000;0;3600000;Bandung;Jawa Barat
6a118f6afad9326442663f85;TRX-S8P15XQM;01/05/2026;Mega Pertiwi;user1705@example.com;Member;Paket Ayam Bakar Madu;Kuliner;35000;3;Kartu Kredit;105000;0;105000;Jakarta;DKI Jakarta
6a118f6afad9326442663f86;TRX-AAACNVZK;22/07/2025;Eko Prasetyo;user1706@example.com;Member;Kursi Gaming Premium;Furniture;2500000;2;Transfer Bank;5000000;0;5000000;Bandung;Jawa Barat
6a118f6afad9326442663f87;TRX-G5HAJDLB;17/01/2025;Andi Wijaya;user1707@example.com;Non-Member;Kemeja Flanel Oversize;Fashion;250000;2;E-Wallet (OVO/Dana);500000;0;500000;Bandung;Jawa Barat
6a118f6afad9326442663f88;TRX-4RLTEPSY;27/01/2025;Siti Aminah;user1708@example.com;Non-Member;Kopi Susu Gula Aren 1L;Kuliner;65000;4;Transfer Bank;260000;0;260000;Sukabumi;Jawa Barat
6a118f6afad9326442663f89;TRX-L17K0LJU;24/04/2026;Fahmi Idris;user1709@example.com;Member;Smartphone Samsung S24;Elektronik;13000000;3;E-Wallet (OVO/Dana);39000000;0;39000000;Bandung;Jawa Barat
6a118f6afad9326442663f8a;TRX-4BRBFDTG;03/12/2025;Rian Hidayat;user1710@example.com;Non-Member;Sepatu Sneaker Lokal;Fashion;450000;3;E-Wallet (OVO/Dana);1350000;0;1350000;Medan;Sumatera Utara
6a118f6afad9326442663f8b;TRX-WPED4J4J;12/05/2026;Mega Pertiwi;user1711@example.com;Member;Meja Kerja Minimalis;Furniture;1200000;4;Transfer Bank;4800000;0;4800000;Makassar;Sulawesi Selatan
6a118f6afad9326442663f8c;TRX-64RIE83Y;10/03/2025;Andi Wijaya;user1712@example.com;Member;Smartphone Samsung S24;Elektronik;13000000;3;Transfer Bank;39000000;0;39000000;Semarang;Jawa Tengah
6a118f6afad9326442663f8d;TRX-OWAM456Q;22/08/2025;Budi Santoso;user1713@example.com;Member;Smartphone Samsung S24;Elektronik;13000000;3;Kartu Kredit;39000000;0;39000000;Makassar;Sulawesi Selatan
6a118f6afad9326442663f8e;TRX-IRGMY725;18/01/2026;Novianti;user1714@example.com;Member;Kursi Gaming Premium;Furniture;2500000;3;Kartu Kredit;7500000;0;7500000;Bandung;Jawa Barat
6a118f6afad9326442663f8f;TRX-3C1AOGMD;08/04/2025;Eko Prasetyo;user1715@example.com;Member;Paket Ayam Bakar Madu;Kuliner;35000;1;E-Wallet (OVO/Dana);35000;0;35000;Bandung;Jawa Barat
6a118f6afad9326442663f90;TRX-0XDXWNYF;18/01/2026;Eko Prasetyo;user1716@example.com;Member;Paket Ayam Bakar Madu;Kuliner;35000;3;Kartu Kredit;105000;0;105000;Jakarta;DKI Jakarta
6a118f6afad9326442663f91;TRX-O6RR2WIU;08/04/2026;Fahmi Idris;user1717@example.com;Member;Meja Kerja Minimalis;Furniture;1200000;4;Transfer Bank;4800000;0;4800000;Bandung;Jawa Barat
6a118f6afad9326442663f92;TRX-V0HQPXRF;26/04/2026;Fahmi Idris;user1718@example.com;Member;Laptop ASUS ROG;Elektronik;20000000;3;COD;60000000;0;60000000;Makassar;Sulawesi Selatan
6a118f6afad9326442663f93;TRX-IAC2S96L;16/06/2025;Fahmi Idris;user1719@example.com;Member;Meja Kerja Minimalis;Furniture;1200000;1;COD;1200000;0;1200000;Surabaya;Jawa Timur
6a118f6afad9326442663f94;TRX-5E707BXJ;13/11/2025;Novianti;user1720@example.com;Non-Member;Kemeja Flanel Oversize;Fashion;250000;2;COD;500000;0;500000;Surabaya;Jawa Timur
6a118f6afad9326442663f95;TRX-Z5J4R9AS;20/01/2025;Fahmi Idris;user1721@example.com;Member;Paket Ayam Bakar Madu;Kuliner;35000;1;COD;35000;0;35000;Makassar;Sulawesi Selatan
6a118f6afad9326442663f96;TRX-61JSX4SY;31/03/2026;Andi Wijaya;user1722@example.com;Member;Kemeja Flanel Oversize;Fashion;250000;2;E-Wallet (OVO/Dana);500000;0;500000;Jakarta;DKI Jakarta
6a118f6afad9326442663f97;TRX-9I31D6Z1;10/09/2025;Rian Hidayat;user1723@example.com;Non-Member;Laptop ASUS ROG;Elektronik;20000000;1;E-Wallet (OVO/Dana);20000000;0;20000000;Semarang;Jawa Tengah
6a118f6afad9326442663f98;TRX-9X1XO1NA;21/02/2026;Eko Prasetyo;user1724@example.com;Non-Member;Smartphone Samsung S24;Elektronik;13000000;4;Kartu Kredit;52000000;0;52000000;Sukabumi;Jawa Barat
6a118f6afad9326442663f99;TRX-BPT9RT6K;26/04/2025;Andi Wijaya;user1725@example.com;Non-Member;Kursi Gaming Premium;Furniture;2500000;2;Kartu Kredit;5000000;0;5000000;Jakarta;DKI Jakarta
6a118f6afad9326442663f9a;TRX-KC3NIFC0;31/05/2025;Mega Pertiwi;user1726@example.com;Member;Kemeja Flanel Oversize;Fashion;250000;4;Transfer Bank;1000000;0;1000000;Jakarta;DKI Jakarta
6a118f6afad9326442663f9b;TRX-KDAHOYBY;25/05/2025;Eko Prasetyo;user1727@example.com;Non-Member;Kopi Susu Gula Aren 1L;Kuliner;65000;4;E-Wallet (OVO/Dana);260000;0;260000;Jakarta;DKI Jakarta
6a118f6afad9326442663f9c;TRX-6QU7104U;10/02/2025;Eko Prasetyo;user1728@example.com;Member;Sepatu Sneaker Lokal;Fashion;450000;3;Kartu Kredit;1350000;0;1350000;Jakarta;DKI Jakarta
6a118f6afad9326442663f9d;TRX-B9M8L76O;20/07/2025;Andi Wijaya;user1729@example.com;Non-Member;Kursi Gaming Premium;Furniture;2500000;4;E-Wallet (OVO/Dana);10000000;0;10000000;Makassar;Sulawesi Selatan
6a118f6afad9326442663f9e;TRX-IPQ55U1G;12/03/2025;Andi Wijaya;user1730@example.com;Non-Member;Meja Kerja Minimalis;Furniture;1200000;4;Transfer Bank;4800000;0;4800000;Medan;Sumatera Utara
6a118f6afad9326442663f9f;TRX-2QRRGG4T;05/02/2026;Andi Wijaya;user1731@example.com;Non-Member;Kopi Susu Gula Aren 1L;Kuliner;65000;3;Kartu Kredit;195000;0;195000;Semarang;Jawa Tengah
6a118f6afad9326442663fa0;TRX-RR0T2H55;26/05/2026;Siti Aminah;user1732@example.com;Non-Member;Kursi Gaming Premium;Furniture;2500000;3;Transfer Bank;7500000;0;7500000;Makassar;Sulawesi Selatan
6a118f6afad9326442663fa1;TRX-LOPLG7KA;20/06/2025;Rian Hidayat;user1733@example.com;Member;Smartphone Samsung S24;Elektronik;13000000;2;E-Wallet (OVO/Dana);26000000;0;26000000;Medan;Sumatera Utara
6a118f6afad9326442663fa2;TRX-E1NDTNPE;17/04/2025;Rian Hidayat;user1734@example.com;Non-Member;Paket Ayam Bakar Madu;Kuliner;35000;1;COD;35000;0;35000;Jakarta;DKI Jakarta
6a118f6afad9326442663fa3;TRX-DIG3DUWZ;27/03/2025;Dewi Lestari;user1735@example.com;Member;Kopi Susu Gula Aren 1L;Kuliner;65000;2;E-Wallet (OVO/Dana);130000;0;130000;Jakarta;DKI Jakarta
6a118f6afad9326442663fa4;TRX-ILVN9QVX;09/08/2025;Fahmi Idris;user1736@example.com;Member;Kursi Gaming Premium;Furniture;2500000;3;E-Wallet (OVO/Dana);7500000;0;7500000;Sukabumi;Jawa Barat
6a118f6afad9326442663fa5;TRX-MBD9I6BA;11/01/2025;Fahmi Idris;user1737@example.com;Member;Kursi Gaming Premium;Furniture;2500000;2;Kartu Kredit;5000000;0;5000000;Medan;Sumatera Utara
6a118f6afad9326442663fa6;TRX-U6U8LO85;31/05/2025;Jono Adriansyah;user1738@example.com;Non-Member;Kopi Susu Gula Aren 1L;Kuliner;65000;3;COD;195000;0;195000;Semarang;Jawa Tengah
6a118f6afad9326442663fa7;TRX-FOB3I4Z2;12/03/2025;Budi Santoso;user1739@example.com;Member;Smartphone Samsung S24;Elektronik;13000000;4;COD;52000000;0;52000000;Bandung;Jawa Barat
6a118f6afad9326442663fa8;TRX-CHZ418DM;04/01/2025;Fahmi Idris;user1740@example.com;Non-Member;Kopi Susu Gula Aren 1L;Kuliner;65000;3;E-Wallet (OVO/Dana);195000;0;195000;Makassar;Sulawesi Selatan
6a118f6afad9326442663fa9;TRX-GES6VLK3;23/03/2025;Budi Santoso;user1741@example.com;Non-Member;Laptop ASUS ROG;Elektronik;20000000;2;Kartu Kredit;40000000;0;40000000;Jakarta;DKI Jakarta
6a118f6afad9326442663faa;TRX-VGP4XTX8;11/07/2025;Andi Wijaya;user1742@example.com;Member;Kursi Gaming Premium;Furniture;2500000;3;Kartu Kredit;7500000;0;7500000;Surabaya;Jawa Timur
6a118f6afad9326442663fab;TRX-IDUOILHL;04/05/2026;Rian Hidayat;user1743@example.com;Member;Meja Kerja Minimalis;Furniture;1200000;3;Kartu Kredit;3600000;0;3600000;Bandung;Jawa Barat
6a118f6afad9326442663fac;TRX-1YP1ELZR;24/09/2025;Budi Santoso;user1744@example.com;Member;Paket Ayam Bakar Madu;Kuliner;35000;2;Kartu Kredit;70000;0;70000;Jakarta;DKI Jakarta
6a118f6afad9326442663fad;TRX-5Z2B8HFF;17/12/2025;Andi Wijaya;user1745@example.com;Non-Member;Meja Kerja Minimalis;Furniture;1200000;1;Kartu Kredit;1200000;0;1200000;Medan;Sumatera Utara
6a118f6afad9326442663fae;TRX-UYHNS4ZT;04/07/2025;Eko Prasetyo;user1746@example.com;Member;Kemeja Flanel Oversize;Fashion;250000;1;E-Wallet (OVO/Dana);250000;0;250000;Medan;Sumatera Utara
6a118f6afad9326442663faf;TRX-A7D8FKP2;07/03/2025;Novianti;user1747@example.com;Member;Sepatu Sneaker Lokal;Fashion;450000;2;E-Wallet (OVO/Dana);900000;0;900000;Semarang;Jawa Tengah
6a118f6afad9326442663fb0;TRX-646OULD0;19/03/2026;Fahmi Idris;user1748@example.com;Member;Sepatu Sneaker Lokal;Fashion;450000;2;COD;900000;0;900000;Surabaya;Jawa Timur
6a118f6afad9326442663fb1;TRX-SWW6UQGG;06/04/2025;Budi Santoso;user1749@example.com;Non-Member;Meja Kerja Minimalis;Furniture;1200000;3;Transfer Bank;3600000;0;3600000;Medan;Sumatera Utara
6a118f6afad9326442663fb2;TRX-KDEUW0J2;05/07/2025;Andi Wijaya;user1750@example.com;Member;Paket Ayam Bakar Madu;Kuliner;35000;1;COD;35000;0;35000;Medan;Sumatera Utara
6a118f6afad9326442663fb3;TRX-G857PN5G;12/02/2026;Fahmi Idris;user1751@example.com;Non-Member;Laptop ASUS ROG;Elektronik;20000000;4;Transfer Bank;80000000;0;80000000;Makassar;Sulawesi Selatan
6a118f6afad9326442663fb4;TRX-SOE9URSD;07/04/2025;Budi Santoso;user1752@example.com;Member;Smartphone Samsung S24;Elektronik;13000000;1;COD;13000000;0;13000000;Jakarta;DKI Jakarta
6a118f6afad9326442663fb5;TRX-T0HCDZPJ;24/08/2025;Jono Adriansyah;user1753@example.com;Member;Sepatu Sneaker Lokal;Fashion;450000;1;COD;450000;0;450000;Jakarta;DKI Jakarta
6a118f6afad9326442663fb6;TRX-TW08DXRH;08/05/2025;Fahmi Idris;user1754@example.com;Member;Paket Ayam Bakar Madu;Kuliner;35000;3;E-Wallet (OVO/Dana);105000;0;105000;Semarang;Jawa Tengah
6a118f6afad9326442663fb7;TRX-6LKURV80;31/03/2025;Andi Wijaya;user1755@example.com;Non-Member;Laptop ASUS ROG;Elektronik;20000000;2;Kartu Kredit;40000000;0;40000000;Surabaya;Jawa Timur
6a118f6afad9326442663fb8;TRX-26X5B9RG;15/04/2025;Novianti;user1756@example.com;Member;Sepatu Sneaker Lokal;Fashion;450000;1;COD;450000;0;450000;Bandung;Jawa Barat
6a118f6afad9326442663fb9;TRX-L8JOCUOB;17/05/2026;Novianti;user1757@example.com;Non-Member;Laptop ASUS ROG;Elektronik;20000000;3;Kartu Kredit;60000000;0;60000000;Sukabumi;Jawa Barat
6a118f6afad9326442663fba;TRX-C92IR2RO;13/01/2025;Dewi Lestari;user1758@example.com;Member;Sepatu Sneaker Lokal;Fashion;450000;2;E-Wallet (OVO/Dana);900000;0;900000;Medan;Sumatera Utara
6a118f6afad9326442663fbb;TRX-LGIVMQQL;23/02/2026;Rian Hidayat;user1759@example.com;Member;Paket Ayam Bakar Madu;Kuliner;35000;3;Kartu Kredit;105000;0;105000;Surabaya;Jawa Timur
6a118f6afad9326442663fbc;TRX-NQDMFON6;01/06/2025;Dewi Lestari;user1760@example.com;Member;Smartphone Samsung S24;Elektronik;13000000;2;Kartu Kredit;26000000;0;26000000;Semarang;Jawa Tengah
6a118f6afad9326442663fbd;TRX-H4WT3DVZ;12/04/2026;Budi Santoso;user1761@example.com;Non-Member;Kopi Susu Gula Aren 1L;Kuliner;65000;1;Kartu Kredit;65000;0;65000;Medan;Sumatera Utara
6a118f6afad9326442663fbe;TRX-9D0W5T9H;18/06/2025;Andi Wijaya;user1762@example.com;Non-Member;Laptop ASUS ROG;Elektronik;20000000;1;Transfer Bank;20000000;0;20000000;Surabaya;Jawa Timur
6a118f6afad9326442663fbf;TRX-L9G5LG3N;23/11/2025;Fahmi Idris;user1763@example.com;Member;Sepatu Sneaker Lokal;Fashion;450000;4;Transfer Bank;1800000;0;1800000;Jakarta;DKI Jakarta
6a118f6afad9326442663fc0;TRX-B32VSUMY;23/05/2026;Siti Aminah;user1764@example.com;Non-Member;Kemeja Flanel Oversize;Fashion;250000;3;Transfer Bank;750000;0;750000;Sukabumi;Jawa Barat
6a118f6afad9326442663fc1;TRX-I2C8UKJC;19/01/2026;Dewi Lestari;user1765@example.com;Member;Paket Ayam Bakar Madu;Kuliner;35000;1;Kartu Kredit;35000;0;35000;Bandung;Jawa Barat
6a118f6afad9326442663fc2;TRX-9TM5WVVK;10/03/2025;Mega Pertiwi;user1766@example.com;Member;Sepatu Sneaker Lokal;Fashion;450000;1;Transfer Bank;450000;0;450000;Semarang;Jawa Tengah
6a118f6afad9326442663fc3;TRX-DEQCSEHR;27/03/2026;Andi Wijaya;user1767@example.com;Member;Smartphone Samsung S24;Elektronik;13000000;2;COD;26000000;0;26000000;Semarang;Jawa Tengah
6a118f6afad9326442663fc4;TRX-4UDQ4CRK;18/08/2025;Jono Adriansyah;user1768@example.com;Member;Smartphone Samsung S24;Elektronik;13000000;1;COD;13000000;0;13000000;Surabaya;Jawa Timur
6a118f6afad9326442663fc5;TRX-BTM05OF2;27/07/2025;Jono Adriansyah;user1769@example.com;Member;Smartphone Samsung S24;Elektronik;13000000;1;COD;13000000;0;13000000;Medan;Sumatera Utara
6a118f6afad9326442663fc6;TRX-IX71NUOC;16/09/2025;Eko Prasetyo;user1770@example.com;Non-Member;Smartphone Samsung S24;Elektronik;13000000;1;Kartu Kredit;13000000;0;13000000;Semarang;Jawa Tengah
6a118f6afad9326442663fc7;TRX-K1M7BHPK;17/08/2025;Dewi Lestari;user1771@example.com;Member;Smartphone Samsung S24;Elektronik;13000000;3;E-Wallet (OVO/Dana);39000000;0;39000000;Sukabumi;Jawa Barat
6a118f6afad9326442663fc8;TRX-XEVJAQ4D;14/06/2025;Mega Pertiwi;user1772@example.com;Member;Kopi Susu Gula Aren 1L;Kuliner;65000;3;E-Wallet (OVO/Dana);195000;0;195000;Medan;Sumatera Utara
6a118f6afad9326442663fc9;TRX-MOO74VTB;27/09/2025;Rian Hidayat;user1773@example.com;Member;Kemeja Flanel Oversize;Fashion;250000;4;Kartu Kredit;1000000;0;1000000;Semarang;Jawa Tengah
6a118f6afad9326442663fca;TRX-D95JV8QN;07/11/2025;Mega Pertiwi;user1774@example.com;Non-Member;Sepatu Sneaker Lokal;Fashion;450000;4;E-Wallet (OVO/Dana);1800000;0;1800000;Jakarta;DKI Jakarta
6a118f6afad9326442663fcb;TRX-VRI3KQRF;17/03/2025;Andi Wijaya;user1775@example.com;Non-Member;Laptop ASUS ROG;Elektronik;20000000;1;Transfer Bank;20000000;0;20000000;Sukabumi;Jawa Barat
6a118f6afad9326442663fcc;TRX-W21CVIJJ;05/02/2025;Rian Hidayat;user1776@example.com;Member;Paket Ayam Bakar Madu;Kuliner;35000;1;Transfer Bank;35000;0;35000;Medan;Sumatera Utara
6a118f6afad9326442663fcd;TRX-QYIJHJ3Z;14/03/2026;Eko Prasetyo;user1777@example.com;Member;Kemeja Flanel Oversize;Fashion;250000;3;Transfer Bank;750000;0;750000;Medan;Sumatera Utara
6a118f6afad9326442663fce;TRX-NE8J7VEV;01/10/2025;Fahmi Idris;user1778@example.com;Member;Smartphone Samsung S24;Elektronik;13000000;3;Transfer Bank;39000000;0;39000000;Sukabumi;Jawa Barat
6a118f6afad9326442663fcf;TRX-DSQLEZFK;02/12/2025;Eko Prasetyo;user1779@example.com;Member;Laptop ASUS ROG;Elektronik;20000000;1;COD;20000000;0;20000000;Bandung;Jawa Barat
6a118f6afad9326442663fd0;TRX-BO0U0AZW;23/09/2025;Budi Santoso;user1780@example.com;Non-Member;Smartphone Samsung S24;Elektronik;13000000;4;COD;52000000;0;52000000;Surabaya;Jawa Timur
6a118f6afad9326442663fd1;TRX-TJKIY9H7;02/04/2025;Rian Hidayat;user1781@example.com;Non-Member;Paket Ayam Bakar Madu;Kuliner;35000;1;COD;35000;0;35000;Semarang;Jawa Tengah
6a118f6afad9326442663fd2;TRX-B0IYY9X1;26/01/2026;Jono Adriansyah;user1782@example.com;Member;Laptop ASUS ROG;Elektronik;20000000;1;Transfer Bank;20000000;0;20000000;Jakarta;DKI Jakarta
6a118f6afad9326442663fd3;TRX-65EZF8OM;22/03/2025;Siti Aminah;user1783@example.com;Member;Laptop ASUS ROG;Elektronik;20000000;3;Kartu Kredit;60000000;0;60000000;Jakarta;DKI Jakarta
6a118f6afad9326442663fd4;TRX-7PV8IJML;06/09/2025;Budi Santoso;user1784@example.com;Non-Member;Laptop ASUS ROG;Elektronik;20000000;3;Kartu Kredit;60000000;0;60000000;Sukabumi;Jawa Barat
6a118f6afad9326442663fd5;TRX-78RISWTC;12/11/2025;Jono Adriansyah;user1785@example.com;Non-Member;Kopi Susu Gula Aren 1L;Kuliner;65000;4;Transfer Bank;260000;0;260000;Semarang;Jawa Tengah
6a118f6afad9326442663fd6;TRX-AJTQ9C1O;11/05/2025;Fahmi Idris;user1786@example.com;Non-Member;Sepatu Sneaker Lokal;Fashion;450000;4;E-Wallet (OVO/Dana);1800000;0;1800000;Jakarta;DKI Jakarta
6a118f6afad9326442663fd7;TRX-10YSTXKZ;25/01/2026;Eko Prasetyo;user1787@example.com;Non-Member;Paket Ayam Bakar Madu;Kuliner;35000;4;COD;140000;0;140000;Makassar;Sulawesi Selatan
6a118f6afad9326442663fd8;TRX-4H37SLMT;24/05/2025;Novianti;user1788@example.com;Member;Laptop ASUS ROG;Elektronik;20000000;3;COD;60000000;0;60000000;Makassar;Sulawesi Selatan
6a118f6afad9326442663fd9;TRX-8VTU7RRT;05/08/2025;Rian Hidayat;user1789@example.com;Non-Member;Meja Kerja Minimalis;Furniture;1200000;3;Transfer Bank;3600000;0;3600000;Jakarta;DKI Jakarta
6a118f6afad9326442663fda;TRX-3KJQH91T;24/01/2026;Budi Santoso;user1790@example.com;Member;Meja Kerja Minimalis;Furniture;1200000;3;Transfer Bank;3600000;0;3600000;Semarang;Jawa Tengah
6a118f6afad9326442663fdb;TRX-9FX91WDE;31/07/2025;Novianti;user1791@example.com;Member;Meja Kerja Minimalis;Furniture;1200000;4;COD;4800000;0;4800000;Bandung;Jawa Barat
6a118f6afad9326442663fdc;TRX-67PW76KJ;18/05/2025;Siti Aminah;user1792@example.com;Member;Kopi Susu Gula Aren 1L;Kuliner;65000;4;COD;260000;0;260000;Surabaya;Jawa Timur
6a118f6afad9326442663fdd;TRX-F9VN06NM;26/04/2026;Dewi Lestari;user1793@example.com;Non-Member;Smartphone Samsung S24;Elektronik;13000000;2;Kartu Kredit;26000000;0;26000000;Sukabumi;Jawa Barat
6a118f6afad9326442663fde;TRX-HGSR7OC1;15/07/2025;Andi Wijaya;user1794@example.com;Non-Member;Paket Ayam Bakar Madu;Kuliner;35000;2;Transfer Bank;70000;0;70000;Jakarta;DKI Jakarta
6a118f6afad9326442663fdf;TRX-KAQDBYRU;15/11/2025;Budi Santoso;user1795@example.com;Non-Member;Paket Ayam Bakar Madu;Kuliner;35000;4;E-Wallet (OVO/Dana);140000;0;140000;Jakarta;DKI Jakarta
6a118f6afad9326442663fe0;TRX-4LOI7P25;02/02/2025;Eko Prasetyo;user1796@example.com;Non-Member;Smartphone Samsung S24;Elektronik;13000000;1;Transfer Bank;13000000;0;13000000;Jakarta;DKI Jakarta
6a118f6afad9326442663fe1;TRX-SJGT0OJA;03/05/2025;Jono Adriansyah;user1797@example.com;Member;Kopi Susu Gula Aren 1L;Kuliner;65000;2;E-Wallet (OVO/Dana);130000;0;130000;Makassar;Sulawesi Selatan
6a118f6afad9326442663fe2;TRX-OLXEGKJC;10/03/2026;Eko Prasetyo;user1798@example.com;Non-Member;Meja Kerja Minimalis;Furniture;1200000;2;Transfer Bank;2400000;0;2400000;Bandung;Jawa Barat
6a118f6afad9326442663fe3;TRX-5Z6QPDRX;16/06/2025;Jono Adriansyah;user1799@example.com;Non-Member;Laptop ASUS ROG;Elektronik;20000000;4;Kartu Kredit;80000000;0;80000000;Surabaya;Jawa Timur
6a118f6afad9326442663fe4;TRX-XB1QPYMD;22/01/2026;Eko Prasetyo;user1800@example.com;Non-Member;Meja Kerja Minimalis;Furniture;1200000;2;Transfer Bank;2400000;0;2400000;Medan;Sumatera Utara
6a118f6afad9326442663fe5;TRX-V2GDEX9N;17/05/2026;Eko Prasetyo;user1801@example.com;Member;Kemeja Flanel Oversize;Fashion;250000;4;Transfer Bank;1000000;0;1000000;Makassar;Sulawesi Selatan
6a118f6afad9326442663fe6;TRX-D26Z7FMR;22/01/2026;Rian Hidayat;user1802@example.com;Non-Member;Paket Ayam Bakar Madu;Kuliner;35000;1;Transfer Bank;35000;0;35000;Semarang;Jawa Tengah
6a118f6afad9326442663fe7;TRX-KCCS7QCN;10/06/2025;Jono Adriansyah;user1803@example.com;Member;Kemeja Flanel Oversize;Fashion;250000;4;COD;1000000;0;1000000;Makassar;Sulawesi Selatan
6a118f6afad9326442663fe8;TRX-ZZWIE6WO;26/08/2025;Siti Aminah;user1804@example.com;Member;Laptop ASUS ROG;Elektronik;20000000;4;Transfer Bank;80000000;0;80000000;Medan;Sumatera Utara
6a118f6afad9326442663fe9;TRX-Q2FY82F8;24/02/2026;Novianti;user1805@example.com;Member;Laptop ASUS ROG;Elektronik;20000000;3;E-Wallet (OVO/Dana);60000000;0;60000000;Bandung;Jawa Barat
6a118f6afad9326442663fea;TRX-PEVT1JWO;18/09/2025;Eko Prasetyo;user1806@example.com;Member;Meja Kerja Minimalis;Furniture;1200000;4;Transfer Bank;4800000;0;4800000;Sukabumi;Jawa Barat
6a118f6afad9326442663feb;TRX-0CFYBCEH;05/07/2025;Budi Santoso;user1807@example.com;Member;Kemeja Flanel Oversize;Fashion;250000;2;COD;500000;0;500000;Makassar;Sulawesi Selatan
6a118f6afad9326442663fec;TRX-R620T6H6;08/05/2025;Novianti;user1808@example.com;Non-Member;Laptop ASUS ROG;Elektronik;20000000;3;Transfer Bank;60000000;0;60000000;Bandung;Jawa Barat
6a118f6afad9326442663fed;TRX-2IMQGUL4;11/03/2026;Siti Aminah;user1809@example.com;Non-Member;Kopi Susu Gula Aren 1L;Kuliner;65000;3;E-Wallet (OVO/Dana);195000;0;195000;Bandung;Jawa Barat
6a118f6afad9326442663fee;TRX-RIPXMDFH;04/08/2025;Dewi Lestari;user1810@example.com;Non-Member;Kemeja Flanel Oversize;Fashion;250000;4;COD;1000000;0;1000000;Semarang;Jawa Tengah
6a118f6afad9326442663fef;TRX-7L9MOIWY;24/11/2025;Mega Pertiwi;user1811@example.com;Non-Member;Kemeja Flanel Oversize;Fashion;250000;4;Kartu Kredit;1000000;0;1000000;Semarang;Jawa Tengah
6a118f6afad9326442663ff0;TRX-Q30IJGA5;04/02/2026;Mega Pertiwi;user1812@example.com;Member;Kemeja Flanel Oversize;Fashion;250000;1;Kartu Kredit;250000;0;250000;Surabaya;Jawa Timur
6a118f6afad9326442663ff1;TRX-AKWNL0BX;22/07/2025;Eko Prasetyo;user1813@example.com;Member;Laptop ASUS ROG;Elektronik;20000000;2;Transfer Bank;40000000;0;40000000;Semarang;Jawa Tengah
6a118f6afad9326442663ff2;TRX-W0IIPOMX;20/01/2025;Jono Adriansyah;user1814@example.com;Member;Kursi Gaming Premium;Furniture;2500000;4;Kartu Kredit;10000000;0;10000000;Sukabumi;Jawa Barat
6a118f6afad9326442663ff3;TRX-D1JQ3RM4;27/05/2025;Siti Aminah;user1815@example.com;Member;Kemeja Flanel Oversize;Fashion;250000;2;Kartu Kredit;500000;0;500000;Semarang;Jawa Tengah
6a118f6afad9326442663ff4;TRX-XWAM3FLV;25/10/2025;Budi Santoso;user1816@example.com;Non-Member;Smartphone Samsung S24;Elektronik;13000000;4;Kartu Kredit;52000000;0;52000000;Surabaya;Jawa Timur
6a118f6afad9326442663ff5;TRX-XVF9WVJS;07/12/2025;Siti Aminah;user1817@example.com;Member;Kursi Gaming Premium;Furniture;2500000;4;Kartu Kredit;10000000;0;10000000;Surabaya;Jawa Timur
6a118f6afad9326442663ff6;TRX-MG2ZQJX6;02/03/2025;Novianti;user1818@example.com;Non-Member;Paket Ayam Bakar Madu;Kuliner;35000;2;Kartu Kredit;70000;0;70000;Jakarta;DKI Jakarta
6a118f6afad9326442663ff7;TRX-D65RMEIP;15/05/2025;Jono Adriansyah;user1819@example.com;Member;Smartphone Samsung S24;Elektronik;13000000;3;COD;39000000;0;39000000;Surabaya;Jawa Timur
6a118f6afad9326442663ff8;TRX-UQT61M4Z;02/02/2026;Budi Santoso;user1820@example.com;Non-Member;Kursi Gaming Premium;Furniture;2500000;2;E-Wallet (OVO/Dana);5000000;0;5000000;Medan;Sumatera Utara
6a118f6afad9326442663ff9;TRX-II4PA32H;09/03/2025;Fahmi Idris;user1821@example.com;Non-Member;Laptop ASUS ROG;Elektronik;20000000;4;Kartu Kredit;80000000;0;80000000;Surabaya;Jawa Timur
6a118f6afad9326442663ffa;TRX-4TIT60B5;18/01/2026;Budi Santoso;user1822@example.com;Non-Member;Meja Kerja Minimalis;Furniture;1200000;4;Transfer Bank;4800000;0;4800000;Semarang;Jawa Tengah
6a118f6afad9326442663ffb;TRX-OFDZ37MW;04/10/2025;Novianti;user1823@example.com;Member;Smartphone Samsung S24;Elektronik;13000000;1;Kartu Kredit;13000000;0;13000000;Surabaya;Jawa Timur
6a118f6afad9326442663ffc;TRX-6SKW37YC;15/05/2025;Mega Pertiwi;user1824@example.com;Member;Kursi Gaming Premium;Furniture;2500000;3;Kartu Kredit;7500000;0;7500000;Surabaya;Jawa Timur
6a118f6afad9326442663ffd;TRX-IXYF6SQH;23/08/2025;Mega Pertiwi;user1825@example.com;Member;Meja Kerja Minimalis;Furniture;1200000;3;Transfer Bank;3600000;0;3600000;Bandung;Jawa Barat
6a118f6afad9326442663ffe;TRX-WB5U8XHF;15/06/2025;Jono Adriansyah;user1826@example.com;Member;Kemeja Flanel Oversize;Fashion;250000;4;COD;1000000;0;1000000;Medan;Sumatera Utara
6a118f6afad9326442663fff;TRX-Q2G0NMTJ;09/05/2025;Jono Adriansyah;user1827@example.com;Member;Laptop ASUS ROG;Elektronik;20000000;2;E-Wallet (OVO/Dana);40000000;0;40000000;Medan;Sumatera Utara
6a118f6afad9326442664000;TRX-HVF13EXD;09/11/2025;Siti Aminah;user1828@example.com;Non-Member;Kursi Gaming Premium;Furniture;2500000;1;Transfer Bank;2500000;0;2500000;Semarang;Jawa Tengah
6a118f6afad9326442664001;TRX-VPLWQLOH;08/09/2025;Mega Pertiwi;user1829@example.com;Member;Paket Ayam Bakar Madu;Kuliner;35000;3;E-Wallet (OVO/Dana);105000;0;105000;Surabaya;Jawa Timur
6a118f6afad9326442664002;TRX-IXONKNDO;02/03/2025;Jono Adriansyah;user1830@example.com;Member;Kopi Susu Gula Aren 1L;Kuliner;65000;3;Transfer Bank;195000;0;195000;Bandung;Jawa Barat
6a118f6afad9326442664003;TRX-6HX2EQ9J;02/02/2026;Dewi Lestari;user1831@example.com;Member;Sepatu Sneaker Lokal;Fashion;450000;2;E-Wallet (OVO/Dana);900000;0;900000;Surabaya;Jawa Timur
6a118f6afad9326442664004;TRX-S53C6O2U;30/04/2025;Siti Aminah;user1832@example.com;Non-Member;Smartphone Samsung S24;Elektronik;13000000;2;Transfer Bank;26000000;0;26000000;Semarang;Jawa Tengah
6a118f6afad9326442664005;TRX-VU9TT2TS;14/02/2026;Mega Pertiwi;user1833@example.com;Non-Member;Kemeja Flanel Oversize;Fashion;250000;2;COD;500000;0;500000;Jakarta;DKI Jakarta
6a118f6afad9326442664006;TRX-OUMFSEL5;24/02/2025;Budi Santoso;user1834@example.com;Member;Sepatu Sneaker Lokal;Fashion;450000;4;Kartu Kredit;1800000;0;1800000;Sukabumi;Jawa Barat
6a118f6afad9326442664007;TRX-O4LUYUYK;07/06/2025;Dewi Lestari;user1835@example.com;Non-Member;Sepatu Sneaker Lokal;Fashion;450000;4;Kartu Kredit;1800000;0;1800000;Bandung;Jawa Barat
6a118f6afad9326442664008;TRX-2KBOS9Y4;20/07/2025;Rian Hidayat;user1836@example.com;Member;Kopi Susu Gula Aren 1L;Kuliner;65000;2;E-Wallet (OVO/Dana);130000;0;130000;Semarang;Jawa Tengah
6a118f6afad9326442664009;TRX-AG7QVQVX;02/07/2025;Jono Adriansyah;user1837@example.com;Member;Kemeja Flanel Oversize;Fashion;250000;3;Transfer Bank;750000;0;750000;Sukabumi;Jawa Barat
6a118f6afad932644266400a;TRX-AJUYFZTW;14/03/2025;Novianti;user1838@example.com;Non-Member;Laptop ASUS ROG;Elektronik;20000000;4;Transfer Bank;80000000;0;80000000;Surabaya;Jawa Timur
6a118f6afad932644266400b;TRX-2IP3TSMM;16/04/2026;Novianti;user1839@example.com;Member;Laptop ASUS ROG;Elektronik;20000000;1;COD;20000000;0;20000000;Jakarta;DKI Jakarta
6a118f6afad932644266400c;TRX-P4BEPDND;15/01/2025;Rian Hidayat;user1840@example.com;Member;Kemeja Flanel Oversize;Fashion;250000;3;E-Wallet (OVO/Dana);750000;0;750000;Surabaya;Jawa Timur
6a118f6afad932644266400d;TRX-BY1N4QFM;17/04/2025;Fahmi Idris;user1841@example.com;Non-Member;Laptop ASUS ROG;Elektronik;20000000;4;Kartu Kredit;80000000;0;80000000;Surabaya;Jawa Timur
6a118f6afad932644266400e;TRX-S20BDI0Q;20/06/2025;Budi Santoso;user1842@example.com;Non-Member;Kursi Gaming Premium;Furniture;2500000;3;Kartu Kredit;7500000;0;7500000;Medan;Sumatera Utara
6a118f6afad932644266400f;TRX-BEUX5LLU;18/01/2026;Budi Santoso;user1843@example.com;Non-Member;Smartphone Samsung S24;Elektronik;13000000;3;Kartu Kredit;39000000;0;39000000;Sukabumi;Jawa Barat
6a118f6afad9326442664010;TRX-H5U7C9F8;07/02/2025;Rian Hidayat;user1844@example.com;Non-Member;Kopi Susu Gula Aren 1L;Kuliner;65000;1;Kartu Kredit;65000;0;65000;Sukabumi;Jawa Barat
6a118f6afad9326442664011;TRX-57AKGYRD;05/03/2026;Budi Santoso;user1845@example.com;Non-Member;Smartphone Samsung S24;Elektronik;13000000;3;Transfer Bank;39000000;0;39000000;Makassar;Sulawesi Selatan
6a118f6afad9326442664012;TRX-RB8RFQJN;30/09/2025;Eko Prasetyo;user1846@example.com;Non-Member;Smartphone Samsung S24;Elektronik;13000000;1;Kartu Kredit;13000000;0;13000000;Bandung;Jawa Barat
6a118f6afad9326442664013;TRX-88AFANDO;13/04/2025;Budi Santoso;user1847@example.com;Non-Member;Laptop ASUS ROG;Elektronik;20000000;2;E-Wallet (OVO/Dana);40000000;0;40000000;Medan;Sumatera Utara
6a118f6afad9326442664014;TRX-90WX2MAO;05/10/2025;Budi Santoso;user1848@example.com;Member;Kemeja Flanel Oversize;Fashion;250000;4;COD;1000000;0;1000000;Bandung;Jawa Barat
6a118f6afad9326442664015;TRX-VFJ48IVT;06/04/2025;Dewi Lestari;user1849@example.com;Member;Paket Ayam Bakar Madu;Kuliner;35000;3;Kartu Kredit;105000;0;105000;Semarang;Jawa Tengah
6a118f6afad9326442664016;TRX-1JUITOZA;20/04/2025;Fahmi Idris;user1850@example.com;Non-Member;Kursi Gaming Premium;Furniture;2500000;1;COD;2500000;0;2500000;Bandung;Jawa Barat
6a118f6afad9326442664017;TRX-BBL1K168;11/11/2025;Rian Hidayat;user1851@example.com;Member;Kemeja Flanel Oversize;Fashion;250000;2;E-Wallet (OVO/Dana);500000;0;500000;Medan;Sumatera Utara
6a118f6afad9326442664018;TRX-Z7GBY00P;17/01/2025;Dewi Lestari;user1852@example.com;Member;Paket Ayam Bakar Madu;Kuliner;35000;1;Kartu Kredit;35000;0;35000;Bandung;Jawa Barat
6a118f6afad9326442664019;TRX-L6BRG7TU;13/02/2026;Mega Pertiwi;user1853@example.com;Non-Member;Laptop ASUS ROG;Elektronik;20000000;1;E-Wallet (OVO/Dana);20000000;0;20000000;Bandung;Jawa Barat
6a118f6afad932644266401a;TRX-1412R2Y7;02/01/2026;Budi Santoso;user1854@example.com;Member;Paket Ayam Bakar Madu;Kuliner;35000;2;E-Wallet (OVO/Dana);70000;0;70000;Sukabumi;Jawa Barat
6a118f6afad932644266401b;TRX-2HSD9W8Q;06/01/2026;Novianti;user1855@example.com;Member;Sepatu Sneaker Lokal;Fashion;450000;4;Transfer Bank;1800000;0;1800000;Semarang;Jawa Tengah
6a118f6afad932644266401c;TRX-0ANT5GEB;21/02/2025;Andi Wijaya;user1856@example.com;Member;Paket Ayam Bakar Madu;Kuliner;35000;1;COD;35000;0;35000;Medan;Sumatera Utara
6a118f6afad932644266401d;TRX-B3YRVSXG;22/09/2025;Eko Prasetyo;user1857@example.com;Member;Kemeja Flanel Oversize;Fashion;250000;1;E-Wallet (OVO/Dana);250000;0;250000;Semarang;Jawa Tengah
6a118f6afad932644266401e;TRX-5TBQNZOM;21/08/2025;Novianti;user1858@example.com;Member;Paket Ayam Bakar Madu;Kuliner;35000;3;E-Wallet (OVO/Dana);105000;0;105000;Bandung;Jawa Barat
6a118f6afad932644266401f;TRX-CUGQ8TWH;30/04/2025;Budi Santoso;user1859@example.com;Member;Sepatu Sneaker Lokal;Fashion;450000;1;Transfer Bank;450000;0;450000;Makassar;Sulawesi Selatan
6a118f6afad9326442664020;TRX-5DHOF5SD;23/01/2025;Andi Wijaya;user1860@example.com;Member;Meja Kerja Minimalis;Furniture;1200000;4;Transfer Bank;4800000;0;4800000;Makassar;Sulawesi Selatan
6a118f6afad9326442664021;TRX-9CQ477ND;06/07/2025;Fahmi Idris;user1861@example.com;Member;Laptop ASUS ROG;Elektronik;20000000;3;Kartu Kredit;60000000;0;60000000;Sukabumi;Jawa Barat
6a118f6afad9326442664022;TRX-H7OOJPL8;07/07/2025;Eko Prasetyo;user1862@example.com;Non-Member;Paket Ayam Bakar Madu;Kuliner;35000;4;E-Wallet (OVO/Dana);140000;0;140000;Surabaya;Jawa Timur
6a118f6afad9326442664023;TRX-Q6AQXUMW;24/08/2025;Dewi Lestari;user1863@example.com;Member;Kursi Gaming Premium;Furniture;2500000;4;Transfer Bank;10000000;0;10000000;Surabaya;Jawa Timur
6a118f6afad9326442664024;TRX-EVQ6JF6D;12/05/2025;Rian Hidayat;user1864@example.com;Member;Laptop ASUS ROG;Elektronik;20000000;3;COD;60000000;0;60000000;Bandung;Jawa Barat
6a118f6afad9326442664025;TRX-FWRPZL33;13/10/2025;Rian Hidayat;user1865@example.com;Non-Member;Meja Kerja Minimalis;Furniture;1200000;4;E-Wallet (OVO/Dana);4800000;0;4800000;Semarang;Jawa Tengah
6a118f6afad9326442664026;TRX-H2040R9G;24/01/2025;Mega Pertiwi;user1866@example.com;Member;Smartphone Samsung S24;Elektronik;13000000;3;COD;39000000;0;39000000;Surabaya;Jawa Timur
6a118f6afad9326442664027;TRX-6QOVPMA3;22/03/2025;Budi Santoso;user1867@example.com;Member;Kopi Susu Gula Aren 1L;Kuliner;65000;1;COD;65000;0;65000;Surabaya;Jawa Timur
6a118f6afad9326442664028;TRX-3IOWRZ1C;11/03/2026;Andi Wijaya;user1868@example.com;Non-Member;Laptop ASUS ROG;Elektronik;20000000;2;Kartu Kredit;40000000;0;40000000;Jakarta;DKI Jakarta
6a118f6afad9326442664029;TRX-0DTYVAZ9;16/10/2025;Fahmi Idris;user1869@example.com;Member;Paket Ayam Bakar Madu;Kuliner;35000;4;Kartu Kredit;140000;0;140000;Surabaya;Jawa Timur
6a118f6afad932644266402a;TRX-CPL5W559;14/10/2025;Mega Pertiwi;user1870@example.com;Non-Member;Kopi Susu Gula Aren 1L;Kuliner;65000;3;Kartu Kredit;195000;0;195000;Medan;Sumatera Utara
6a118f6afad932644266402b;TRX-W6LX7IUN;12/04/2026;Fahmi Idris;user1871@example.com;Non-Member;Meja Kerja Minimalis;Furniture;1200000;4;Kartu Kredit;4800000;0;4800000;Surabaya;Jawa Timur
6a118f6afad932644266402c;TRX-QSPAOL3B;18/04/2026;Jono Adriansyah;user1872@example.com;Non-Member;Smartphone Samsung S24;Elektronik;13000000;1;Kartu Kredit;13000000;0;13000000;Medan;Sumatera Utara
6a118f6afad932644266402d;TRX-70BZODO9;08/04/2025;Jono Adriansyah;user1873@example.com;Non-Member;Laptop ASUS ROG;Elektronik;20000000;3;E-Wallet (OVO/Dana);60000000;0;60000000;Makassar;Sulawesi Selatan
6a118f6afad932644266402e;TRX-YLCLWN6E;26/09/2025;Andi Wijaya;user1874@example.com;Non-Member;Laptop ASUS ROG;Elektronik;20000000;3;E-Wallet (OVO/Dana);60000000;0;60000000;Bandung;Jawa Barat
6a118f6afad932644266402f;TRX-4P7AOW27;15/03/2026;Siti Aminah;user1875@example.com;Non-Member;Kopi Susu Gula Aren 1L;Kuliner;65000;1;E-Wallet (OVO/Dana);65000;0;65000;Jakarta;DKI Jakarta
6a118f6afad9326442664030;TRX-09IUL7OB;27/08/2025;Mega Pertiwi;user1876@example.com;Member;Smartphone Samsung S24;Elektronik;13000000;1;Transfer Bank;13000000;0;13000000;Medan;Sumatera Utara
6a118f6afad9326442664031;TRX-94RLCRS2;14/02/2025;Andi Wijaya;user1877@example.com;Non-Member;Smartphone Samsung S24;Elektronik;13000000;1;E-Wallet (OVO/Dana);13000000;0;13000000;Jakarta;DKI Jakarta
6a118f6afad9326442664032;TRX-PHJTJSGT;08/02/2026;Budi Santoso;user1878@example.com;Non-Member;Paket Ayam Bakar Madu;Kuliner;35000;2;E-Wallet (OVO/Dana);70000;0;70000;Makassar;Sulawesi Selatan
6a118f6afad9326442664033;TRX-HQ1O5H1F;03/11/2025;Andi Wijaya;user1879@example.com;Non-Member;Laptop ASUS ROG;Elektronik;20000000;4;COD;80000000;0;80000000;Makassar;Sulawesi Selatan
6a118f6afad9326442664034;TRX-RQFP0296;03/02/2025;Siti Aminah;user1880@example.com;Non-Member;Paket Ayam Bakar Madu;Kuliner;35000;1;Transfer Bank;35000;0;35000;Bandung;Jawa Barat
6a118f6afad9326442664035;TRX-RUVFG9FM;02/08/2025;Mega Pertiwi;user1881@example.com;Member;Paket Ayam Bakar Madu;Kuliner;35000;3;COD;105000;0;105000;Jakarta;DKI Jakarta
6a118f6afad9326442664036;TRX-ZNZSABYA;23/01/2026;Dewi Lestari;user1882@example.com;Non-Member;Paket Ayam Bakar Madu;Kuliner;35000;4;COD;140000;0;140000;Makassar;Sulawesi Selatan
6a118f6afad9326442664037;TRX-T3H4Z7OZ;03/03/2026;Rian Hidayat;user1883@example.com;Member;Smartphone Samsung S24;Elektronik;13000000;4;Transfer Bank;52000000;0;52000000;Bandung;Jawa Barat
6a118f6afad9326442664038;TRX-V9FNJZYL;20/01/2026;Dewi Lestari;user1884@example.com;Member;Smartphone Samsung S24;Elektronik;13000000;4;Kartu Kredit;52000000;0;52000000;Jakarta;DKI Jakarta
6a118f6afad9326442664039;TRX-M5H4F40L;26/10/2025;Novianti;user1885@example.com;Member;Laptop ASUS ROG;Elektronik;20000000;4;COD;80000000;0;80000000;Semarang;Jawa Tengah
6a118f6afad932644266403a;TRX-6K0V598D;02/07/2025;Siti Aminah;user1886@example.com;Non-Member;Kemeja Flanel Oversize;Fashion;250000;1;Kartu Kredit;250000;0;250000;Semarang;Jawa Tengah
6a118f6afad932644266403b;TRX-G8B8CPMZ;24/04/2026;Andi Wijaya;user1887@example.com;Member;Paket Ayam Bakar Madu;Kuliner;35000;2;E-Wallet (OVO/Dana);70000;0;70000;Bandung;Jawa Barat
6a118f6afad932644266403c;TRX-CQPAD05K;04/02/2025;Budi Santoso;user1888@example.com;Member;Sepatu Sneaker Lokal;Fashion;450000;2;Kartu Kredit;900000;0;900000;Makassar;Sulawesi Selatan
6a118f6afad932644266403d;TRX-D4V0JWRE;10/12/2025;Dewi Lestari;user1889@example.com;Non-Member;Paket Ayam Bakar Madu;Kuliner;35000;4;E-Wallet (OVO/Dana);140000;0;140000;Makassar;Sulawesi Selatan
6a118f6afad932644266403e;TRX-Q0JOTA78;21/05/2025;Dewi Lestari;user1890@example.com;Member;Sepatu Sneaker Lokal;Fashion;450000;2;COD;900000;0;900000;Semarang;Jawa Tengah
6a118f6afad932644266403f;TRX-W5XB66ZO;26/12/2025;Budi Santoso;user1891@example.com;Member;Kursi Gaming Premium;Furniture;2500000;2;Transfer Bank;5000000;0;5000000;Jakarta;DKI Jakarta
6a118f6afad9326442664040;TRX-FKI1STK7;16/03/2026;Novianti;user1892@example.com;Member;Laptop ASUS ROG;Elektronik;20000000;2;E-Wallet (OVO/Dana);40000000;0;40000000;Semarang;Jawa Tengah
6a118f6afad9326442664041;TRX-UOXPVR30;19/04/2026;Dewi Lestari;user1893@example.com;Non-Member;Meja Kerja Minimalis;Furniture;1200000;1;E-Wallet (OVO/Dana);1200000;0;1200000;Semarang;Jawa Tengah
6a118f6afad9326442664042;TRX-WJW5UA2R;17/01/2026;Siti Aminah;user1894@example.com;Non-Member;Laptop ASUS ROG;Elektronik;20000000;2;Kartu Kredit;40000000;0;40000000;Semarang;Jawa Tengah
6a118f6afad9326442664043;TRX-3XN1QZ88;12/11/2025;Eko Prasetyo;user1895@example.com;Non-Member;Kopi Susu Gula Aren 1L;Kuliner;65000;2;COD;130000;0;130000;Medan;Sumatera Utara
6a118f6afad9326442664044;TRX-T0WF927L;24/05/2025;Siti Aminah;user1896@example.com;Member;Laptop ASUS ROG;Elektronik;20000000;1;COD;20000000;0;20000000;Bandung;Jawa Barat
6a118f6afad9326442664045;TRX-D2V59H0B;23/05/2025;Siti Aminah;user1897@example.com;Member;Kopi Susu Gula Aren 1L;Kuliner;65000;4;COD;260000;0;260000;Surabaya;Jawa Timur
6a118f6afad9326442664046;TRX-G291YTK4;21/01/2026;Dewi Lestari;user1898@example.com;Non-Member;Sepatu Sneaker Lokal;Fashion;450000;1;Transfer Bank;450000;0;450000;Sukabumi;Jawa Barat
6a118f6afad9326442664047;TRX-1O2QUECZ;09/06/2025;Dewi Lestari;user1899@example.com;Non-Member;Paket Ayam Bakar Madu;Kuliner;35000;2;Transfer Bank;70000;0;70000;Makassar;Sulawesi Selatan
6a118f6afad9326442664048;TRX-DO3JW2M1;15/01/2025;Rian Hidayat;user1900@example.com;Non-Member;Sepatu Sneaker Lokal;Fashion;450000;4;Transfer Bank;1800000;0;1800000;Sukabumi;Jawa Barat
6a118f6afad9326442664049;TRX-VU7BOIP7;08/08/2025;Eko Prasetyo;user1901@example.com;Member;Sepatu Sneaker Lokal;Fashion;450000;1;COD;450000;0;450000;Bandung;Jawa Barat
6a118f6afad932644266404a;TRX-9WBAG5PG;21/07/2025;Novianti;user1902@example.com;Non-Member;Paket Ayam Bakar Madu;Kuliner;35000;4;Kartu Kredit;140000;0;140000;Semarang;Jawa Tengah
6a118f6afad932644266404b;TRX-TWWYUB9B;01/04/2026;Andi Wijaya;user1903@example.com;Member;Kopi Susu Gula Aren 1L;Kuliner;65000;1;Transfer Bank;65000;0;65000;Semarang;Jawa Tengah
6a118f6afad932644266404c;TRX-HWA0E95G;09/01/2026;Novianti;user1904@example.com;Member;Smartphone Samsung S24;Elektronik;13000000;2;Kartu Kredit;26000000;0;26000000;Semarang;Jawa Tengah
6a118f6afad932644266404d;TRX-SIZU7RA4;30/11/2025;Rian Hidayat;user1905@example.com;Non-Member;Smartphone Samsung S24;Elektronik;13000000;2;Transfer Bank;26000000;0;26000000;Sukabumi;Jawa Barat
6a118f6afad932644266404e;TRX-4O2L9BGW;21/01/2025;Dewi Lestari;user1906@example.com;Member;Smartphone Samsung S24;Elektronik;13000000;4;E-Wallet (OVO/Dana);52000000;0;52000000;Jakarta;DKI Jakarta
6a118f6afad932644266404f;TRX-4RRLI34M;31/12/2024;Eko Prasetyo;user1907@example.com;Non-Member;Laptop ASUS ROG;Elektronik;20000000;3;COD;60000000;0;60000000;Surabaya;Jawa Timur
6a118f6afad9326442664050;TRX-A4GRSXVM;19/09/2025;Dewi Lestari;user1908@example.com;Member;Sepatu Sneaker Lokal;Fashion;450000;1;E-Wallet (OVO/Dana);450000;0;450000;Medan;Sumatera Utara
6a118f6afad9326442664051;TRX-LPOFF6RJ;07/10/2025;Jono Adriansyah;user1909@example.com;Non-Member;Meja Kerja Minimalis;Furniture;1200000;3;Kartu Kredit;3600000;0;3600000;Medan;Sumatera Utara
6a118f6afad9326442664052;TRX-Q0MVP2CX;20/12/2025;Novianti;user1910@example.com;Member;Paket Ayam Bakar Madu;Kuliner;35000;2;Kartu Kredit;70000;0;70000;Bandung;Jawa Barat
6a118f6afad9326442664053;TRX-5PN0C9U8;17/02/2026;Mega Pertiwi;user1911@example.com;Non-Member;Kemeja Flanel Oversize;Fashion;250000;1;Transfer Bank;250000;0;250000;Jakarta;DKI Jakarta
6a118f6afad9326442664054;TRX-U47TWRG4;02/08/2025;Rian Hidayat;user1912@example.com;Non-Member;Sepatu Sneaker Lokal;Fashion;450000;4;COD;1800000;0;1800000;Sukabumi;Jawa Barat
6a118f6afad9326442664055;TRX-B3F9O7FS;11/02/2026;Novianti;user1913@example.com;Member;Meja Kerja Minimalis;Furniture;1200000;3;Kartu Kredit;3600000;0;3600000;Medan;Sumatera Utara
6a118f6afad9326442664056;TRX-V5PI2VO4;12/07/2025;Siti Aminah;user1914@example.com;Non-Member;Meja Kerja Minimalis;Furniture;1200000;3;Transfer Bank;3600000;0;3600000;Medan;Sumatera Utara
6a118f6afad9326442664057;TRX-1ZTHSS2T;03/03/2025;Mega Pertiwi;user1915@example.com;Member;Meja Kerja Minimalis;Furniture;1200000;3;Kartu Kredit;3600000;0;3600000;Semarang;Jawa Tengah
6a118f6afad9326442664058;TRX-ES5VSN01;17/05/2025;Budi Santoso;user1916@example.com;Non-Member;Smartphone Samsung S24;Elektronik;13000000;3;E-Wallet (OVO/Dana);39000000;0;39000000;Medan;Sumatera Utara
6a118f6afad9326442664059;TRX-G4RZO32F;31/10/2025;Eko Prasetyo;user1917@example.com;Non-Member;Kursi Gaming Premium;Furniture;2500000;3;E-Wallet (OVO/Dana);7500000;0;7500000;Semarang;Jawa Tengah
6a118f6afad932644266405a;TRX-60KD3IL3;01/08/2025;Siti Aminah;user1918@example.com;Member;Kemeja Flanel Oversize;Fashion;250000;3;E-Wallet (OVO/Dana);750000;0;750000;Medan;Sumatera Utara
6a118f6afad932644266405b;TRX-Z6C916VJ;23/11/2025;Budi Santoso;user1919@example.com;Member;Smartphone Samsung S24;Elektronik;13000000;4;E-Wallet (OVO/Dana);52000000;0;52000000;Surabaya;Jawa Timur
6a118f6afad932644266405c;TRX-M3YGPKUB;01/08/2025;Siti Aminah;user1920@example.com;Non-Member;Kemeja Flanel Oversize;Fashion;250000;3;Kartu Kredit;750000;0;750000;Sukabumi;Jawa Barat
6a118f6afad932644266405d;TRX-WMSOEXOO;02/01/2025;Novianti;user1921@example.com;Member;Kopi Susu Gula Aren 1L;Kuliner;65000;3;E-Wallet (OVO/Dana);195000;0;195000;Jakarta;DKI Jakarta
6a118f6afad932644266405e;TRX-R6PC1ZUA;27/06/2025;Siti Aminah;user1922@example.com;Member;Laptop ASUS ROG;Elektronik;20000000;2;E-Wallet (OVO/Dana);40000000;0;40000000;Medan;Sumatera Utara
6a118f6afad932644266405f;TRX-205847BB;21/07/2025;Novianti;user1923@example.com;Member;Kemeja Flanel Oversize;Fashion;250000;3;E-Wallet (OVO/Dana);750000;0;750000;Bandung;Jawa Barat
6a118f6afad9326442664060;TRX-8WEMO9YO;08/11/2025;Fahmi Idris;user1924@example.com;Member;Kopi Susu Gula Aren 1L;Kuliner;65000;4;E-Wallet (OVO/Dana);260000;0;260000;Bandung;Jawa Barat
6a118f6afad9326442664061;TRX-2X3PSXU7;27/03/2025;Fahmi Idris;user1925@example.com;Non-Member;Meja Kerja Minimalis;Furniture;1200000;3;Transfer Bank;3600000;0;3600000;Makassar;Sulawesi Selatan
6a118f6afad9326442664062;TRX-Y0Z3L6WJ;18/02/2026;Fahmi Idris;user1926@example.com;Member;Smartphone Samsung S24;Elektronik;13000000;1;Kartu Kredit;13000000;0;13000000;Medan;Sumatera Utara
6a118f6afad9326442664063;TRX-DOJHSLZO;03/05/2025;Eko Prasetyo;user1927@example.com;Non-Member;Kursi Gaming Premium;Furniture;2500000;4;Transfer Bank;10000000;0;10000000;Semarang;Jawa Tengah
6a118f6afad9326442664064;TRX-V0XOPZ8E;02/08/2025;Fahmi Idris;user1928@example.com;Non-Member;Laptop ASUS ROG;Elektronik;20000000;2;Kartu Kredit;40000000;0;40000000;Bandung;Jawa Barat
6a118f6afad9326442664065;TRX-JIDB92I7;11/01/2026;Mega Pertiwi;user1929@example.com;Non-Member;Kopi Susu Gula Aren 1L;Kuliner;65000;2;E-Wallet (OVO/Dana);130000;0;130000;Medan;Sumatera Utara
6a118f6afad9326442664066;TRX-RBQW9W0L;05/03/2026;Novianti;user1930@example.com;Non-Member;Paket Ayam Bakar Madu;Kuliner;35000;3;Transfer Bank;105000;0;105000;Makassar;Sulawesi Selatan
6a118f6afad9326442664067;TRX-BLZO8V9R;18/09/2025;Mega Pertiwi;user1931@example.com;Member;Kemeja Flanel Oversize;Fashion;250000;2;Transfer Bank;500000;0;500000;Makassar;Sulawesi Selatan
6a118f6afad9326442664068;TRX-K0WVBMBE;12/02/2026;Andi Wijaya;user1932@example.com;Non-Member;Laptop ASUS ROG;Elektronik;20000000;4;E-Wallet (OVO/Dana);80000000;0;80000000;Surabaya;Jawa Timur
6a118f6afad9326442664069;TRX-CKP0RLFL;27/08/2025;Dewi Lestari;user1933@example.com;Non-Member;Paket Ayam Bakar Madu;Kuliner;35000;2;E-Wallet (OVO/Dana);70000;0;70000;Bandung;Jawa Barat
6a118f6afad932644266406a;TRX-DU5PIVIH;15/02/2025;Jono Adriansyah;user1934@example.com;Member;Smartphone Samsung S24;Elektronik;13000000;2;Kartu Kredit;26000000;0;26000000;Jakarta;DKI Jakarta
6a118f6afad932644266406b;TRX-6F7QEL41;07/02/2026;Jono Adriansyah;user1935@example.com;Member;Smartphone Samsung S24;Elektronik;13000000;1;E-Wallet (OVO/Dana);13000000;0;13000000;Medan;Sumatera Utara
6a118f6afad932644266406c;TRX-UTOWTA94;21/08/2025;Mega Pertiwi;user1936@example.com;Non-Member;Smartphone Samsung S24;Elektronik;13000000;2;COD;26000000;0;26000000;Sukabumi;Jawa Barat
6a118f6afad932644266406d;TRX-PGXHCR40;19/04/2025;Andi Wijaya;user1937@example.com;Non-Member;Laptop ASUS ROG;Elektronik;20000000;4;Kartu Kredit;80000000;0;80000000;Sukabumi;Jawa Barat
6a118f6afad932644266406e;TRX-F3PP5E4X;24/06/2025;Siti Aminah;user1938@example.com;Member;Sepatu Sneaker Lokal;Fashion;450000;2;Kartu Kredit;900000;0;900000;Makassar;Sulawesi Selatan
6a118f6afad932644266406f;TRX-O6FLTQY3;22/01/2025;Fahmi Idris;user1939@example.com;Non-Member;Kemeja Flanel Oversize;Fashion;250000;2;COD;500000;0;500000;Jakarta;DKI Jakarta
6a118f6afad9326442664070;TRX-Y4YTSX43;22/05/2026;Novianti;user1940@example.com;Member;Smartphone Samsung S24;Elektronik;13000000;1;COD;13000000;0;13000000;Sukabumi;Jawa Barat
6a118f6afad9326442664071;TRX-429F4Z5E;21/03/2026;Budi Santoso;user1941@example.com;Member;Meja Kerja Minimalis;Furniture;1200000;2;Transfer Bank;2400000;0;2400000;Makassar;Sulawesi Selatan
6a118f6afad9326442664072;TRX-Q54XHS0C;23/06/2025;Novianti;user1942@example.com;Member;Laptop ASUS ROG;Elektronik;20000000;1;COD;20000000;0;20000000;Semarang;Jawa Tengah
6a118f6afad9326442664073;TRX-09XNMET9;16/01/2025;Mega Pertiwi;user1943@example.com;Non-Member;Laptop ASUS ROG;Elektronik;20000000;1;COD;20000000;0;20000000;Bandung;Jawa Barat
6a118f6afad9326442664074;TRX-Q20BFCBF;24/05/2026;Fahmi Idris;user1944@example.com;Member;Laptop ASUS ROG;Elektronik;20000000;4;E-Wallet (OVO/Dana);80000000;0;80000000;Surabaya;Jawa Timur
6a118f6afad9326442664075;TRX-72EYCWKW;12/01/2025;Eko Prasetyo;user1945@example.com;Member;Kemeja Flanel Oversize;Fashion;250000;4;Transfer Bank;1000000;0;1000000;Medan;Sumatera Utara
6a118f6afad9326442664076;TRX-S1ZO3282;11/03/2026;Jono Adriansyah;user1946@example.com;Member;Kursi Gaming Premium;Furniture;2500000;3;Transfer Bank;7500000;0;7500000;Bandung;Jawa Barat
6a118f6afad9326442664077;TRX-EYL14AZI;20/03/2026;Novianti;user1947@example.com;Member;Kopi Susu Gula Aren 1L;Kuliner;65000;2;E-Wallet (OVO/Dana);130000;0;130000;Jakarta;DKI Jakarta
6a118f6afad9326442664078;TRX-T0WG9WYW;09/01/2026;Andi Wijaya;user1948@example.com;Non-Member;Smartphone Samsung S24;Elektronik;13000000;3;Kartu Kredit;39000000;0;39000000;Medan;Sumatera Utara
6a118f6afad9326442664079;TRX-YOT7JCS0;26/08/2025;Dewi Lestari;user1949@example.com;Non-Member;Sepatu Sneaker Lokal;Fashion;450000;4;E-Wallet (OVO/Dana);1800000;0;1800000;Surabaya;Jawa Timur
6a118f6afad932644266407a;TRX-I989K39Y;26/02/2026;Mega Pertiwi;user1950@example.com;Member;Kopi Susu Gula Aren 1L;Kuliner;65000;2;COD;130000;0;130000;Makassar;Sulawesi Selatan
6a118f6afad932644266407b;TRX-8DLM8DOX;12/03/2026;Jono Adriansyah;user1951@example.com;Member;Paket Ayam Bakar Madu;Kuliner;35000;2;E-Wallet (OVO/Dana);70000;0;70000;Bandung;Jawa Barat
6a118f6afad932644266407c;TRX-WW8M4GIT;27/06/2025;Novianti;user1952@example.com;Member;Kursi Gaming Premium;Furniture;2500000;1;E-Wallet (OVO/Dana);2500000;0;2500000;Sukabumi;Jawa Barat
6a118f6afad932644266407d;TRX-9WTDI6PM;04/04/2026;Andi Wijaya;user1953@example.com;Member;Paket Ayam Bakar Madu;Kuliner;35000;4;Kartu Kredit;140000;0;140000;Medan;Sumatera Utara
6a118f6afad932644266407e;TRX-KV9NOE9H;20/07/2025;Rian Hidayat;user1954@example.com;Member;Kopi Susu Gula Aren 1L;Kuliner;65000;1;E-Wallet (OVO/Dana);65000;0;65000;Surabaya;Jawa Timur
6a118f6afad932644266407f;TRX-EGX69PGE;08/03/2025;Mega Pertiwi;user1955@example.com;Member;Smartphone Samsung S24;Elektronik;13000000;2;Transfer Bank;26000000;0;26000000;Bandung;Jawa Barat
6a118f6afad9326442664080;TRX-9CCP83TV;15/02/2025;Siti Aminah;user1956@example.com;Non-Member;Smartphone Samsung S24;Elektronik;13000000;2;COD;26000000;0;26000000;Surabaya;Jawa Timur
6a118f6afad9326442664081;TRX-V6T47GIV;18/09/2025;Dewi Lestari;user1957@example.com;Non-Member;Kopi Susu Gula Aren 1L;Kuliner;65000;2;Transfer Bank;130000;0;130000;Medan;Sumatera Utara
6a118f6afad9326442664082;TRX-3SYU1JBK;25/11/2025;Fahmi Idris;user1958@example.com;Member;Meja Kerja Minimalis;Furniture;1200000;1;Transfer Bank;1200000;0;1200000;Jakarta;DKI Jakarta
6a118f6afad9326442664083;TRX-Y4SFJUQU;24/12/2025;Siti Aminah;user1959@example.com;Non-Member;Kursi Gaming Premium;Furniture;2500000;3;Transfer Bank;7500000;0;7500000;Semarang;Jawa Tengah
6a118f6afad9326442664084;TRX-ZZQUZP2F;16/09/2025;Mega Pertiwi;user1960@example.com;Non-Member;Smartphone Samsung S24;Elektronik;13000000;2;COD;26000000;0;26000000;Makassar;Sulawesi Selatan
6a118f6afad9326442664085;TRX-IHCPK6QK;14/12/2025;Andi Wijaya;user1961@example.com;Member;Kemeja Flanel Oversize;Fashion;250000;2;Transfer Bank;500000;0;500000;Medan;Sumatera Utara
6a118f6afad9326442664086;TRX-X2S39DP5;23/05/2025;Rian Hidayat;user1962@example.com;Member;Laptop ASUS ROG;Elektronik;20000000;4;COD;80000000;0;80000000;Jakarta;DKI Jakarta
6a118f6afad9326442664087;TRX-OL31OI3Z;12/06/2025;Budi Santoso;user1963@example.com;Member;Kursi Gaming Premium;Furniture;2500000;4;Transfer Bank;10000000;0;10000000;Bandung;Jawa Barat
6a118f6afad9326442664088;TRX-WXG5UKB0;20/05/2025;Andi Wijaya;user1964@example.com;Member;Kemeja Flanel Oversize;Fashion;250000;3;Kartu Kredit;750000;0;750000;Semarang;Jawa Tengah
6a118f6afad9326442664089;TRX-4HYA3QY6;21/01/2025;Jono Adriansyah;user1965@example.com;Non-Member;Sepatu Sneaker Lokal;Fashion;450000;2;Transfer Bank;900000;0;900000;Sukabumi;Jawa Barat
6a118f6afad932644266408a;TRX-HOW38H0S;04/01/2025;Eko Prasetyo;user1966@example.com;Non-Member;Laptop ASUS ROG;Elektronik;20000000;4;E-Wallet (OVO/Dana);80000000;0;80000000;Sukabumi;Jawa Barat
6a118f6afad932644266408b;TRX-D9D28P02;06/02/2026;Budi Santoso;user1967@example.com;Member;Meja Kerja Minimalis;Furniture;1200000;1;Kartu Kredit;1200000;0;1200000;Jakarta;DKI Jakarta
6a118f6afad932644266408c;TRX-K1MRWCK3;20/05/2025;Novianti;user1968@example.com;Member;Laptop ASUS ROG;Elektronik;20000000;3;Kartu Kredit;60000000;0;60000000;Bandung;Jawa Barat
6a118f6afad932644266408d;TRX-96VVE3LP;31/10/2025;Siti Aminah;user1969@example.com;Member;Smartphone Samsung S24;Elektronik;13000000;4;E-Wallet (OVO/Dana);52000000;0;52000000;Makassar;Sulawesi Selatan
6a118f6afad932644266408e;TRX-998SJW5O;21/09/2025;Fahmi Idris;user1970@example.com;Non-Member;Paket Ayam Bakar Madu;Kuliner;35000;1;Kartu Kredit;35000;0;35000;Makassar;Sulawesi Selatan
6a118f6afad932644266408f;TRX-N6WKBV1B;05/03/2025;Dewi Lestari;user1971@example.com;Non-Member;Kopi Susu Gula Aren 1L;Kuliner;65000;3;Transfer Bank;195000;0;195000;Jakarta;DKI Jakarta
6a118f6afad9326442664090;TRX-JG7XVSE4;07/01/2025;Siti Aminah;user1972@example.com;Member;Meja Kerja Minimalis;Furniture;1200000;4;E-Wallet (OVO/Dana);4800000;0;4800000;Surabaya;Jawa Timur
6a118f6afad9326442664091;TRX-OFKXL0ZP;17/06/2025;Fahmi Idris;user1973@example.com;Non-Member;Kemeja Flanel Oversize;Fashion;250000;4;Transfer Bank;1000000;0;1000000;Makassar;Sulawesi Selatan
6a118f6afad9326442664092;TRX-TIX1NVG0;14/03/2026;Siti Aminah;user1974@example.com;Member;Laptop ASUS ROG;Elektronik;20000000;4;COD;80000000;0;80000000;Jakarta;DKI Jakarta
6a118f6afad9326442664093;TRX-3F3EAOB0;18/05/2025;Budi Santoso;user1975@example.com;Member;Laptop ASUS ROG;Elektronik;20000000;4;Transfer Bank;80000000;0;80000000;Surabaya;Jawa Timur
6a118f6afad9326442664094;TRX-ASIOM225;13/04/2026;Siti Aminah;user1976@example.com;Member;Paket Ayam Bakar Madu;Kuliner;35000;3;Kartu Kredit;105000;0;105000;Jakarta;DKI Jakarta
6a118f6afad9326442664095;TRX-3BHGEO3I;02/10/2025;Fahmi Idris;user1977@example.com;Non-Member;Paket Ayam Bakar Madu;Kuliner;35000;3;Transfer Bank;105000;0;105000;Surabaya;Jawa Timur
6a118f6afad9326442664096;TRX-1HEIA482;23/10/2025;Eko Prasetyo;user1978@example.com;Member;Kursi Gaming Premium;Furniture;2500000;3;COD;7500000;0;7500000;Semarang;Jawa Tengah
6a118f6afad9326442664097;TRX-D8Z0P7MO;19/07/2025;Rian Hidayat;user1979@example.com;Non-Member;Meja Kerja Minimalis;Furniture;1200000;2;Kartu Kredit;2400000;0;2400000;Surabaya;Jawa Timur
6a118f6afad9326442664098;TRX-D0E870IF;19/04/2025;Siti Aminah;user1980@example.com;Member;Paket Ayam Bakar Madu;Kuliner;35000;2;COD;70000;0;70000;Medan;Sumatera Utara
6a118f6afad9326442664099;TRX-ICQI350B;19/06/2025;Fahmi Idris;user1981@example.com;Member;Laptop ASUS ROG;Elektronik;20000000;2;COD;40000000;0;40000000;Bandung;Jawa Barat
6a118f6afad932644266409a;TRX-I2D974B9;06/01/2026;Budi Santoso;user1982@example.com;Non-Member;Sepatu Sneaker Lokal;Fashion;450000;1;Transfer Bank;450000;0;450000;Jakarta;DKI Jakarta
6a118f6afad932644266409b;TRX-09TZD0GX;08/08/2025;Rian Hidayat;user1983@example.com;Non-Member;Kursi Gaming Premium;Furniture;2500000;3;Kartu Kredit;7500000;0;7500000;Jakarta;DKI Jakarta
6a118f6afad932644266409c;TRX-YGDP27QY;13/02/2026;Mega Pertiwi;user1984@example.com;Member;Sepatu Sneaker Lokal;Fashion;450000;4;E-Wallet (OVO/Dana);1800000;0;1800000;Makassar;Sulawesi Selatan
6a118f6afad932644266409d;TRX-EI5FGOVS;01/06/2025;Fahmi Idris;user1985@example.com;Member;Meja Kerja Minimalis;Furniture;1200000;4;E-Wallet (OVO/Dana);4800000;0;4800000;Makassar;Sulawesi Selatan
6a118f6afad932644266409e;TRX-40120NSB;09/02/2025;Andi Wijaya;user1986@example.com;Non-Member;Sepatu Sneaker Lokal;Fashion;450000;2;Transfer Bank;900000;0;900000;Sukabumi;Jawa Barat
6a118f6afad932644266409f;TRX-MT7EA2BK;25/05/2026;Eko Prasetyo;user1987@example.com;Non-Member;Smartphone Samsung S24;Elektronik;13000000;1;E-Wallet (OVO/Dana);13000000;0;13000000;Sukabumi;Jawa Barat
6a118f6afad93264426640a0;TRX-R7ZPZQ59;03/04/2025;Jono Adriansyah;user1988@example.com;Member;Kursi Gaming Premium;Furniture;2500000;3;Transfer Bank;7500000;0;7500000;Medan;Sumatera Utara
6a118f6afad93264426640a1;TRX-2AUYVYIQ;11/08/2025;Mega Pertiwi;user1989@example.com;Non-Member;Sepatu Sneaker Lokal;Fashion;450000;2;Transfer Bank;900000;0;900000;Bandung;Jawa Barat
6a118f6afad93264426640a2;TRX-R65O70GJ;11/04/2025;Andi Wijaya;user1990@example.com;Member;Kursi Gaming Premium;Furniture;2500000;4;E-Wallet (OVO/Dana);10000000;0;10000000;Makassar;Sulawesi Selatan
6a118f6afad93264426640a3;TRX-6Z8K8WTI;13/02/2026;Rian Hidayat;user1991@example.com;Member;Paket Ayam Bakar Madu;Kuliner;35000;1;Transfer Bank;35000;0;35000;Jakarta;DKI Jakarta
6a118f6afad93264426640a4;TRX-SE19JJ6I;06/05/2026;Fahmi Idris;user1992@example.com;Member;Sepatu Sneaker Lokal;Fashion;450000;4;Kartu Kredit;1800000;0;1800000;Surabaya;Jawa Timur
6a118f6afad93264426640a5;TRX-ULAIQNOY;03/02/2026;Rian Hidayat;user1993@example.com;Member;Kopi Susu Gula Aren 1L;Kuliner;65000;3;COD;195000;0;195000;Sukabumi;Jawa Barat
6a118f6afad93264426640a6;TRX-E3IAOWM3;05/01/2026;Siti Aminah;user1994@example.com;Member;Kopi Susu Gula Aren 1L;Kuliner;65000;3;Transfer Bank;195000;0;195000;Medan;Sumatera Utara
6a118f6afad93264426640a7;TRX-P6VN6MJC;08/01/2026;Budi Santoso;user1995@example.com;Non-Member;Sepatu Sneaker Lokal;Fashion;450000;2;Transfer Bank;900000;0;900000;Surabaya;Jawa Timur
6a118f6afad93264426640a8;TRX-TPVY2F0O;13/04/2025;Andi Wijaya;user1996@example.com;Member;Meja Kerja Minimalis;Furniture;1200000;3;COD;3600000;0;3600000;Makassar;Sulawesi Selatan
6a118f6afad93264426640a9;TRX-IOGS0TDA;06/05/2026;Novianti;user1997@example.com;Member;Kopi Susu Gula Aren 1L;Kuliner;65000;2;Transfer Bank;130000;0;130000;Jakarta;DKI Jakarta
6a118f6afad93264426640aa;TRX-KIBFLD3Z;13/02/2026;Budi Santoso;user1998@example.com;Non-Member;Sepatu Sneaker Lokal;Fashion;450000;3;COD;1350000;0;1350000;Semarang;Jawa Tengah
6a118f6afad93264426640ab;TRX-MCDFBECJ;21/05/2026;Jono Adriansyah;user1999@example.com;Member;Paket Ayam Bakar Madu;Kuliner;35000;2;E-Wallet (OVO/Dana);70000;0;70000;Medan;Sumatera Utara
6a118f6afad93264426640ac;TRX-VZMP67BD;17/06/2025;Novianti;user2000@example.com;Member;Kursi Gaming Premium;Furniture;2500000;1;Transfer Bank;2500000;0;2500000;Semarang;Jawa Tengah
6a118f6afad93264426640ad;TRX-LJACNDDV;15/11/2025;Dewi Lestari;user2001@example.com;Member;Laptop ASUS ROG;Elektronik;20000000;1;E-Wallet (OVO/Dana);20000000;0;20000000;Makassar;Sulawesi Selatan
6a118f6afad93264426640ae;TRX-MH6Q9X3Q;15/02/2026;Eko Prasetyo;user2002@example.com;Non-Member;Kursi Gaming Premium;Furniture;2500000;4;E-Wallet (OVO/Dana);10000000;0;10000000;Medan;Sumatera Utara
6a118f6afad93264426640af;TRX-U36DRL1O;09/04/2026;Budi Santoso;user2003@example.com;Member;Laptop ASUS ROG;Elektronik;20000000;4;Transfer Bank;80000000;0;80000000;Surabaya;Jawa Timur
6a118f6afad93264426640b0;TRX-RSE8T7Q1;09/02/2025;Mega Pertiwi;user2004@example.com;Non-Member;Kemeja Flanel Oversize;Fashion;250000;1;Transfer Bank;250000;0;250000;Bandung;Jawa Barat
6a118f6afad93264426640b1;TRX-PZXVDPA5;15/04/2025;Budi Santoso;user2005@example.com;Non-Member;Kemeja Flanel Oversize;Fashion;250000;3;Transfer Bank;750000;0;750000;Makassar;Sulawesi Selatan
6a118f6afad93264426640b2;TRX-GU7X2XLW;23/06/2025;Novianti;user2006@example.com;Member;Paket Ayam Bakar Madu;Kuliner;35000;2;Transfer Bank;70000;0;70000;Medan;Sumatera Utara
6a118f6afad93264426640b3;TRX-0PKP9PLI;07/03/2025;Mega Pertiwi;user2007@example.com;Member;Paket Ayam Bakar Madu;Kuliner;35000;2;COD;70000;0;70000;Jakarta;DKI Jakarta
6a118f6afad93264426640b4;TRX-PNVYVI2F;22/06/2025;Eko Prasetyo;user2008@example.com;Member;Smartphone Samsung S24;Elektronik;13000000;1;E-Wallet (OVO/Dana);13000000;0;13000000;Surabaya;Jawa Timur
6a118f6afad93264426640b5;TRX-0SIXXQ7B;22/05/2025;Fahmi Idris;user2009@example.com;Non-Member;Meja Kerja Minimalis;Furniture;1200000;4;Kartu Kredit;4800000;0;4800000;Makassar;Sulawesi Selatan
6a118f6afad93264426640b6;TRX-Z0DC6L6L;05/08/2025;Jono Adriansyah;user2010@example.com;Non-Member;Sepatu Sneaker Lokal;Fashion;450000;3;E-Wallet (OVO/Dana);1350000;0;1350000;Semarang;Jawa Tengah
6a118f6afad93264426640b7;TRX-H41CF1GJ;25/02/2025;Andi Wijaya;user2011@example.com;Member;Paket Ayam Bakar Madu;Kuliner;35000;4;COD;140000;0;140000;Makassar;Sulawesi Selatan
6a118f6afad93264426640b8;TRX-LU9BD2C9;02/05/2026;Fahmi Idris;user2012@example.com;Non-Member;Laptop ASUS ROG;Elektronik;20000000;4;E-Wallet (OVO/Dana);80000000;0;80000000;Surabaya;Jawa Timur
6a118f6afad93264426640b9;TRX-W182GY6K;12/02/2026;Dewi Lestari;user2013@example.com;Member;Laptop ASUS ROG;Elektronik;20000000;2;Transfer Bank;40000000;0;40000000;Jakarta;DKI Jakarta
6a118f6afad93264426640ba;TRX-T2W54V0W;05/04/2026;Budi Santoso;user2014@example.com;Non-Member;Kemeja Flanel Oversize;Fashion;250000;2;E-Wallet (OVO/Dana);500000;0;500000;Makassar;Sulawesi Selatan
6a118f6afad93264426640bb;TRX-6MNQ8XN5;24/01/2025;Budi Santoso;user2015@example.com;Member;Laptop ASUS ROG;Elektronik;20000000;3;Kartu Kredit;60000000;0;60000000;Semarang;Jawa Tengah
6a118f6afad93264426640bc;TRX-VTRXE73D;07/02/2026;Eko Prasetyo;user2016@example.com;Member;Kursi Gaming Premium;Furniture;2500000;1;COD;2500000;0;2500000;Semarang;Jawa Tengah
6a118f6afad93264426640bd;TRX-1E6537LA;25/01/2026;Siti Aminah;user2017@example.com;Member;Meja Kerja Minimalis;Furniture;1200000;3;Transfer Bank;3600000;0;3600000;Medan;Sumatera Utara
6a118f6afad93264426640be;TRX-38G6GLAS;09/06/2025;Andi Wijaya;user2018@example.com;Member;Laptop ASUS ROG;Elektronik;20000000;3;E-Wallet (OVO/Dana);60000000;0;60000000;Bandung;Jawa Barat
6a118f6afad93264426640bf;TRX-RYTHEXA0;26/08/2025;Jono Adriansyah;user2019@example.com;Member;Kursi Gaming Premium;Furniture;2500000;3;E-Wallet (OVO/Dana);7500000;0;7500000;Surabaya;Jawa Timur
6a118f6afad93264426640c0;TRX-884CQME5;31/03/2025;Jono Adriansyah;user2020@example.com;Non-Member;Paket Ayam Bakar Madu;Kuliner;35000;4;COD;140000;0;140000;Bandung;Jawa Barat
6a118f6afad93264426640c1;TRX-PC0XO3EU;20/08/2025;Mega Pertiwi;user2021@example.com;Non-Member;Kemeja Flanel Oversize;Fashion;250000;3;Transfer Bank;750000;0;750000;Makassar;Sulawesi Selatan
6a118f6afad93264426640c2;TRX-4LNGRL5T;15/07/2025;Siti Aminah;user2022@example.com;Member;Kopi Susu Gula Aren 1L;Kuliner;65000;4;Transfer Bank;260000;0;260000;Sukabumi;Jawa Barat
6a118f6afad93264426640c3;TRX-PLS6AIRB;21/01/2026;Fahmi Idris;user2023@example.com;Member;Kursi Gaming Premium;Furniture;2500000;4;Kartu Kredit;10000000;0;10000000;Makassar;Sulawesi Selatan
6a118f6afad93264426640c4;TRX-MLD5UTBK;10/04/2025;Siti Aminah;user2024@example.com;Member;Laptop ASUS ROG;Elektronik;20000000;2;Kartu Kredit;40000000;0;40000000;Semarang;Jawa Tengah
6a118f6afad93264426640c5;TRX-8MQTZ78Y;04/11/2025;Jono Adriansyah;user2025@example.com;Member;Laptop ASUS ROG;Elektronik;20000000;1;E-Wallet (OVO/Dana);20000000;0;20000000;Sukabumi;Jawa Barat
6a118f6afad93264426640c6;TRX-JWD2XO8D;21/02/2026;Rian Hidayat;user2026@example.com;Member;Kursi Gaming Premium;Furniture;2500000;3;Transfer Bank;7500000;0;7500000;Bandung;Jawa Barat
6a118f6afad93264426640c7;TRX-57PNCG6B;13/03/2026;Siti Aminah;user2027@example.com;Member;Kursi Gaming Premium;Furniture;2500000;1;Transfer Bank;2500000;0;2500000;Bandung;Jawa Barat
6a118f6afad93264426640c8;TRX-3LMXJSJW;16/04/2026;Novianti;user2028@example.com;Member;Kursi Gaming Premium;Furniture;2500000;1;Kartu Kredit;2500000;0;2500000;Semarang;Jawa Tengah
6a118f6afad93264426640c9;TRX-7TZQESFF;09/03/2026;Jono Adriansyah;user2029@example.com;Non-Member;Laptop ASUS ROG;Elektronik;20000000;2;COD;40000000;0;40000000;Sukabumi;Jawa Barat
6a118f6afad93264426640ca;TRX-SAZ4IIOO;25/02/2025;Fahmi Idris;user2030@example.com;Member;Kursi Gaming Premium;Furniture;2500000;3;COD;7500000;0;7500000;Semarang;Jawa Tengah
6a118f6afad93264426640cb;TRX-I1FX17L0;18/07/2025;Siti Aminah;user2031@example.com;Non-Member;Meja Kerja Minimalis;Furniture;1200000;3;COD;3600000;0;3600000;Makassar;Sulawesi Selatan
6a118f6afad93264426640cc;TRX-RMPCOULK;23/08/2025;Jono Adriansyah;user2032@example.com;Non-Member;Smartphone Samsung S24;Elektronik;13000000;4;Transfer Bank;52000000;0;52000000;Medan;Sumatera Utara
6a118f6afad93264426640cd;TRX-VC1CPA8A;19/06/2025;Rian Hidayat;user2033@example.com;Non-Member;Kopi Susu Gula Aren 1L;Kuliner;65000;1;COD;65000;0;65000;Sukabumi;Jawa Barat
6a118f6afad93264426640ce;TRX-SLXY6GIK;21/05/2025;Fahmi Idris;user2034@example.com;Non-Member;Kemeja Flanel Oversize;Fashion;250000;3;Kartu Kredit;750000;0;750000;Sukabumi;Jawa Barat
6a118f6afad93264426640cf;TRX-AQ4PHHMC;12/03/2026;Eko Prasetyo;user2035@example.com;Member;Smartphone Samsung S24;Elektronik;13000000;4;COD;52000000;0;52000000;Semarang;Jawa Tengah
6a118f6afad93264426640d0;TRX-8TZOCQ4K;18/03/2025;Siti Aminah;user2036@example.com;Non-Member;Kemeja Flanel Oversize;Fashion;250000;4;COD;1000000;0;1000000;Makassar;Sulawesi Selatan
6a118f6afad93264426640d1;TRX-6J955DFZ;16/12/2025;Novianti;user2037@example.com;Non-Member;Kursi Gaming Premium;Furniture;2500000;4;E-Wallet (OVO/Dana);10000000;0;10000000;Sukabumi;Jawa Barat
6a118f6afad93264426640d2;TRX-VLATMJ2Q;20/02/2026;Rian Hidayat;user2038@example.com;Member;Kopi Susu Gula Aren 1L;Kuliner;65000;4;COD;260000;0;260000;Medan;Sumatera Utara
6a118f6afad93264426640d3;TRX-VJV6C7B7;07/08/2025;Mega Pertiwi;user2039@example.com;Member;Meja Kerja Minimalis;Furniture;1200000;4;Transfer Bank;4800000;0;4800000;Jakarta;DKI Jakarta
6a118f6afad93264426640d4;TRX-4TECUWQ9;25/02/2026;Mega Pertiwi;user2040@example.com;Non-Member;Smartphone Samsung S24;Elektronik;13000000;1;E-Wallet (OVO/Dana);13000000;0;13000000;Semarang;Jawa Tengah
6a118f6afad93264426640d5;TRX-8TZ2XW8H;09/06/2025;Siti Aminah;user2041@example.com;Member;Kursi Gaming Premium;Furniture;2500000;4;Kartu Kredit;10000000;0;10000000;Jakarta;DKI Jakarta
6a118f6afad93264426640d6;TRX-2UHL02DY;07/04/2026;Eko Prasetyo;user2042@example.com;Member;Smartphone Samsung S24;Elektronik;13000000;3;COD;39000000;0;39000000;Jakarta;DKI Jakarta
6a118f6afad93264426640d7;TRX-IODYGKZB;08/11/2025;Budi Santoso;user2043@example.com;Non-Member;Smartphone Samsung S24;Elektronik;13000000;2;Transfer Bank;26000000;0;26000000;Makassar;Sulawesi Selatan
6a118f6afad93264426640d8;TRX-4NRF35SF;21/09/2025;Rian Hidayat;user2044@example.com;Member;Laptop ASUS ROG;Elektronik;20000000;1;Transfer Bank;20000000;0;20000000;Medan;Sumatera Utara
6a118f6afad93264426640d9;TRX-KKULXN36;17/02/2025;Siti Aminah;user2045@example.com;Non-Member;Kemeja Flanel Oversize;Fashion;250000;1;E-Wallet (OVO/Dana);250000;0;250000;Jakarta;DKI Jakarta
6a118f6afad93264426640da;TRX-BZJ6OIZT;24/10/2025;Mega Pertiwi;user2046@example.com;Member;Laptop ASUS ROG;Elektronik;20000000;2;Kartu Kredit;40000000;0;40000000;Semarang;Jawa Tengah
6a118f6afad93264426640db;TRX-NSNF1GKT;01/05/2026;Fahmi Idris;user2047@example.com;Member;Smartphone Samsung S24;Elektronik;13000000;2;Kartu Kredit;26000000;0;26000000;Semarang;Jawa Tengah
6a118f6afad93264426640dc;TRX-T7L7UUJE;12/02/2025;Budi Santoso;user2048@example.com;Member;Smartphone Samsung S24;Elektronik;13000000;4;E-Wallet (OVO/Dana);52000000;0;52000000;Surabaya;Jawa Timur
6a118f6afad93264426640dd;TRX-2DBKJOW7;17/08/2025;Andi Wijaya;user2049@example.com;Member;Laptop ASUS ROG;Elektronik;20000000;3;E-Wallet (OVO/Dana);60000000;0;60000000;Jakarta;DKI Jakarta
6a118f6afad93264426640de;TRX-C2TFCADF;08/10/2025;Fahmi Idris;user2050@example.com;Non-Member;Paket Ayam Bakar Madu;Kuliner;35000;3;E-Wallet (OVO/Dana);105000;0;105000;Makassar;Sulawesi Selatan
6a118f6afad93264426640df;TRX-E4EG3805;23/01/2025;Eko Prasetyo;user2051@example.com;Member;Laptop ASUS ROG;Elektronik;20000000;3;Kartu Kredit;60000000;0;60000000;Bandung;Jawa Barat
6a118f6afad93264426640e0;TRX-LAJ8VURZ;30/06/2025;Rian Hidayat;user2052@example.com;Non-Member;Sepatu Sneaker Lokal;Fashion;450000;1;Transfer Bank;450000;0;450000;Makassar;Sulawesi Selatan
6a118f6afad93264426640e1;TRX-2VLDY747;05/04/2026;Fahmi Idris;user2053@example.com;Member;Sepatu Sneaker Lokal;Fashion;450000;1;Transfer Bank;450000;0;450000;Makassar;Sulawesi Selatan
6a118f6afad93264426640e2;TRX-G5PDFNCN;24/02/2025;Andi Wijaya;user2054@example.com;Non-Member;Laptop ASUS ROG;Elektronik;20000000;4;Transfer Bank;80000000;0;80000000;Bandung;Jawa Barat
6a118f6afad93264426640e3;TRX-AXL4XFWI;23/04/2026;Rian Hidayat;user2055@example.com;Member;Sepatu Sneaker Lokal;Fashion;450000;2;E-Wallet (OVO/Dana);900000;0;900000;Surabaya;Jawa Timur
6a118f6afad93264426640e4;TRX-NCV09V0Q;24/07/2025;Rian Hidayat;user2056@example.com;Member;Kemeja Flanel Oversize;Fashion;250000;2;Kartu Kredit;500000;0;500000;Sukabumi;Jawa Barat
6a118f6afad93264426640e5;TRX-JVUQ231K;24/01/2026;Mega Pertiwi;user2057@example.com;Non-Member;Kursi Gaming Premium;Furniture;2500000;4;COD;10000000;0;10000000;Sukabumi;Jawa Barat
6a118f6afad93264426640e6;TRX-8LB5X5JK;17/05/2025;Fahmi Idris;user2058@example.com;Member;Meja Kerja Minimalis;Furniture;1200000;2;Transfer Bank;2400000;0;2400000;Medan;Sumatera Utara
6a118f6afad93264426640e7;TRX-PJTF1598;08/03/2026;Dewi Lestari;user2059@example.com;Non-Member;Paket Ayam Bakar Madu;Kuliner;35000;3;Transfer Bank;105000;0;105000;Jakarta;DKI Jakarta
6a118f6afad93264426640e8;TRX-VYPFYQ10;10/03/2025;Rian Hidayat;user2060@example.com;Non-Member;Laptop ASUS ROG;Elektronik;20000000;3;Kartu Kredit;60000000;0;60000000;Jakarta;DKI Jakarta
6a118f6afad93264426640e9;TRX-N1FWMAYR;04/07/2025;Mega Pertiwi;user2061@example.com;Member;Smartphone Samsung S24;Elektronik;13000000;2;E-Wallet (OVO/Dana);26000000;0;26000000;Medan;Sumatera Utara
6a118f6afad93264426640ea;TRX-9WMZ1NN5;05/10/2025;Fahmi Idris;user2062@example.com;Member;Kopi Susu Gula Aren 1L;Kuliner;65000;3;E-Wallet (OVO/Dana);195000;0;195000;Makassar;Sulawesi Selatan
6a118f6afad93264426640eb;TRX-L4I15FYW;03/03/2025;Jono Adriansyah;user2063@example.com;Member;Kemeja Flanel Oversize;Fashion;250000;3;E-Wallet (OVO/Dana);750000;0;750000;Sukabumi;Jawa Barat
6a118f6afad93264426640ec;TRX-XZFI2Q8V;10/04/2025;Eko Prasetyo;user2064@example.com;Member;Meja Kerja Minimalis;Furniture;1200000;4;COD;4800000;0;4800000;Surabaya;Jawa Timur
6a118f6afad93264426640ed;TRX-2GNO29RV;04/05/2025;Dewi Lestari;user2065@example.com;Non-Member;Laptop ASUS ROG;Elektronik;20000000;4;Transfer Bank;80000000;0;80000000;Sukabumi;Jawa Barat
6a118f6afad93264426640ee;TRX-5GQH6Q0H;27/10/2025;Eko Prasetyo;user2066@example.com;Non-Member;Kopi Susu Gula Aren 1L;Kuliner;65000;1;E-Wallet (OVO/Dana);65000;0;65000;Jakarta;DKI Jakarta
6a118f6afad93264426640ef;TRX-O1ZISLBG;25/07/2025;Eko Prasetyo;user2067@example.com;Non-Member;Smartphone Samsung S24;Elektronik;13000000;4;Kartu Kredit;52000000;0;52000000;Sukabumi;Jawa Barat
6a118f6afad93264426640f0;TRX-K890SKL8;18/02/2026;Novianti;user2068@example.com;Non-Member;Laptop ASUS ROG;Elektronik;20000000;3;E-Wallet (OVO/Dana);60000000;0;60000000;Medan;Sumatera Utara
6a118f6afad93264426640f1;TRX-MBZAFKEI;25/05/2025;Fahmi Idris;user2069@example.com;Member;Kursi Gaming Premium;Furniture;2500000;4;Kartu Kredit;10000000;0;10000000;Semarang;Jawa Tengah
6a118f6afad93264426640f2;TRX-LIOUVH76;09/09/2025;Jono Adriansyah;user2070@example.com;Non-Member;Sepatu Sneaker Lokal;Fashion;450000;1;Kartu Kredit;450000;0;450000;Medan;Sumatera Utara
6a118f6afad93264426640f3;TRX-Q6CBFMTF;01/05/2025;Budi Santoso;user2071@example.com;Member;Kopi Susu Gula Aren 1L;Kuliner;65000;1;E-Wallet (OVO/Dana);65000;0;65000;Medan;Sumatera Utara
6a118f6afad93264426640f4;TRX-13G33M97;03/02/2025;Dewi Lestari;user2072@example.com;Member;Smartphone Samsung S24;Elektronik;13000000;1;COD;13000000;0;13000000;Jakarta;DKI Jakarta
6a118f6afad93264426640f5;TRX-H0OFZWJT;19/03/2025;Andi Wijaya;user2073@example.com;Member;Kursi Gaming Premium;Furniture;2500000;2;Transfer Bank;5000000;0;5000000;Medan;Sumatera Utara
6a118f6afad93264426640f6;TRX-J0NZV641;16/04/2025;Mega Pertiwi;user2074@example.com;Non-Member;Meja Kerja Minimalis;Furniture;1200000;1;E-Wallet (OVO/Dana);1200000;0;1200000;Bandung;Jawa Barat
6a118f6afad93264426640f7;TRX-X6Z0B02Q;08/04/2025;Dewi Lestari;user2075@example.com;Non-Member;Sepatu Sneaker Lokal;Fashion;450000;1;E-Wallet (OVO/Dana);450000;0;450000;Makassar;Sulawesi Selatan
6a118f6afad93264426640f8;TRX-0YLZW76G;18/02/2025;Dewi Lestari;user2076@example.com;Non-Member;Paket Ayam Bakar Madu;Kuliner;35000;3;COD;105000;0;105000;Bandung;Jawa Barat
6a118f6afad93264426640f9;TRX-UDB7RD6P;26/01/2026;Fahmi Idris;user2077@example.com;Non-Member;Kopi Susu Gula Aren 1L;Kuliner;65000;1;Transfer Bank;65000;0;65000;Jakarta;DKI Jakarta
6a118f6afad93264426640fa;TRX-UZTHH1BP;22/03/2025;Rian Hidayat;user2078@example.com;Non-Member;Paket Ayam Bakar Madu;Kuliner;35000;3;COD;105000;0;105000;Bandung;Jawa Barat
6a118f6afad93264426640fb;TRX-6BITA7OY;27/05/2025;Novianti;user2079@example.com;Member;Paket Ayam Bakar Madu;Kuliner;35000;2;Transfer Bank;70000;0;70000;Semarang;Jawa Tengah
6a118f6afad93264426640fc;TRX-D7U9FV83;27/11/2025;Siti Aminah;user2080@example.com;Non-Member;Laptop ASUS ROG;Elektronik;20000000;3;E-Wallet (OVO/Dana);60000000;0;60000000;Jakarta;DKI Jakarta
6a118f6afad93264426640fd;TRX-Y9SEPKZW;25/03/2025;Siti Aminah;user2081@example.com;Non-Member;Kopi Susu Gula Aren 1L;Kuliner;65000;3;E-Wallet (OVO/Dana);195000;0;195000;Makassar;Sulawesi Selatan
6a118f6afad93264426640fe;TRX-PRH0GGBK;24/05/2026;Mega Pertiwi;user2082@example.com;Non-Member;Kemeja Flanel Oversize;Fashion;250000;4;Transfer Bank;1000000;0;1000000;Makassar;Sulawesi Selatan
6a118f6afad93264426640ff;TRX-I56PY2YO;05/05/2025;Eko Prasetyo;user2083@example.com;Member;Meja Kerja Minimalis;Furniture;1200000;4;COD;4800000;0;4800000;Makassar;Sulawesi Selatan
6a118f6afad9326442664100;TRX-AP0Z79MC;09/12/2025;Eko Prasetyo;user2084@example.com;Non-Member;Smartphone Samsung S24;Elektronik;13000000;3;E-Wallet (OVO/Dana);39000000;0;39000000;Jakarta;DKI Jakarta
6a118f6afad9326442664101;TRX-ANSMNM41;31/12/2024;Jono Adriansyah;user2085@example.com;Non-Member;Laptop ASUS ROG;Elektronik;20000000;3;Transfer Bank;60000000;0;60000000;Semarang;Jawa Tengah
6a118f6afad9326442664102;TRX-OG85QBL1;07/03/2026;Novianti;user2086@example.com;Non-Member;Kemeja Flanel Oversize;Fashion;250000;4;Kartu Kredit;1000000;0;1000000;Medan;Sumatera Utara
6a118f6afad9326442664103;TRX-SIY6WYO6;09/05/2025;Novianti;user2087@example.com;Non-Member;Paket Ayam Bakar Madu;Kuliner;35000;1;COD;35000;0;35000;Surabaya;Jawa Timur
6a118f6afad9326442664104;TRX-F2ZL4U3N;19/05/2026;Novianti;user2088@example.com;Member;Kursi Gaming Premium;Furniture;2500000;4;Kartu Kredit;10000000;0;10000000;Jakarta;DKI Jakarta
6a118f6afad9326442664105;TRX-N29T71P1;15/12/2025;Siti Aminah;user2089@example.com;Member;Paket Ayam Bakar Madu;Kuliner;35000;1;E-Wallet (OVO/Dana);35000;0;35000;Makassar;Sulawesi Selatan
6a118f6afad9326442664106;TRX-95V5FX4T;03/02/2026;Novianti;user2090@example.com;Member;Smartphone Samsung S24;Elektronik;13000000;2;Transfer Bank;26000000;0;26000000;Sukabumi;Jawa Barat
6a118f6afad9326442664107;TRX-GV2DLOIU;11/03/2025;Rian Hidayat;user2091@example.com;Non-Member;Meja Kerja Minimalis;Furniture;1200000;3;E-Wallet (OVO/Dana);3600000;0;3600000;Surabaya;Jawa Timur
6a118f6afad9326442664108;TRX-MLX7A543;31/01/2025;Dewi Lestari;user2092@example.com;Non-Member;Meja Kerja Minimalis;Furniture;1200000;1;Kartu Kredit;1200000;0;1200000;Semarang;Jawa Tengah
6a118f6afad9326442664109;TRX-GWSX1ROQ;07/07/2025;Siti Aminah;user2093@example.com;Non-Member;Kursi Gaming Premium;Furniture;2500000;1;E-Wallet (OVO/Dana);2500000;0;2500000;Makassar;Sulawesi Selatan
6a118f6afad932644266410a;TRX-SENWG5M0;01/03/2025;Jono Adriansyah;user2094@example.com;Member;Kemeja Flanel Oversize;Fashion;250000;3;E-Wallet (OVO/Dana);750000;0;750000;Jakarta;DKI Jakarta
6a118f6afad932644266410b;TRX-5L84Y2ZW;13/02/2026;Eko Prasetyo;user2095@example.com;Member;Kemeja Flanel Oversize;Fashion;250000;2;COD;500000;0;500000;Semarang;Jawa Tengah
6a118f6afad932644266410c;TRX-03673G97;14/10/2025;Novianti;user2096@example.com;Member;Smartphone Samsung S24;Elektronik;13000000;2;COD;26000000;0;26000000;Jakarta;DKI Jakarta
6a118f6afad932644266410d;TRX-8AJ2WWLX;03/04/2026;Andi Wijaya;user2097@example.com;Non-Member;Laptop ASUS ROG;Elektronik;20000000;2;COD;40000000;0;40000000;Sukabumi;Jawa Barat
6a118f6afad932644266410e;TRX-YKGO1W2J;03/01/2026;Rian Hidayat;user2098@example.com;Non-Member;Paket Ayam Bakar Madu;Kuliner;35000;4;Transfer Bank;140000;0;140000;Surabaya;Jawa Timur
6a118f6afad932644266410f;TRX-SHFVDETG;17/01/2026;Siti Aminah;user2099@example.com;Non-Member;Kopi Susu Gula Aren 1L;Kuliner;65000;1;Transfer Bank;65000;0;65000;Surabaya;Jawa Timur
6a118f6afad9326442664110;TRX-2PTUW9GR;19/11/2025;Novianti;user2100@example.com;Non-Member;Sepatu Sneaker Lokal;Fashion;450000;1;COD;450000;0;450000;Sukabumi;Jawa Barat
6a118f6afad9326442664111;TRX-SVUDUSEL;17/03/2025;Jono Adriansyah;user2101@example.com;Non-Member;Smartphone Samsung S24;Elektronik;13000000;3;E-Wallet (OVO/Dana);39000000;0;39000000;Makassar;Sulawesi Selatan
6a118f6afad9326442664112;TRX-0E198P2T;08/05/2026;Mega Pertiwi;user2102@example.com;Member;Sepatu Sneaker Lokal;Fashion;450000;2;Transfer Bank;900000;0;900000;Surabaya;Jawa Timur
6a118f6afad9326442664113;TRX-96QYMIVG;06/09/2025;Jono Adriansyah;user2103@example.com;Non-Member;Kemeja Flanel Oversize;Fashion;250000;1;Kartu Kredit;250000;0;250000;Surabaya;Jawa Timur
6a118f6afad9326442664114;TRX-F596AY0Q;04/03/2025;Eko Prasetyo;user2104@example.com;Non-Member;Meja Kerja Minimalis;Furniture;1200000;1;Transfer Bank;1200000;0;1200000;Medan;Sumatera Utara
6a118f6afad9326442664115;TRX-UI5D0T3B;22/07/2025;Andi Wijaya;user2105@example.com;Member;Meja Kerja Minimalis;Furniture;1200000;4;Kartu Kredit;4800000;0;4800000;Surabaya;Jawa Timur
6a118f6afad9326442664116;TRX-6MYUF462;24/05/2025;Dewi Lestari;user2106@example.com;Non-Member;Kemeja Flanel Oversize;Fashion;250000;3;COD;750000;0;750000;Sukabumi;Jawa Barat
6a118f6afad9326442664117;TRX-F72X60VZ;31/12/2024;Andi Wijaya;user2107@example.com;Member;Kemeja Flanel Oversize;Fashion;250000;4;Kartu Kredit;1000000;0;1000000;Jakarta;DKI Jakarta
6a118f6afad9326442664118;TRX-GI98HSMS;09/05/2025;Mega Pertiwi;user2108@example.com;Non-Member;Kursi Gaming Premium;Furniture;2500000;3;Transfer Bank;7500000;0;7500000;Medan;Sumatera Utara
6a118f6afad9326442664119;TRX-G7KEPXG2;16/06/2025;Siti Aminah;user2109@example.com;Non-Member;Kursi Gaming Premium;Furniture;2500000;4;Kartu Kredit;10000000;0;10000000;Makassar;Sulawesi Selatan
6a118f6afad932644266411a;TRX-JHO79K9P;03/08/2025;Budi Santoso;user2110@example.com;Non-Member;Sepatu Sneaker Lokal;Fashion;450000;1;E-Wallet (OVO/Dana);450000;0;450000;Medan;Sumatera Utara
6a118f6afad932644266411b;TRX-2REHJSV9;02/02/2026;Rian Hidayat;user2111@example.com;Non-Member;Kemeja Flanel Oversize;Fashion;250000;2;Transfer Bank;500000;0;500000;Jakarta;DKI Jakarta
6a118f6afad932644266411c;TRX-XQJTOP2F;19/05/2026;Mega Pertiwi;user2112@example.com;Non-Member;Laptop ASUS ROG;Elektronik;20000000;4;Kartu Kredit;80000000;0;80000000;Medan;Sumatera Utara
6a118f6afad932644266411d;TRX-BXR0R8AY;14/03/2025;Eko Prasetyo;user2113@example.com;Member;Kopi Susu Gula Aren 1L;Kuliner;65000;1;Transfer Bank;65000;0;65000;Medan;Sumatera Utara
6a118f6afad932644266411e;TRX-KVOFEXZG;23/02/2025;Mega Pertiwi;user2114@example.com;Member;Kursi Gaming Premium;Furniture;2500000;2;COD;5000000;0;5000000;Makassar;Sulawesi Selatan
6a118f6afad932644266411f;TRX-WHAM4S8X;31/03/2025;Dewi Lestari;user2115@example.com;Member;Kursi Gaming Premium;Furniture;2500000;2;Transfer Bank;5000000;0;5000000;Bandung;Jawa Barat
6a118f6afad9326442664120;TRX-JUYA720Q;22/05/2026;Fahmi Idris;user2116@example.com;Non-Member;Paket Ayam Bakar Madu;Kuliner;35000;4;E-Wallet (OVO/Dana);140000;0;140000;Semarang;Jawa Tengah
6a118f6afad9326442664121;TRX-YTEBY0AV;25/01/2025;Novianti;user2117@example.com;Non-Member;Smartphone Samsung S24;Elektronik;13000000;3;E-Wallet (OVO/Dana);39000000;0;39000000;Medan;Sumatera Utara
6a118f6afad9326442664122;TRX-GT9HXYVV;04/02/2026;Fahmi Idris;user2118@example.com;Non-Member;Paket Ayam Bakar Madu;Kuliner;35000;1;COD;35000;0;35000;Bandung;Jawa Barat
6a118f6afad9326442664123;TRX-FSDRPDF5;10/02/2026;Eko Prasetyo;user2119@example.com;Non-Member;Laptop ASUS ROG;Elektronik;20000000;2;E-Wallet (OVO/Dana);40000000;0;40000000;Sukabumi;Jawa Barat
6a118f6afad9326442664124;TRX-ZLL8YHZ1;10/07/2025;Mega Pertiwi;user2120@example.com;Member;Kemeja Flanel Oversize;Fashion;250000;2;Transfer Bank;500000;0;500000;Medan;Sumatera Utara
6a118f6afad9326442664125;TRX-OY28GA4K;09/04/2025;Dewi Lestari;user2121@example.com;Member;Smartphone Samsung S24;Elektronik;13000000;4;COD;52000000;0;52000000;Bandung;Jawa Barat
6a118f6afad9326442664126;TRX-0K3S3OIZ;16/01/2025;Novianti;user2122@example.com;Member;Smartphone Samsung S24;Elektronik;13000000;4;E-Wallet (OVO/Dana);52000000;0;52000000;Medan;Sumatera Utara
6a118f6afad9326442664127;TRX-CKSXFUP4;24/06/2025;Siti Aminah;user2123@example.com;Non-Member;Kursi Gaming Premium;Furniture;2500000;2;COD;5000000;0;5000000;Bandung;Jawa Barat
6a118f6afad9326442664128;TRX-45Q6UHG9;26/01/2025;Siti Aminah;user2124@example.com;Member;Laptop ASUS ROG;Elektronik;20000000;1;E-Wallet (OVO/Dana);20000000;0;20000000;Semarang;Jawa Tengah
6a118f6afad9326442664129;TRX-8K4BMXQ6;21/04/2026;Dewi Lestari;user2125@example.com;Non-Member;Kemeja Flanel Oversize;Fashion;250000;4;COD;1000000;0;1000000;Surabaya;Jawa Timur
6a118f6afad932644266412a;TRX-ETJXI3QK;01/07/2025;Rian Hidayat;user2126@example.com;Non-Member;Paket Ayam Bakar Madu;Kuliner;35000;1;E-Wallet (OVO/Dana);35000;0;35000;Bandung;Jawa Barat
6a118f6afad932644266412b;TRX-AD4HMOSS;27/08/2025;Dewi Lestari;user2127@example.com;Member;Smartphone Samsung S24;Elektronik;13000000;4;Kartu Kredit;52000000;0;52000000;Sukabumi;Jawa Barat
6a118f6afad932644266412c;TRX-QUL7M01H;08/05/2025;Jono Adriansyah;user2128@example.com;Non-Member;Kemeja Flanel Oversize;Fashion;250000;4;Transfer Bank;1000000;0;1000000;Semarang;Jawa Tengah
6a118f6afad932644266412d;TRX-Z0CFVMZT;19/09/2025;Siti Aminah;user2129@example.com;Member;Smartphone Samsung S24;Elektronik;13000000;1;COD;13000000;0;13000000;Sukabumi;Jawa Barat
6a118f6afad932644266412e;TRX-599IRGP9;19/01/2026;Budi Santoso;user2130@example.com;Non-Member;Paket Ayam Bakar Madu;Kuliner;35000;2;E-Wallet (OVO/Dana);70000;0;70000;Bandung;Jawa Barat
6a118f6afad932644266412f;TRX-0WXHJDMP;16/08/2025;Andi Wijaya;user2131@example.com;Non-Member;Meja Kerja Minimalis;Furniture;1200000;3;Kartu Kredit;3600000;0;3600000;Sukabumi;Jawa Barat
6a118f6afad9326442664130;TRX-1LPFLNSW;09/01/2026;Fahmi Idris;user2132@example.com;Member;Meja Kerja Minimalis;Furniture;1200000;2;E-Wallet (OVO/Dana);2400000;0;2400000;Makassar;Sulawesi Selatan
6a118f6afad9326442664131;TRX-SL8BQJPA;11/04/2026;Mega Pertiwi;user2133@example.com;Member;Meja Kerja Minimalis;Furniture;1200000;4;Transfer Bank;4800000;0;4800000;Sukabumi;Jawa Barat
6a118f6afad9326442664132;TRX-PERN19DS;18/05/2025;Novianti;user2134@example.com;Non-Member;Laptop ASUS ROG;Elektronik;20000000;3;E-Wallet (OVO/Dana);60000000;0;60000000;Bandung;Jawa Barat
6a118f6afad9326442664133;TRX-Z3AGLATW;23/02/2025;Mega Pertiwi;user2135@example.com;Member;Kemeja Flanel Oversize;Fashion;250000;4;E-Wallet (OVO/Dana);1000000;0;1000000;Sukabumi;Jawa Barat
6a118f6afad9326442664134;TRX-X753BMPS;14/08/2025;Jono Adriansyah;user2136@example.com;Member;Smartphone Samsung S24;Elektronik;13000000;3;Transfer Bank;39000000;0;39000000;Makassar;Sulawesi Selatan
6a118f6afad9326442664135;TRX-J04HOA0A;11/12/2025;Novianti;user2137@example.com;Member;Sepatu Sneaker Lokal;Fashion;450000;1;COD;450000;0;450000;Semarang;Jawa Tengah
6a118f6afad9326442664136;TRX-RQ4TENXX;19/03/2026;Eko Prasetyo;user2138@example.com;Member;Kemeja Flanel Oversize;Fashion;250000;2;Transfer Bank;500000;0;500000;Makassar;Sulawesi Selatan
6a118f6afad9326442664137;TRX-JZOF3XKZ;14/08/2025;Novianti;user2139@example.com;Member;Smartphone Samsung S24;Elektronik;13000000;4;Transfer Bank;52000000;0;52000000;Semarang;Jawa Tengah
6a118f6afad9326442664138;TRX-1EBABMBS;26/02/2025;Budi Santoso;user2140@example.com;Non-Member;Kemeja Flanel Oversize;Fashion;250000;1;E-Wallet (OVO/Dana);250000;0;250000;Makassar;Sulawesi Selatan
6a118f6afad9326442664139;TRX-UBI4M2EI;20/10/2025;Fahmi Idris;user2141@example.com;Non-Member;Laptop ASUS ROG;Elektronik;20000000;2;E-Wallet (OVO/Dana);40000000;0;40000000;Semarang;Jawa Tengah
6a118f6afad932644266413a;TRX-MYSWWETF;07/02/2026;Novianti;user2142@example.com;Member;Sepatu Sneaker Lokal;Fashion;450000;3;Kartu Kredit;1350000;0;1350000;Jakarta;DKI Jakarta
6a118f6afad932644266413b;TRX-D2PLW483;07/03/2025;Fahmi Idris;user2143@example.com;Member;Sepatu Sneaker Lokal;Fashion;450000;1;E-Wallet (OVO/Dana);450000;0;450000;Bandung;Jawa Barat
6a118f6afad932644266413c;TRX-KWQRTYWP;02/02/2025;Eko Prasetyo;user2144@example.com;Non-Member;Kemeja Flanel Oversize;Fashion;250000;1;Kartu Kredit;250000;0;250000;Jakarta;DKI Jakarta
6a118f6afad932644266413d;TRX-A12NTXIF;10/01/2025;Dewi Lestari;user2145@example.com;Non-Member;Meja Kerja Minimalis;Furniture;1200000;4;Transfer Bank;4800000;0;4800000;Medan;Sumatera Utara
6a118f6afad932644266413e;TRX-ID9N2XPY;30/11/2025;Siti Aminah;user2146@example.com;Non-Member;Kemeja Flanel Oversize;Fashion;250000;3;Kartu Kredit;750000;0;750000;Semarang;Jawa Tengah
6a118f6afad932644266413f;TRX-C0LPQQWU;27/04/2025;Siti Aminah;user2147@example.com;Non-Member;Kursi Gaming Premium;Furniture;2500000;1;Transfer Bank;2500000;0;2500000;Semarang;Jawa Tengah
6a118f6afad9326442664140;TRX-2N5XI8NV;31/12/2024;Mega Pertiwi;user2148@example.com;Member;Kursi Gaming Premium;Furniture;2500000;4;COD;10000000;0;10000000;Semarang;Jawa Tengah
6a118f6afad9326442664141;TRX-4ELJX67U;20/05/2026;Novianti;user2149@example.com;Member;Meja Kerja Minimalis;Furniture;1200000;1;COD;1200000;0;1200000;Semarang;Jawa Tengah
6a118f6afad9326442664142;TRX-WHJ4KFCW;19/06/2025;Budi Santoso;user2150@example.com;Non-Member;Smartphone Samsung S24;Elektronik;13000000;3;Kartu Kredit;39000000;0;39000000;Semarang;Jawa Tengah
6a118f6afad9326442664143;TRX-BQJTUCIP;10/12/2025;Novianti;user2151@example.com;Non-Member;Smartphone Samsung S24;Elektronik;13000000;2;Kartu Kredit;26000000;0;26000000;Semarang;Jawa Tengah
6a118f6afad9326442664144;TRX-0R27AYE8;12/05/2026;Mega Pertiwi;user2152@example.com;Member;Kemeja Flanel Oversize;Fashion;250000;4;COD;1000000;0;1000000;Semarang;Jawa Tengah
6a118f6afad9326442664145;TRX-5C8DDXQ4;14/05/2025;Jono Adriansyah;user2153@example.com;Non-Member;Kopi Susu Gula Aren 1L;Kuliner;65000;3;Transfer Bank;195000;0;195000;Semarang;Jawa Tengah
6a118f6afad9326442664146;TRX-61IB399C;10/03/2026;Mega Pertiwi;user2154@example.com;Non-Member;Sepatu Sneaker Lokal;Fashion;450000;1;Transfer Bank;450000;0;450000;Jakarta;DKI Jakarta
6a118f6afad9326442664147;TRX-HO7C3PQM;22/01/2025;Rian Hidayat;user2155@example.com;Member;Paket Ayam Bakar Madu;Kuliner;35000;4;COD;140000;0;140000;Makassar;Sulawesi Selatan
6a118f6afad9326442664148;TRX-R50SU9SZ;25/04/2025;Andi Wijaya;user2156@example.com;Non-Member;Smartphone Samsung S24;Elektronik;13000000;1;E-Wallet (OVO/Dana);13000000;0;13000000;Bandung;Jawa Barat
6a118f6afad9326442664149;TRX-BZO9N69L;22/10/2025;Andi Wijaya;user2157@example.com;Member;Kopi Susu Gula Aren 1L;Kuliner;65000;1;E-Wallet (OVO/Dana);65000;0;65000;Medan;Sumatera Utara
6a118f6afad932644266414a;TRX-9C1K4KK3;11/04/2026;Rian Hidayat;user2158@example.com;Non-Member;Kopi Susu Gula Aren 1L;Kuliner;65000;1;E-Wallet (OVO/Dana);65000;0;65000;Semarang;Jawa Tengah
6a118f6afad932644266414b;TRX-RWELGQV9;10/11/2025;Dewi Lestari;user2159@example.com;Member;Kemeja Flanel Oversize;Fashion;250000;2;E-Wallet (OVO/Dana);500000;0;500000;Medan;Sumatera Utara
6a118f6afad932644266414c;TRX-HZB32C0W;01/01/2025;Andi Wijaya;user2160@example.com;Non-Member;Laptop ASUS ROG;Elektronik;20000000;1;COD;20000000;0;20000000;Medan;Sumatera Utara
6a118f6afad932644266414d;TRX-RZXX5D5V;24/02/2025;Novianti;user2161@example.com;Non-Member;Kopi Susu Gula Aren 1L;Kuliner;65000;4;Transfer Bank;260000;0;260000;Bandung;Jawa Barat
6a118f6afad932644266414e;TRX-1X6Z2OBE;16/03/2025;Rian Hidayat;user2162@example.com;Non-Member;Laptop ASUS ROG;Elektronik;20000000;3;E-Wallet (OVO/Dana);60000000;0;60000000;Surabaya;Jawa Timur
6a118f6afad932644266414f;TRX-I6B77PTN;24/03/2026;Jono Adriansyah;user2163@example.com;Non-Member;Sepatu Sneaker Lokal;Fashion;450000;4;Transfer Bank;1800000;0;1800000;Jakarta;DKI Jakarta
6a118f6afad9326442664150;TRX-VQRGHY1I;18/03/2025;Jono Adriansyah;user2164@example.com;Member;Paket Ayam Bakar Madu;Kuliner;35000;2;E-Wallet (OVO/Dana);70000;0;70000;Jakarta;DKI Jakarta
6a118f6afad9326442664151;TRX-U7Q21RFV;06/04/2026;Rian Hidayat;user2165@example.com;Member;Smartphone Samsung S24;Elektronik;13000000;2;E-Wallet (OVO/Dana);26000000;0;26000000;Semarang;Jawa Tengah
6a118f6afad9326442664152;TRX-WC0G8DUC;03/03/2025;Jono Adriansyah;user2166@example.com;Non-Member;Kemeja Flanel Oversize;Fashion;250000;1;Kartu Kredit;250000;0;250000;Sukabumi;Jawa Barat
6a118f6afad9326442664153;TRX-W7KTGV4V;12/12/2025;Andi Wijaya;user2167@example.com;Member;Paket Ayam Bakar Madu;Kuliner;35000;4;COD;140000;0;140000;Medan;Sumatera Utara
6a118f6afad9326442664154;TRX-L3RDJJWH;11/02/2025;Budi Santoso;user2168@example.com;Member;Kemeja Flanel Oversize;Fashion;250000;3;Transfer Bank;750000;0;750000;Semarang;Jawa Tengah
6a118f6afad9326442664155;TRX-9ONG30PB;04/01/2025;Andi Wijaya;user2169@example.com;Member;Paket Ayam Bakar Madu;Kuliner;35000;4;Kartu Kredit;140000;0;140000;Sukabumi;Jawa Barat
6a118f6afad9326442664156;TRX-2LY4EE5F;18/11/2025;Fahmi Idris;user2170@example.com;Member;Paket Ayam Bakar Madu;Kuliner;35000;1;Kartu Kredit;35000;0;35000;Semarang;Jawa Tengah
6a118f6afad9326442664157;TRX-8HI2Q4MX;21/02/2025;Eko Prasetyo;user2171@example.com;Member;Paket Ayam Bakar Madu;Kuliner;35000;1;E-Wallet (OVO/Dana);35000;0;35000;Makassar;Sulawesi Selatan
6a118f6afad9326442664158;TRX-TDMQXLWQ;02/02/2025;Mega Pertiwi;user2172@example.com;Non-Member;Laptop ASUS ROG;Elektronik;20000000;3;E-Wallet (OVO/Dana);60000000;0;60000000;Bandung;Jawa Barat
6a118f6afad9326442664159;TRX-4GIM1QEP;31/12/2025;Jono Adriansyah;user2173@example.com;Member;Kursi Gaming Premium;Furniture;2500000;1;E-Wallet (OVO/Dana);2500000;0;2500000;Surabaya;Jawa Timur
6a118f6afad932644266415a;TRX-TERLY4H9;24/08/2025;Mega Pertiwi;user2174@example.com;Non-Member;Kopi Susu Gula Aren 1L;Kuliner;65000;1;Transfer Bank;65000;0;65000;Makassar;Sulawesi Selatan
6a118f6afad932644266415b;TRX-IUS7GYOI;19/03/2026;Mega Pertiwi;user2175@example.com;Non-Member;Smartphone Samsung S24;Elektronik;13000000;2;Kartu Kredit;26000000;0;26000000;Bandung;Jawa Barat
6a118f6afad932644266415c;TRX-4J5US1SB;19/12/2025;Dewi Lestari;user2176@example.com;Non-Member;Laptop ASUS ROG;Elektronik;20000000;2;Transfer Bank;40000000;0;40000000;Makassar;Sulawesi Selatan
6a118f6afad932644266415d;TRX-C3V194TW;18/02/2026;Rian Hidayat;user2177@example.com;Non-Member;Paket Ayam Bakar Madu;Kuliner;35000;3;E-Wallet (OVO/Dana);105000;0;105000;Semarang;Jawa Tengah
6a118f6afad932644266415e;TRX-GIQ92O2O;18/06/2025;Rian Hidayat;user2178@example.com;Member;Kursi Gaming Premium;Furniture;2500000;4;COD;10000000;0;10000000;Semarang;Jawa Tengah
6a118f6afad932644266415f;TRX-QOC3RNRG;21/06/2025;Mega Pertiwi;user2179@example.com;Non-Member;Kemeja Flanel Oversize;Fashion;250000;1;COD;250000;0;250000;Sukabumi;Jawa Barat
6a118f6afad9326442664160;TRX-W5JCU28B;21/01/2026;Siti Aminah;user2180@example.com;Non-Member;Kopi Susu Gula Aren 1L;Kuliner;65000;3;COD;195000;0;195000;Semarang;Jawa Tengah
6a118f6afad9326442664161;TRX-B19LC85C;27/07/2025;Jono Adriansyah;user2181@example.com;Non-Member;Sepatu Sneaker Lokal;Fashion;450000;1;COD;450000;0;450000;Bandung;Jawa Barat
6a118f6afad9326442664162;TRX-E22YAYSN;25/02/2026;Dewi Lestari;user2182@example.com;Non-Member;Laptop ASUS ROG;Elektronik;20000000;1;Transfer Bank;20000000;0;20000000;Bandung;Jawa Barat
6a118f6afad9326442664163;TRX-F2XV2HQB;24/08/2025;Novianti;user2183@example.com;Non-Member;Meja Kerja Minimalis;Furniture;1200000;1;E-Wallet (OVO/Dana);1200000;0;1200000;Bandung;Jawa Barat
6a118f6afad9326442664164;TRX-C2KDB118;12/04/2025;Mega Pertiwi;user2184@example.com;Non-Member;Sepatu Sneaker Lokal;Fashion;450000;3;E-Wallet (OVO/Dana);1350000;0;1350000;Semarang;Jawa Tengah
6a118f6afad9326442664165;TRX-E1HGF701;13/04/2026;Budi Santoso;user2185@example.com;Member;Kopi Susu Gula Aren 1L;Kuliner;65000;2;COD;130000;0;130000;Surabaya;Jawa Timur
6a118f6afad9326442664166;TRX-WSJ5D7MT;20/11/2025;Budi Santoso;user2186@example.com;Member;Sepatu Sneaker Lokal;Fashion;450000;1;COD;450000;0;450000;Bandung;Jawa Barat
6a118f6afad9326442664167;TRX-QFUYF0RQ;22/03/2025;Mega Pertiwi;user2187@example.com;Member;Kursi Gaming Premium;Furniture;2500000;3;E-Wallet (OVO/Dana);7500000;0;7500000;Sukabumi;Jawa Barat
6a118f6afad9326442664168;TRX-XO2RTCMU;07/05/2026;Novianti;user2188@example.com;Non-Member;Meja Kerja Minimalis;Furniture;1200000;1;COD;1200000;0;1200000;Bandung;Jawa Barat
6a118f6afad9326442664169;TRX-00OY8CJL;03/01/2026;Novianti;user2189@example.com;Non-Member;Paket Ayam Bakar Madu;Kuliner;35000;1;Kartu Kredit;35000;0;35000;Bandung;Jawa Barat
6a118f6afad932644266416a;TRX-C31CSHBK;03/02/2025;Jono Adriansyah;user2190@example.com;Non-Member;Laptop ASUS ROG;Elektronik;20000000;3;Transfer Bank;60000000;0;60000000;Surabaya;Jawa Timur
6a118f6afad932644266416b;TRX-B4OJVTZH;19/02/2025;Fahmi Idris;user2191@example.com;Member;Kemeja Flanel Oversize;Fashion;250000;2;Kartu Kredit;500000;0;500000;Surabaya;Jawa Timur
6a118f6afad932644266416c;TRX-NLIA0OJO;11/08/2025;Eko Prasetyo;user2192@example.com;Non-Member;Meja Kerja Minimalis;Furniture;1200000;4;Kartu Kredit;4800000;0;4800000;Makassar;Sulawesi Selatan
6a118f6afad932644266416d;TRX-7D0OKDG9;10/07/2025;Mega Pertiwi;user2193@example.com;Non-Member;Meja Kerja Minimalis;Furniture;1200000;1;Transfer Bank;1200000;0;1200000;Makassar;Sulawesi Selatan
6a118f6afad932644266416e;TRX-VVMXLJZ3;11/05/2026;Andi Wijaya;user2194@example.com;Non-Member;Meja Kerja Minimalis;Furniture;1200000;1;Transfer Bank;1200000;0;1200000;Makassar;Sulawesi Selatan
6a118f6afad932644266416f;TRX-QHK80QEH;25/07/2025;Novianti;user2195@example.com;Non-Member;Paket Ayam Bakar Madu;Kuliner;35000;2;E-Wallet (OVO/Dana);70000;0;70000;Semarang;Jawa Tengah
6a118f6afad9326442664170;TRX-HRAJMRMJ;19/01/2026;Budi Santoso;user2196@example.com;Member;Laptop ASUS ROG;Elektronik;20000000;2;COD;40000000;0;40000000;Medan;Sumatera Utara
6a118f6afad9326442664171;TRX-IFLY9M12;20/01/2025;Budi Santoso;user2197@example.com;Non-Member;Kursi Gaming Premium;Furniture;2500000;3;Transfer Bank;7500000;0;7500000;Semarang;Jawa Tengah
6a118f6afad9326442664172;TRX-4K6RG9IZ;08/02/2025;Novianti;user2198@example.com;Member;Kemeja Flanel Oversize;Fashion;250000;3;Kartu Kredit;750000;0;750000;Jakarta;DKI Jakarta
6a118f6afad9326442664173;TRX-0YQP5R94;31/10/2025;Mega Pertiwi;user2199@example.com;Member;Kemeja Flanel Oversize;Fashion;250000;3;E-Wallet (OVO/Dana);750000;0;750000;Bandung;Jawa Barat
6a118f6afad9326442664174;TRX-X256VVEI;13/07/2025;Dewi Lestari;user2200@example.com;Non-Member;Paket Ayam Bakar Madu;Kuliner;35000;2;Kartu Kredit;70000;0;70000;Jakarta;DKI Jakarta
6a118f6afad9326442664175;TRX-QEZLFBY4;10/05/2025;Jono Adriansyah;user2201@example.com;Member;Laptop ASUS ROG;Elektronik;20000000;4;E-Wallet (OVO/Dana);80000000;0;80000000;Surabaya;Jawa Timur
6a118f6afad9326442664176;TRX-JT2PNBTM;19/07/2025;Andi Wijaya;user2202@example.com;Non-Member;Laptop ASUS ROG;Elektronik;20000000;2;E-Wallet (OVO/Dana);40000000;0;40000000;Makassar;Sulawesi Selatan
6a118f6afad9326442664177;TRX-MM0F8BU2;16/11/2025;Dewi Lestari;user2203@example.com;Member;Kopi Susu Gula Aren 1L;Kuliner;65000;1;Transfer Bank;65000;0;65000;Jakarta;DKI Jakarta
6a118f6afad9326442664178;TRX-DP9GAEZK;31/01/2026;Rian Hidayat;user2204@example.com;Non-Member;Laptop ASUS ROG;Elektronik;20000000;3;E-Wallet (OVO/Dana);60000000;0;60000000;Bandung;Jawa Barat
6a118f6afad9326442664179;TRX-L4L26342;10/12/2025;Budi Santoso;user2205@example.com;Member;Kemeja Flanel Oversize;Fashion;250000;4;Kartu Kredit;1000000;0;1000000;Makassar;Sulawesi Selatan
6a118f6afad932644266417a;TRX-TAXXJFG8;15/05/2026;Jono Adriansyah;user2206@example.com;Member;Meja Kerja Minimalis;Furniture;1200000;1;COD;1200000;0;1200000;Sukabumi;Jawa Barat
6a118f6afad932644266417b;TRX-B19X3C0V;25/04/2025;Andi Wijaya;user2207@example.com;Member;Meja Kerja Minimalis;Furniture;1200000;3;COD;3600000;0;3600000;Jakarta;DKI Jakarta
6a118f6afad932644266417c;TRX-VT6L6FLR;23/01/2025;Novianti;user2208@example.com;Non-Member;Sepatu Sneaker Lokal;Fashion;450000;3;COD;1350000;0;1350000;Jakarta;DKI Jakarta
6a118f6afad932644266417d;TRX-ZP14AVFG;26/08/2025;Rian Hidayat;user2209@example.com;Member;Meja Kerja Minimalis;Furniture;1200000;3;COD;3600000;0;3600000;Bandung;Jawa Barat
6a118f6afad932644266417e;TRX-AA90ZOPC;06/08/2025;Rian Hidayat;user2210@example.com;Non-Member;Paket Ayam Bakar Madu;Kuliner;35000;1;Transfer Bank;35000;0;35000;Bandung;Jawa Barat
6a118f6afad932644266417f;TRX-AS0YLHWQ;11/02/2025;Fahmi Idris;user2211@example.com;Non-Member;Smartphone Samsung S24;Elektronik;13000000;3;COD;39000000;0;39000000;Bandung;Jawa Barat
6a118f6afad9326442664180;TRX-UAKO2NLF;31/01/2025;Budi Santoso;user2212@example.com;Non-Member;Kursi Gaming Premium;Furniture;2500000;1;COD;2500000;0;2500000;Medan;Sumatera Utara
6a118f6afad9326442664181;TRX-8LQ5CKE8;26/10/2025;Mega Pertiwi;user2213@example.com;Non-Member;Paket Ayam Bakar Madu;Kuliner;35000;4;E-Wallet (OVO/Dana);140000;0;140000;Bandung;Jawa Barat
6a118f6afad9326442664182;TRX-8AQUKI1Z;06/03/2026;Siti Aminah;user2214@example.com;Member;Kursi Gaming Premium;Furniture;2500000;2;Transfer Bank;5000000;0;5000000;Semarang;Jawa Tengah
6a118f6afad9326442664183;TRX-W93UBLUY;07/05/2026;Mega Pertiwi;user2215@example.com;Non-Member;Kemeja Flanel Oversize;Fashion;250000;2;E-Wallet (OVO/Dana);500000;0;500000;Semarang;Jawa Tengah
6a118f6afad9326442664184;TRX-JL5051G0;24/02/2026;Dewi Lestari;user2216@example.com;Member;Meja Kerja Minimalis;Furniture;1200000;3;E-Wallet (OVO/Dana);3600000;0;3600000;Sukabumi;Jawa Barat
6a118f6afad9326442664185;TRX-BP7B9UUM;20/02/2025;Andi Wijaya;user2217@example.com;Member;Meja Kerja Minimalis;Furniture;1200000;2;E-Wallet (OVO/Dana);2400000;0;2400000;Sukabumi;Jawa Barat
6a118f6afad9326442664186;TRX-MXP00YRT;12/09/2025;Rian Hidayat;user2218@example.com;Non-Member;Smartphone Samsung S24;Elektronik;13000000;3;Transfer Bank;39000000;0;39000000;Bandung;Jawa Barat
6a118f6afad9326442664187;TRX-B50KMPFR;13/03/2026;Fahmi Idris;user2219@example.com;Member;Laptop ASUS ROG;Elektronik;20000000;3;Kartu Kredit;60000000;0;60000000;Medan;Sumatera Utara
6a118f6afad9326442664188;TRX-4O9Y5IUQ;07/07/2025;Jono Adriansyah;user2220@example.com;Member;Laptop ASUS ROG;Elektronik;20000000;1;COD;20000000;0;20000000;Jakarta;DKI Jakarta
6a118f6afad9326442664189;TRX-YTEL3LAZ;13/02/2026;Jono Adriansyah;user2221@example.com;Member;Laptop ASUS ROG;Elektronik;20000000;1;Transfer Bank;20000000;0;20000000;Sukabumi;Jawa Barat
6a118f6afad932644266418a;TRX-3VYYCTBX;23/01/2025;Fahmi Idris;user2222@example.com;Member;Kemeja Flanel Oversize;Fashion;250000;4;Transfer Bank;1000000;0;1000000;Semarang;Jawa Tengah
6a118f6afad932644266418b;TRX-8U5KTFT6;02/05/2026;Jono Adriansyah;user2223@example.com;Non-Member;Meja Kerja Minimalis;Furniture;1200000;4;Transfer Bank;4800000;0;4800000;Jakarta;DKI Jakarta
6a118f6afad932644266418c;TRX-BAREMVSB;21/11/2025;Dewi Lestari;user2224@example.com;Member;Kopi Susu Gula Aren 1L;Kuliner;65000;4;COD;260000;0;260000;Sukabumi;Jawa Barat
6a118f6afad932644266418d;TRX-XB0YRG92;17/12/2025;Budi Santoso;user2225@example.com;Member;Sepatu Sneaker Lokal;Fashion;450000;2;Kartu Kredit;900000;0;900000;Medan;Sumatera Utara
6a118f6afad932644266418e;TRX-EC7Y45MU;03/10/2025;Andi Wijaya;user2226@example.com;Member;Smartphone Samsung S24;Elektronik;13000000;2;Kartu Kredit;26000000;0;26000000;Makassar;Sulawesi Selatan
6a118f6afad932644266418f;TRX-H5IFXK91;10/05/2025;Rian Hidayat;user2227@example.com;Member;Meja Kerja Minimalis;Furniture;1200000;2;Transfer Bank;2400000;0;2400000;Bandung;Jawa Barat
6a118f6afad9326442664190;TRX-OW4L1MYF;18/11/2025;Budi Santoso;user2228@example.com;Non-Member;Meja Kerja Minimalis;Furniture;1200000;3;Transfer Bank;3600000;0;3600000;Semarang;Jawa Tengah
6a118f6afad9326442664191;TRX-B6B1H9WZ;25/04/2026;Jono Adriansyah;user2229@example.com;Member;Meja Kerja Minimalis;Furniture;1200000;2;Kartu Kredit;2400000;0;2400000;Medan;Sumatera Utara
6a118f6afad9326442664192;TRX-PKH0KJ5Q;19/05/2025;Rian Hidayat;user2230@example.com;Non-Member;Kopi Susu Gula Aren 1L;Kuliner;65000;4;Kartu Kredit;260000;0;260000;Medan;Sumatera Utara
6a118f6afad9326442664193;TRX-YSWTBN55;09/01/2026;Fahmi Idris;user2231@example.com;Non-Member;Sepatu Sneaker Lokal;Fashion;450000;2;Kartu Kredit;900000;0;900000;Surabaya;Jawa Timur
6a118f6afad9326442664194;TRX-NBU3F8HN;31/03/2026;Fahmi Idris;user2232@example.com;Non-Member;Paket Ayam Bakar Madu;Kuliner;35000;4;COD;140000;0;140000;Makassar;Sulawesi Selatan
6a118f6afad9326442664195;TRX-84CGCSIS;17/11/2025;Andi Wijaya;user2233@example.com;Non-Member;Meja Kerja Minimalis;Furniture;1200000;4;Transfer Bank;4800000;0;4800000;Sukabumi;Jawa Barat
6a118f6afad9326442664196;TRX-X4XNHIS7;12/03/2025;Fahmi Idris;user2234@example.com;Member;Paket Ayam Bakar Madu;Kuliner;35000;3;Kartu Kredit;105000;0;105000;Medan;Sumatera Utara
6a118f6afad9326442664197;TRX-DOCD4TJV;09/06/2025;Fahmi Idris;user2235@example.com;Member;Kursi Gaming Premium;Furniture;2500000;2;COD;5000000;0;5000000;Bandung;Jawa Barat
6a118f6afad9326442664198;TRX-L6CBSML2;08/03/2026;Dewi Lestari;user2236@example.com;Non-Member;Meja Kerja Minimalis;Furniture;1200000;1;Kartu Kredit;1200000;0;1200000;Semarang;Jawa Tengah
6a118f6afad9326442664199;TRX-42EU2706;31/12/2025;Dewi Lestari;user2237@example.com;Non-Member;Sepatu Sneaker Lokal;Fashion;450000;2;Transfer Bank;900000;0;900000;Jakarta;DKI Jakarta
6a118f6afad932644266419a;TRX-GKJG8TI4;17/04/2026;Eko Prasetyo;user2238@example.com;Non-Member;Kopi Susu Gula Aren 1L;Kuliner;65000;4;Transfer Bank;260000;0;260000;Sukabumi;Jawa Barat
6a118f6afad932644266419b;TRX-9LHUP1OV;06/02/2025;Dewi Lestari;user2239@example.com;Member;Kopi Susu Gula Aren 1L;Kuliner;65000;3;Transfer Bank;195000;0;195000;Makassar;Sulawesi Selatan
6a118f6afad932644266419c;TRX-ZXDF62M0;18/05/2025;Fahmi Idris;user2240@example.com;Non-Member;Smartphone Samsung S24;Elektronik;13000000;3;Transfer Bank;39000000;0;39000000;Bandung;Jawa Barat
6a118f6afad932644266419d;TRX-UZNXHM9N;17/01/2025;Andi Wijaya;user2241@example.com;Member;Kopi Susu Gula Aren 1L;Kuliner;65000;3;E-Wallet (OVO/Dana);195000;0;195000;Semarang;Jawa Tengah
6a118f6afad932644266419e;TRX-L13P41FB;19/01/2026;Budi Santoso;user2242@example.com;Member;Kemeja Flanel Oversize;Fashion;250000;1;COD;250000;0;250000;Medan;Sumatera Utara
6a118f6afad932644266419f;TRX-GFE3UXA5;13/01/2026;Novianti;user2243@example.com;Member;Sepatu Sneaker Lokal;Fashion;450000;2;Transfer Bank;900000;0;900000;Semarang;Jawa Tengah
6a118f6afad93264426641a0;TRX-TRTPTWO3;10/01/2026;Siti Aminah;user2244@example.com;Member;Kopi Susu Gula Aren 1L;Kuliner;65000;1;Transfer Bank;65000;0;65000;Semarang;Jawa Tengah
6a118f6afad93264426641a1;TRX-RUWGXDCZ;01/01/2026;Rian Hidayat;user2245@example.com;Non-Member;Kemeja Flanel Oversize;Fashion;250000;2;Transfer Bank;500000;0;500000;Makassar;Sulawesi Selatan
6a118f6afad93264426641a2;TRX-LM66N3VN;06/06/2025;Budi Santoso;user2246@example.com;Member;Laptop ASUS ROG;Elektronik;20000000;3;E-Wallet (OVO/Dana);60000000;0;60000000;Sukabumi;Jawa Barat
6a118f6afad93264426641a3;TRX-IDZ5TVLJ;17/11/2025;Eko Prasetyo;user2247@example.com;Member;Smartphone Samsung S24;Elektronik;13000000;1;Transfer Bank;13000000;0;13000000;Surabaya;Jawa Timur
6a118f6afad93264426641a4;TRX-7FV8J6IZ;14/05/2025;Fahmi Idris;user2248@example.com;Member;Kemeja Flanel Oversize;Fashion;250000;1;Transfer Bank;250000;0;250000;Sukabumi;Jawa Barat
6a118f6afad93264426641a5;TRX-X95BIE6H;02/12/2025;Eko Prasetyo;user2249@example.com;Member;Smartphone Samsung S24;Elektronik;13000000;2;COD;26000000;0;26000000;Semarang;Jawa Tengah
6a118f6afad93264426641a6;TRX-VJ3TU60K;05/10/2025;Dewi Lestari;user2250@example.com;Member;Kopi Susu Gula Aren 1L;Kuliner;65000;2;Kartu Kredit;130000;0;130000;Bandung;Jawa Barat
6a118f6afad93264426641a7;TRX-MTR7MLEL;19/03/2025;Eko Prasetyo;user2251@example.com;Non-Member;Smartphone Samsung S24;Elektronik;13000000;3;Transfer Bank;39000000;0;39000000;Sukabumi;Jawa Barat
6a118f6afad93264426641a8;TRX-S47TB72A;26/08/2025;Novianti;user2252@example.com;Non-Member;Smartphone Samsung S24;Elektronik;13000000;2;Kartu Kredit;26000000;0;26000000;Makassar;Sulawesi Selatan
6a118f6afad93264426641a9;TRX-X2EEID9M;24/05/2025;Rian Hidayat;user2253@example.com;Non-Member;Paket Ayam Bakar Madu;Kuliner;35000;2;Transfer Bank;70000;0;70000;Bandung;Jawa Barat
6a118f6afad93264426641aa;TRX-9FZQ9KDF;05/01/2026;Jono Adriansyah;user2254@example.com;Non-Member;Paket Ayam Bakar Madu;Kuliner;35000;1;Transfer Bank;35000;0;35000;Bandung;Jawa Barat
6a118f6afad93264426641ab;TRX-MFRRA4EH;06/01/2025;Dewi Lestari;user2255@example.com;Non-Member;Meja Kerja Minimalis;Furniture;1200000;1;Kartu Kredit;1200000;0;1200000;Bandung;Jawa Barat
6a118f6afad93264426641ac;TRX-4KXV7LLJ;05/03/2026;Fahmi Idris;user2256@example.com;Member;Kemeja Flanel Oversize;Fashion;250000;1;Transfer Bank;250000;0;250000;Jakarta;DKI Jakarta
6a118f6afad93264426641ad;TRX-KA1I65K8;16/03/2025;Siti Aminah;user2257@example.com;Member;Kursi Gaming Premium;Furniture;2500000;1;Kartu Kredit;2500000;0;2500000;Semarang;Jawa Tengah
6a118f6afad93264426641ae;TRX-QJEDZKCX;12/07/2025;Jono Adriansyah;user2258@example.com;Non-Member;Meja Kerja Minimalis;Furniture;1200000;3;Kartu Kredit;3600000;0;3600000;Medan;Sumatera Utara
6a118f6afad93264426641af;TRX-XVAT7HYO;24/07/2025;Fahmi Idris;user2259@example.com;Non-Member;Smartphone Samsung S24;Elektronik;13000000;3;Kartu Kredit;39000000;0;39000000;Jakarta;DKI Jakarta
6a118f6afad93264426641b0;TRX-U8LDM9C7;02/03/2025;Dewi Lestari;user2260@example.com;Non-Member;Sepatu Sneaker Lokal;Fashion;450000;4;Kartu Kredit;1800000;0;1800000;Sukabumi;Jawa Barat
6a118f6afad93264426641b1;TRX-F64R297R;08/12/2025;Mega Pertiwi;user2261@example.com;Non-Member;Kopi Susu Gula Aren 1L;Kuliner;65000;2;Kartu Kredit;130000;0;130000;Sukabumi;Jawa Barat
6a118f6afad93264426641b2;TRX-PYGE0ER9;17/04/2025;Andi Wijaya;user2262@example.com;Non-Member;Laptop ASUS ROG;Elektronik;20000000;3;COD;60000000;0;60000000;Makassar;Sulawesi Selatan
6a118f6afad93264426641b3;TRX-HOVAG02I;25/01/2025;Rian Hidayat;user2263@example.com;Non-Member;Laptop ASUS ROG;Elektronik;20000000;3;COD;60000000;0;60000000;Sukabumi;Jawa Barat
6a118f6afad93264426641b4;TRX-L2V0YKTS;08/04/2025;Siti Aminah;user2264@example.com;Member;Laptop ASUS ROG;Elektronik;20000000;3;E-Wallet (OVO/Dana);60000000;0;60000000;Semarang;Jawa Tengah
6a118f6afad93264426641b5;TRX-83SMX48V;21/03/2025;Mega Pertiwi;user2265@example.com;Member;Sepatu Sneaker Lokal;Fashion;450000;1;Transfer Bank;450000;0;450000;Bandung;Jawa Barat
6a118f6afad93264426641b6;TRX-X59WOMH3;22/01/2026;Mega Pertiwi;user2266@example.com;Non-Member;Sepatu Sneaker Lokal;Fashion;450000;4;Kartu Kredit;1800000;0;1800000;Semarang;Jawa Tengah
6a118f6afad93264426641b7;TRX-SH97VC79;01/11/2025;Andi Wijaya;user2267@example.com;Non-Member;Meja Kerja Minimalis;Furniture;1200000;4;COD;4800000;0;4800000;Bandung;Jawa Barat
6a118f6afad93264426641b8;TRX-5FP24BZ1;05/05/2025;Andi Wijaya;user2268@example.com;Non-Member;Meja Kerja Minimalis;Furniture;1200000;1;Transfer Bank;1200000;0;1200000;Makassar;Sulawesi Selatan
6a118f6afad93264426641b9;TRX-LEEQKCDZ;04/04/2026;Andi Wijaya;user2269@example.com;Non-Member;Smartphone Samsung S24;Elektronik;13000000;2;COD;26000000;0;26000000;Jakarta;DKI Jakarta
6a118f6afad93264426641ba;TRX-IZHWTBKT;27/11/2025;Mega Pertiwi;user2270@example.com;Member;Sepatu Sneaker Lokal;Fashion;450000;1;Transfer Bank;450000;0;450000;Sukabumi;Jawa Barat
6a118f6afad93264426641bb;TRX-NOECJ0RV;11/01/2026;Fahmi Idris;user2271@example.com;Non-Member;Meja Kerja Minimalis;Furniture;1200000;4;E-Wallet (OVO/Dana);4800000;0;4800000;Sukabumi;Jawa Barat
6a118f6afad93264426641bc;TRX-3H2DXCCJ;19/03/2025;Siti Aminah;user2272@example.com;Non-Member;Smartphone Samsung S24;Elektronik;13000000;1;Transfer Bank;13000000;0;13000000;Makassar;Sulawesi Selatan
6a118f6afad93264426641bd;TRX-2CXWDVKL;23/05/2026;Novianti;user2273@example.com;Member;Kemeja Flanel Oversize;Fashion;250000;1;COD;250000;0;250000;Makassar;Sulawesi Selatan
6a118f6afad93264426641be;TRX-46FJB3CD;02/01/2026;Andi Wijaya;user2274@example.com;Member;Meja Kerja Minimalis;Furniture;1200000;3;Kartu Kredit;3600000;0;3600000;Makassar;Sulawesi Selatan
6a118f6afad93264426641bf;TRX-CG3O2V7Y;16/08/2025;Jono Adriansyah;user2275@example.com;Member;Smartphone Samsung S24;Elektronik;13000000;1;Kartu Kredit;13000000;0;13000000;Surabaya;Jawa Timur
6a118f6afad93264426641c0;TRX-NRPNP4EE;13/09/2025;Dewi Lestari;user2276@example.com;Member;Kursi Gaming Premium;Furniture;2500000;2;Kartu Kredit;5000000;0;5000000;Makassar;Sulawesi Selatan
6a118f6afad93264426641c1;TRX-A3YY9TUK;11/01/2025;Jono Adriansyah;user2277@example.com;Member;Laptop ASUS ROG;Elektronik;20000000;4;Transfer Bank;80000000;0;80000000;Semarang;Jawa Tengah
6a118f6afad93264426641c2;TRX-GKGISUDG;27/03/2025;Fahmi Idris;user2278@example.com;Member;Kemeja Flanel Oversize;Fashion;250000;1;Kartu Kredit;250000;0;250000;Sukabumi;Jawa Barat
6a118f6afad93264426641c3;TRX-FYYEU09G;18/11/2025;Eko Prasetyo;user2279@example.com;Member;Smartphone Samsung S24;Elektronik;13000000;2;COD;26000000;0;26000000;Semarang;Jawa Tengah
6a118f6afad93264426641c4;TRX-A2HJOM93;12/01/2025;Andi Wijaya;user2280@example.com;Member;Kopi Susu Gula Aren 1L;Kuliner;65000;3;Transfer Bank;195000;0;195000;Makassar;Sulawesi Selatan
6a118f6afad93264426641c5;TRX-D745P6AS;21/08/2025;Siti Aminah;user2281@example.com;Member;Smartphone Samsung S24;Elektronik;13000000;1;Transfer Bank;13000000;0;13000000;Medan;Sumatera Utara
6a118f6afad93264426641c6;TRX-UWE4QUO0;27/07/2025;Rian Hidayat;user2282@example.com;Non-Member;Kursi Gaming Premium;Furniture;2500000;1;E-Wallet (OVO/Dana);2500000;0;2500000;Surabaya;Jawa Timur
6a118f6afad93264426641c7;TRX-KZ9V9S6G;15/04/2025;Fahmi Idris;user2283@example.com;Non-Member;Kemeja Flanel Oversize;Fashion;250000;2;Transfer Bank;500000;0;500000;Bandung;Jawa Barat
6a118f6afad93264426641c8;TRX-IKXM4FMA;15/03/2026;Eko Prasetyo;user2284@example.com;Member;Kemeja Flanel Oversize;Fashion;250000;2;COD;500000;0;500000;Surabaya;Jawa Timur
6a118f6afad93264426641c9;TRX-UJBZ45MK;05/01/2026;Siti Aminah;user2285@example.com;Member;Kemeja Flanel Oversize;Fashion;250000;3;COD;750000;0;750000;Sukabumi;Jawa Barat
6a118f6afad93264426641ca;TRX-4QMIIJ3H;26/05/2025;Fahmi Idris;user2286@example.com;Non-Member;Kopi Susu Gula Aren 1L;Kuliner;65000;4;E-Wallet (OVO/Dana);260000;0;260000;Surabaya;Jawa Timur
6a118f6afad93264426641cb;TRX-JARCRQQN;10/12/2025;Rian Hidayat;user2287@example.com;Non-Member;Laptop ASUS ROG;Elektronik;20000000;2;E-Wallet (OVO/Dana);40000000;0;40000000;Bandung;Jawa Barat
6a118f6afad93264426641cc;TRX-R3G3TLDH;01/02/2025;Budi Santoso;user2288@example.com;Non-Member;Kursi Gaming Premium;Furniture;2500000;2;E-Wallet (OVO/Dana);5000000;0;5000000;Makassar;Sulawesi Selatan
6a118f6afad93264426641cd;TRX-HTVS8KD5;24/04/2025;Eko Prasetyo;user2289@example.com;Member;Kopi Susu Gula Aren 1L;Kuliner;65000;4;COD;260000;0;260000;Makassar;Sulawesi Selatan
6a118f6afad93264426641ce;TRX-UR86HPBT;17/05/2025;Rian Hidayat;user2290@example.com;Member;Laptop ASUS ROG;Elektronik;20000000;3;Kartu Kredit;60000000;0;60000000;Sukabumi;Jawa Barat
6a118f6afad93264426641cf;TRX-J73JIJNI;10/04/2025;Jono Adriansyah;user2291@example.com;Member;Sepatu Sneaker Lokal;Fashion;450000;1;Transfer Bank;450000;0;450000;Semarang;Jawa Tengah
6a118f6afad93264426641d0;TRX-U71ZO6XQ;17/03/2025;Dewi Lestari;user2292@example.com;Member;Laptop ASUS ROG;Elektronik;20000000;3;COD;60000000;0;60000000;Bandung;Jawa Barat
6a118f6afad93264426641d1;TRX-VZNMVN0C;18/01/2025;Siti Aminah;user2293@example.com;Non-Member;Meja Kerja Minimalis;Furniture;1200000;2;Kartu Kredit;2400000;0;2400000;Surabaya;Jawa Timur
6a118f6afad93264426641d2;TRX-VZQBD7IV;08/03/2026;Fahmi Idris;user2294@example.com;Non-Member;Laptop ASUS ROG;Elektronik;20000000;1;Transfer Bank;20000000;0;20000000;Bandung;Jawa Barat
6a118f6afad93264426641d3;TRX-TP257BXR;01/06/2025;Eko Prasetyo;user2295@example.com;Member;Kopi Susu Gula Aren 1L;Kuliner;65000;2;Kartu Kredit;130000;0;130000;Semarang;Jawa Tengah
6a118f6afad93264426641d4;TRX-OIDCHA9S;21/01/2025;Budi Santoso;user2296@example.com;Member;Meja Kerja Minimalis;Furniture;1200000;3;E-Wallet (OVO/Dana);3600000;0;3600000;Surabaya;Jawa Timur
6a118f6afad93264426641d5;TRX-MPYZ3GP9;24/04/2025;Siti Aminah;user2297@example.com;Non-Member;Kopi Susu Gula Aren 1L;Kuliner;65000;2;COD;130000;0;130000;Medan;Sumatera Utara
6a118f6afad93264426641d6;TRX-1UQ09355;24/06/2025;Budi Santoso;user2298@example.com;Member;Meja Kerja Minimalis;Furniture;1200000;1;Kartu Kredit;1200000;0;1200000;Makassar;Sulawesi Selatan
6a118f6afad93264426641d7;TRX-RAU7E7P4;18/04/2026;Fahmi Idris;user2299@example.com;Member;Meja Kerja Minimalis;Furniture;1200000;3;Kartu Kredit;3600000;0;3600000;Jakarta;DKI Jakarta
6a118f6afad93264426641d8;TRX-4ZHV740Y;24/05/2026;Fahmi Idris;user2300@example.com;Member;Paket Ayam Bakar Madu;Kuliner;35000;1;COD;35000;0;35000;Jakarta;DKI Jakarta
6a118f6afad93264426641d9;TRX-JT9YJCKK;13/03/2026;Novianti;user2301@example.com;Member;Kemeja Flanel Oversize;Fashion;250000;3;COD;750000;0;750000;Jakarta;DKI Jakarta
6a118f6afad93264426641da;TRX-MHU6E8K0;03/03/2026;Eko Prasetyo;user2302@example.com;Non-Member;Meja Kerja Minimalis;Furniture;1200000;2;COD;2400000;0;2400000;Medan;Sumatera Utara
6a118f6afad93264426641db;TRX-PZMXZBMT;18/09/2025;Novianti;user2303@example.com;Member;Smartphone Samsung S24;Elektronik;13000000;4;Kartu Kredit;52000000;0;52000000;Bandung;Jawa Barat
6a118f6afad93264426641dc;TRX-T62REZWP;21/06/2025;Andi Wijaya;user2304@example.com;Member;Kursi Gaming Premium;Furniture;2500000;3;E-Wallet (OVO/Dana);7500000;0;7500000;Bandung;Jawa Barat
6a118f6afad93264426641dd;TRX-1Y0J8OBN;02/02/2026;Andi Wijaya;user2305@example.com;Non-Member;Paket Ayam Bakar Madu;Kuliner;35000;2;COD;70000;0;70000;Semarang;Jawa Tengah
6a118f6afad93264426641de;TRX-E3C6TGMP;27/04/2026;Mega Pertiwi;user2306@example.com;Non-Member;Laptop ASUS ROG;Elektronik;20000000;3;Transfer Bank;60000000;0;60000000;Surabaya;Jawa Timur
6a118f6afad93264426641df;TRX-AHTPGLBD;18/01/2025;Rian Hidayat;user2307@example.com;Non-Member;Kemeja Flanel Oversize;Fashion;250000;3;Kartu Kredit;750000;0;750000;Medan;Sumatera Utara
6a118f6afad93264426641e0;TRX-NQUBK4DD;03/09/2025;Budi Santoso;user2308@example.com;Member;Kemeja Flanel Oversize;Fashion;250000;1;COD;250000;0;250000;Medan;Sumatera Utara
6a118f6afad93264426641e1;TRX-EBHA9QV1;06/09/2025;Eko Prasetyo;user2309@example.com;Member;Sepatu Sneaker Lokal;Fashion;450000;4;COD;1800000;0;1800000;Bandung;Jawa Barat
6a118f6afad93264426641e2;TRX-ZXE5FSI3;18/03/2026;Rian Hidayat;user2310@example.com;Non-Member;Kopi Susu Gula Aren 1L;Kuliner;65000;2;COD;130000;0;130000;Bandung;Jawa Barat
6a118f6afad93264426641e3;TRX-G6Y6WFFM;31/07/2025;Rian Hidayat;user2311@example.com;Member;Laptop ASUS ROG;Elektronik;20000000;3;Kartu Kredit;60000000;0;60000000;Sukabumi;Jawa Barat
6a118f6afad93264426641e4;TRX-HLELUQ91;25/06/2025;Siti Aminah;user2312@example.com;Member;Laptop ASUS ROG;Elektronik;20000000;3;Transfer Bank;60000000;0;60000000;Bandung;Jawa Barat
6a118f6afad93264426641e5;TRX-H6WLECA1;07/04/2026;Fahmi Idris;user2313@example.com;Non-Member;Kemeja Flanel Oversize;Fashion;250000;4;E-Wallet (OVO/Dana);1000000;0;1000000;Sukabumi;Jawa Barat
6a118f6afad93264426641e6;TRX-OCDVPXJK;26/03/2025;Eko Prasetyo;user2314@example.com;Member;Laptop ASUS ROG;Elektronik;20000000;4;Kartu Kredit;80000000;0;80000000;Bandung;Jawa Barat
6a118f6afad93264426641e7;TRX-D5LL0EZ3;05/04/2026;Andi Wijaya;user2315@example.com;Member;Sepatu Sneaker Lokal;Fashion;450000;4;COD;1800000;0;1800000;Sukabumi;Jawa Barat
6a118f6afad93264426641e8;TRX-TDRGTF4F;19/01/2026;Eko Prasetyo;user2316@example.com;Member;Kopi Susu Gula Aren 1L;Kuliner;65000;2;E-Wallet (OVO/Dana);130000;0;130000;Surabaya;Jawa Timur
6a118f6afad93264426641e9;TRX-9OQR4S7F;23/04/2025;Andi Wijaya;user2317@example.com;Member;Kopi Susu Gula Aren 1L;Kuliner;65000;4;E-Wallet (OVO/Dana);260000;0;260000;Medan;Sumatera Utara
6a118f6afad93264426641ea;TRX-77AATM06;14/08/2025;Rian Hidayat;user2318@example.com;Member;Kemeja Flanel Oversize;Fashion;250000;2;E-Wallet (OVO/Dana);500000;0;500000;Sukabumi;Jawa Barat
6a118f6afad93264426641eb;TRX-EMEZVAQO;09/10/2025;Andi Wijaya;user2319@example.com;Member;Meja Kerja Minimalis;Furniture;1200000;4;E-Wallet (OVO/Dana);4800000;0;4800000;Bandung;Jawa Barat
6a118f6afad93264426641ec;TRX-FBJBNB2K;18/07/2025;Siti Aminah;user2320@example.com;Member;Kemeja Flanel Oversize;Fashion;250000;1;Transfer Bank;250000;0;250000;Bandung;Jawa Barat
6a118f6afad93264426641ed;TRX-VOX7ZRRL;22/03/2026;Eko Prasetyo;user2321@example.com;Member;Laptop ASUS ROG;Elektronik;20000000;3;Kartu Kredit;60000000;0;60000000;Sukabumi;Jawa Barat
6a118f6afad93264426641ee;TRX-IRZUS7QO;15/02/2026;Eko Prasetyo;user2322@example.com;Member;Laptop ASUS ROG;Elektronik;20000000;1;Kartu Kredit;20000000;0;20000000;Bandung;Jawa Barat
6a118f6afad93264426641ef;TRX-QRP9O1WM;08/01/2025;Jono Adriansyah;user2323@example.com;Non-Member;Meja Kerja Minimalis;Furniture;1200000;2;COD;2400000;0;2400000;Semarang;Jawa Tengah
6a118f6afad93264426641f0;TRX-H1HSL3SC;27/08/2025;Mega Pertiwi;user2324@example.com;Non-Member;Meja Kerja Minimalis;Furniture;1200000;4;Kartu Kredit;4800000;0;4800000;Bandung;Jawa Barat
6a118f6afad93264426641f1;TRX-DRWTNHDT;15/03/2025;Novianti;user2325@example.com;Non-Member;Laptop ASUS ROG;Elektronik;20000000;4;COD;80000000;0;80000000;Jakarta;DKI Jakarta
6a118f6afad93264426641f2;TRX-799TNH25;19/03/2025;Budi Santoso;user2326@example.com;Member;Kemeja Flanel Oversize;Fashion;250000;1;Kartu Kredit;250000;0;250000;Semarang;Jawa Tengah
6a118f6afad93264426641f3;TRX-512CVYVD;25/11/2025;Jono Adriansyah;user2327@example.com;Member;Kopi Susu Gula Aren 1L;Kuliner;65000;3;Kartu Kredit;195000;0;195000;Surabaya;Jawa Timur
6a118f6afad93264426641f4;TRX-7CIOBXKV;04/03/2026;Novianti;user2328@example.com;Member;Kopi Susu Gula Aren 1L;Kuliner;65000;4;Transfer Bank;260000;0;260000;Semarang;Jawa Tengah
6a118f6afad93264426641f5;TRX-V0SOXKNH;26/05/2025;Novianti;user2329@example.com;Member;Paket Ayam Bakar Madu;Kuliner;35000;2;Kartu Kredit;70000;0;70000;Jakarta;DKI Jakarta
6a118f6afad93264426641f6;TRX-GF7U5RR9;05/08/2025;Andi Wijaya;user2330@example.com;Member;Paket Ayam Bakar Madu;Kuliner;35000;1;Transfer Bank;35000;0;35000;Makassar;Sulawesi Selatan
6a118f6afad93264426641f7;TRX-U1K1NXFN;31/03/2025;Budi Santoso;user2331@example.com;Member;Smartphone Samsung S24;Elektronik;13000000;2;Kartu Kredit;26000000;0;26000000;Sukabumi;Jawa Barat
6a118f6afad93264426641f8;TRX-N8FFEELB;21/09/2025;Mega Pertiwi;user2332@example.com;Member;Paket Ayam Bakar Madu;Kuliner;35000;1;Transfer Bank;35000;0;35000;Medan;Sumatera Utara
6a118f6afad93264426641f9;TRX-PC8H8U22;10/05/2026;Andi Wijaya;user2333@example.com;Non-Member;Meja Kerja Minimalis;Furniture;1200000;4;Transfer Bank;4800000;0;4800000;Makassar;Sulawesi Selatan
6a118f6afad93264426641fa;TRX-XCH02M5Y;13/01/2026;Jono Adriansyah;user2334@example.com;Member;Kursi Gaming Premium;Furniture;2500000;4;COD;10000000;0;10000000;Sukabumi;Jawa Barat
6a118f6afad93264426641fb;TRX-4UY57J1N;11/02/2025;Novianti;user2335@example.com;Member;Kemeja Flanel Oversize;Fashion;250000;1;E-Wallet (OVO/Dana);250000;0;250000;Makassar;Sulawesi Selatan
6a118f6afad93264426641fc;TRX-ZWVY045C;24/05/2026;Fahmi Idris;user2336@example.com;Non-Member;Kursi Gaming Premium;Furniture;2500000;2;Kartu Kredit;5000000;0;5000000;Makassar;Sulawesi Selatan
6a118f6afad93264426641fd;TRX-0C6HK1R7;09/03/2026;Fahmi Idris;user2337@example.com;Member;Sepatu Sneaker Lokal;Fashion;450000;4;Transfer Bank;1800000;0;1800000;Sukabumi;Jawa Barat
6a118f6afad93264426641fe;TRX-B843CH1G;13/01/2025;Eko Prasetyo;user2338@example.com;Non-Member;Paket Ayam Bakar Madu;Kuliner;35000;2;Transfer Bank;70000;0;70000;Sukabumi;Jawa Barat
6a118f6afad93264426641ff;TRX-S4QSFEBS;22/05/2025;Andi Wijaya;user2339@example.com;Member;Sepatu Sneaker Lokal;Fashion;450000;1;Transfer Bank;450000;0;450000;Medan;Sumatera Utara
6a118f6afad9326442664200;TRX-9TEDHH0F;22/01/2025;Eko Prasetyo;user2340@example.com;Member;Smartphone Samsung S24;Elektronik;13000000;2;Kartu Kredit;26000000;0;26000000;Medan;Sumatera Utara
6a118f6afad9326442664201;TRX-U98ONMLU;26/04/2025;Andi Wijaya;user2341@example.com;Member;Smartphone Samsung S24;Elektronik;13000000;1;Transfer Bank;13000000;0;13000000;Semarang;Jawa Tengah
6a118f6afad9326442664202;TRX-LMSZ9EKP;09/07/2025;Fahmi Idris;user2342@example.com;Non-Member;Paket Ayam Bakar Madu;Kuliner;35000;2;Transfer Bank;70000;0;70000;Bandung;Jawa Barat
6a118f6afad9326442664203;TRX-N7X8ARMU;27/05/2025;Siti Aminah;user2343@example.com;Non-Member;Laptop ASUS ROG;Elektronik;20000000;4;Transfer Bank;80000000;0;80000000;Medan;Sumatera Utara
6a118f6afad9326442664204;TRX-CW45SK89;24/03/2026;Budi Santoso;user2344@example.com;Non-Member;Kopi Susu Gula Aren 1L;Kuliner;65000;2;COD;130000;0;130000;Semarang;Jawa Tengah
6a118f6afad9326442664205;TRX-BDS0XELE;17/04/2025;Fahmi Idris;user2345@example.com;Non-Member;Kemeja Flanel Oversize;Fashion;250000;4;COD;1000000;0;1000000;Sukabumi;Jawa Barat
6a118f6afad9326442664206;TRX-7YXXO7QZ;16/08/2025;Fahmi Idris;user2346@example.com;Non-Member;Paket Ayam Bakar Madu;Kuliner;35000;1;Transfer Bank;35000;0;35000;Medan;Sumatera Utara
6a118f6afad9326442664207;TRX-PFPVZGLS;25/01/2026;Jono Adriansyah;user2347@example.com;Member;Sepatu Sneaker Lokal;Fashion;450000;2;E-Wallet (OVO/Dana);900000;0;900000;Surabaya;Jawa Timur
6a118f6afad9326442664208;TRX-C855QEBD;10/05/2026;Andi Wijaya;user2348@example.com;Non-Member;Kopi Susu Gula Aren 1L;Kuliner;65000;4;E-Wallet (OVO/Dana);260000;0;260000;Surabaya;Jawa Timur
6a118f6afad9326442664209;TRX-ZKSU1FZM;31/08/2025;Budi Santoso;user2349@example.com;Non-Member;Paket Ayam Bakar Madu;Kuliner;35000;2;COD;70000;0;70000;Sukabumi;Jawa Barat
6a118f6afad932644266420a;TRX-8T8AG740;01/07/2025;Andi Wijaya;user2350@example.com;Non-Member;Kopi Susu Gula Aren 1L;Kuliner;65000;3;E-Wallet (OVO/Dana);195000;0;195000;Sukabumi;Jawa Barat
6a118f6afad932644266420b;TRX-9RVK5QL4;04/06/2025;Siti Aminah;user2351@example.com;Non-Member;Smartphone Samsung S24;Elektronik;13000000;3;COD;39000000;0;39000000;Sukabumi;Jawa Barat
6a118f6afad932644266420c;TRX-RMCAAPEH;17/05/2025;Rian Hidayat;user2352@example.com;Member;Kemeja Flanel Oversize;Fashion;250000;3;Transfer Bank;750000;0;750000;Semarang;Jawa Tengah
6a118f6afad932644266420d;TRX-461VR6VI;27/05/2026;Siti Aminah;user2353@example.com;Non-Member;Meja Kerja Minimalis;Furniture;1200000;1;E-Wallet (OVO/Dana);1200000;0;1200000;Semarang;Jawa Tengah
6a118f6afad932644266420e;TRX-ESV9MLVE;10/04/2026;Jono Adriansyah;user2354@example.com;Member;Laptop ASUS ROG;Elektronik;20000000;2;E-Wallet (OVO/Dana);40000000;0;40000000;Surabaya;Jawa Timur
6a118f6afad932644266420f;TRX-U35EU6QW;10/05/2025;Siti Aminah;user2355@example.com;Non-Member;Sepatu Sneaker Lokal;Fashion;450000;2;Kartu Kredit;900000;0;900000;Jakarta;DKI Jakarta
6a118f6afad9326442664210;TRX-DJ45HAHA;07/02/2025;Mega Pertiwi;user2356@example.com;Non-Member;Kopi Susu Gula Aren 1L;Kuliner;65000;3;E-Wallet (OVO/Dana);195000;0;195000;Jakarta;DKI Jakarta
6a118f6afad9326442664211;TRX-HG62V7DT;18/08/2025;Budi Santoso;user2357@example.com;Non-Member;Kopi Susu Gula Aren 1L;Kuliner;65000;2;Kartu Kredit;130000;0;130000;Bandung;Jawa Barat
6a118f6afad9326442664212;TRX-74ZMH6R3;26/05/2026;Jono Adriansyah;user2358@example.com;Member;Kemeja Flanel Oversize;Fashion;250000;4;COD;1000000;0;1000000;Bandung;Jawa Barat
6a118f6afad9326442664213;TRX-QFDCMH2S;12/03/2025;Eko Prasetyo;user2359@example.com;Non-Member;Smartphone Samsung S24;Elektronik;13000000;3;Kartu Kredit;39000000;0;39000000;Semarang;Jawa Tengah
6a118f6afad9326442664214;TRX-PNFBLRAD;01/04/2026;Siti Aminah;user2360@example.com;Non-Member;Kopi Susu Gula Aren 1L;Kuliner;65000;2;COD;130000;0;130000;Sukabumi;Jawa Barat
6a118f6afad9326442664215;TRX-JNSDO7NC;10/05/2025;Siti Aminah;user2361@example.com;Non-Member;Kemeja Flanel Oversize;Fashion;250000;1;COD;250000;0;250000;Makassar;Sulawesi Selatan
6a118f6afad9326442664216;TRX-N9Y7YY0C;16/09/2025;Siti Aminah;user2362@example.com;Member;Laptop ASUS ROG;Elektronik;20000000;1;Kartu Kredit;20000000;0;20000000;Medan;Sumatera Utara
6a118f6afad9326442664217;TRX-S895J38S;17/02/2026;Budi Santoso;user2363@example.com;Member;Kursi Gaming Premium;Furniture;2500000;3;Kartu Kredit;7500000;0;7500000;Jakarta;DKI Jakarta
6a118f6afad9326442664218;TRX-98K1XXCD;05/05/2025;Budi Santoso;user2364@example.com;Member;Laptop ASUS ROG;Elektronik;20000000;2;Kartu Kredit;40000000;0;40000000;Surabaya;Jawa Timur
6a118f6afad9326442664219;TRX-U55NJRLP;27/08/2025;Jono Adriansyah;user2365@example.com;Member;Smartphone Samsung S24;Elektronik;13000000;1;COD;13000000;0;13000000;Makassar;Sulawesi Selatan
6a118f6afad932644266421a;TRX-ADU4WM8D;23/11/2025;Eko Prasetyo;user2366@example.com;Member;Kemeja Flanel Oversize;Fashion;250000;4;E-Wallet (OVO/Dana);1000000;0;1000000;Medan;Sumatera Utara
6a118f6afad932644266421b;TRX-9CGGLSQ9;11/11/2025;Fahmi Idris;user2367@example.com;Non-Member;Kopi Susu Gula Aren 1L;Kuliner;65000;3;Transfer Bank;195000;0;195000;Bandung;Jawa Barat
6a118f6afad932644266421c;TRX-MC9LUHX8;05/07/2025;Fahmi Idris;user2368@example.com;Non-Member;Smartphone Samsung S24;Elektronik;13000000;4;E-Wallet (OVO/Dana);52000000;0;52000000;Semarang;Jawa Tengah
6a118f6afad932644266421d;TRX-76Q2IWOD;14/01/2025;Fahmi Idris;user2369@example.com;Non-Member;Sepatu Sneaker Lokal;Fashion;450000;3;COD;1350000;0;1350000;Jakarta;DKI Jakarta
6a118f6afad932644266421e;TRX-BTGVXUD3;25/04/2026;Novianti;user2370@example.com;Member;Meja Kerja Minimalis;Furniture;1200000;3;COD;3600000;0;3600000;Makassar;Sulawesi Selatan
6a118f6afad932644266421f;TRX-E1PPK2YI;15/02/2026;Jono Adriansyah;user2371@example.com;Member;Sepatu Sneaker Lokal;Fashion;450000;3;E-Wallet (OVO/Dana);1350000;0;1350000;Jakarta;DKI Jakarta
6a118f6afad9326442664220;TRX-SE5LHCJ3;24/05/2026;Novianti;user2372@example.com;Member;Laptop ASUS ROG;Elektronik;20000000;4;Transfer Bank;80000000;0;80000000;Sukabumi;Jawa Barat
6a118f6afad9326442664221;TRX-1MR1N3ZS;12/08/2025;Siti Aminah;user2373@example.com;Non-Member;Smartphone Samsung S24;Elektronik;13000000;2;COD;26000000;0;26000000;Bandung;Jawa Barat
6a118f6afad9326442664222;TRX-24RYAUBT;03/02/2026;Andi Wijaya;user2374@example.com;Non-Member;Smartphone Samsung S24;Elektronik;13000000;3;COD;39000000;0;39000000;Makassar;Sulawesi Selatan
6a118f6afad9326442664223;TRX-BS7TMFJ6;12/07/2025;Novianti;user2375@example.com;Member;Smartphone Samsung S24;Elektronik;13000000;3;Kartu Kredit;39000000;0;39000000;Bandung;Jawa Barat
6a118f6afad9326442664224;TRX-GOSHOO2Y;13/06/2025;Mega Pertiwi;user2376@example.com;Member;Paket Ayam Bakar Madu;Kuliner;35000;3;E-Wallet (OVO/Dana);105000;0;105000;Surabaya;Jawa Timur
6a118f6afad9326442664225;TRX-B84DKFXH;31/12/2025;Eko Prasetyo;user2377@example.com;Member;Kemeja Flanel Oversize;Fashion;250000;1;Transfer Bank;250000;0;250000;Jakarta;DKI Jakarta
6a118f6afad9326442664226;TRX-OY7E3UR5;23/09/2025;Andi Wijaya;user2378@example.com;Non-Member;Laptop ASUS ROG;Elektronik;20000000;2;COD;40000000;0;40000000;Surabaya;Jawa Timur
6a118f6afad9326442664227;TRX-QZL3B4ET;12/04/2025;Fahmi Idris;user2379@example.com;Member;Paket Ayam Bakar Madu;Kuliner;35000;1;E-Wallet (OVO/Dana);35000;0;35000;Semarang;Jawa Tengah
6a118f6afad9326442664228;TRX-DO4S8E9F;26/05/2026;Fahmi Idris;user2380@example.com;Non-Member;Sepatu Sneaker Lokal;Fashion;450000;2;Transfer Bank;900000;0;900000;Surabaya;Jawa Timur
6a118f6afad9326442664229;TRX-144897BM;15/08/2025;Rian Hidayat;user2381@example.com;Non-Member;Paket Ayam Bakar Madu;Kuliner;35000;3;E-Wallet (OVO/Dana);105000;0;105000;Sukabumi;Jawa Barat
6a118f6afad932644266422a;TRX-BLX6BS3R;18/04/2026;Jono Adriansyah;user2382@example.com;Member;Sepatu Sneaker Lokal;Fashion;450000;1;Transfer Bank;450000;0;450000;Bandung;Jawa Barat
6a118f6afad932644266422b;TRX-FXK6YTP6;11/05/2026;Budi Santoso;user2383@example.com;Non-Member;Kopi Susu Gula Aren 1L;Kuliner;65000;4;COD;260000;0;260000;Bandung;Jawa Barat
6a118f6afad932644266422c;TRX-QN1VG5JM;22/07/2025;Fahmi Idris;user2384@example.com;Non-Member;Kursi Gaming Premium;Furniture;2500000;1;Kartu Kredit;2500000;0;2500000;Sukabumi;Jawa Barat
6a118f6afad932644266422d;TRX-NTD1SMGP;24/08/2025;Novianti;user2385@example.com;Non-Member;Laptop ASUS ROG;Elektronik;20000000;3;Kartu Kredit;60000000;0;60000000;Makassar;Sulawesi Selatan
6a118f6afad932644266422e;TRX-JUVJ2DWD;02/01/2025;Dewi Lestari;user2386@example.com;Member;Smartphone Samsung S24;Elektronik;13000000;3;Kartu Kredit;39000000;0;39000000;Surabaya;Jawa Timur
6a118f6afad932644266422f;TRX-YQNECX2S;09/08/2025;Jono Adriansyah;user2387@example.com;Member;Kemeja Flanel Oversize;Fashion;250000;3;Kartu Kredit;750000;0;750000;Jakarta;DKI Jakarta
6a118f6afad9326442664230;TRX-E686KIU3;08/11/2025;Budi Santoso;user2388@example.com;Member;Kemeja Flanel Oversize;Fashion;250000;2;E-Wallet (OVO/Dana);500000;0;500000;Surabaya;Jawa Timur
6a118f6afad9326442664231;TRX-5OU1UMHZ;01/02/2025;Rian Hidayat;user2389@example.com;Member;Paket Ayam Bakar Madu;Kuliner;35000;4;Transfer Bank;140000;0;140000;Jakarta;DKI Jakarta
6a118f6afad9326442664232;TRX-I09OT3B7;30/06/2025;Siti Aminah;user2390@example.com;Member;Smartphone Samsung S24;Elektronik;13000000;1;Kartu Kredit;13000000;0;13000000;Semarang;Jawa Tengah
6a118f6afad9326442664233;TRX-JSCA02RJ;01/04/2025;Budi Santoso;user2391@example.com;Member;Meja Kerja Minimalis;Furniture;1200000;1;E-Wallet (OVO/Dana);1200000;0;1200000;Jakarta;DKI Jakarta
6a118f6afad9326442664234;TRX-B30B76CS;10/11/2025;Jono Adriansyah;user2392@example.com;Non-Member;Smartphone Samsung S24;Elektronik;13000000;2;Kartu Kredit;26000000;0;26000000;Bandung;Jawa Barat
6a118f6afad9326442664235;TRX-EWZO32L9;12/03/2025;Dewi Lestari;user2393@example.com;Member;Paket Ayam Bakar Madu;Kuliner;35000;3;Transfer Bank;105000;0;105000;Medan;Sumatera Utara
6a118f6afad9326442664236;TRX-36YEN7H4;16/03/2026;Dewi Lestari;user2394@example.com;Member;Sepatu Sneaker Lokal;Fashion;450000;3;E-Wallet (OVO/Dana);1350000;0;1350000;Makassar;Sulawesi Selatan
6a118f6afad9326442664237;TRX-7RM8GT1Y;20/03/2025;Budi Santoso;user2395@example.com;Non-Member;Laptop ASUS ROG;Elektronik;20000000;4;Transfer Bank;80000000;0;80000000;Sukabumi;Jawa Barat
6a118f6afad9326442664238;TRX-JVDDQ7X1;16/02/2025;Andi Wijaya;user2396@example.com;Member;Kopi Susu Gula Aren 1L;Kuliner;65000;3;Transfer Bank;195000;0;195000;Sukabumi;Jawa Barat
6a118f6afad9326442664239;TRX-3H3KHP5Q;17/08/2025;Eko Prasetyo;user2397@example.com;Non-Member;Smartphone Samsung S24;Elektronik;13000000;4;Transfer Bank;52000000;0;52000000;Jakarta;DKI Jakarta
6a118f6afad932644266423a;TRX-HP7JN6YE;17/05/2026;Dewi Lestari;user2398@example.com;Member;Kopi Susu Gula Aren 1L;Kuliner;65000;1;E-Wallet (OVO/Dana);65000;0;65000;Semarang;Jawa Tengah
6a118f6afad932644266423b;TRX-K6VSPWBR;14/02/2025;Budi Santoso;user2399@example.com;Member;Kursi Gaming Premium;Furniture;2500000;4;E-Wallet (OVO/Dana);10000000;0;10000000;Makassar;Sulawesi Selatan
6a118f6afad932644266423c;TRX-DQII2X3C;22/07/2025;Siti Aminah;user2400@example.com;Non-Member;Paket Ayam Bakar Madu;Kuliner;35000;2;Kartu Kredit;70000;0;70000;Medan;Sumatera Utara
6a118f6afad932644266423d;TRX-TSRYHJ30;10/05/2025;Fahmi Idris;user2401@example.com;Member;Meja Kerja Minimalis;Furniture;1200000;3;COD;3600000;0;3600000;Sukabumi;Jawa Barat
6a118f6afad932644266423e;TRX-I4PXKO5L;07/08/2025;Rian Hidayat;user2402@example.com;Non-Member;Sepatu Sneaker Lokal;Fashion;450000;3;COD;1350000;0;1350000;Makassar;Sulawesi Selatan
6a118f6afad932644266423f;TRX-Z1DC1UVV;09/05/2026;Andi Wijaya;user2403@example.com;Member;Smartphone Samsung S24;Elektronik;13000000;4;E-Wallet (OVO/Dana);52000000;0;52000000;Sukabumi;Jawa Barat
6a118f6afad9326442664240;TRX-IRXYQPP4;12/03/2026;Novianti;user2404@example.com;Member;Laptop ASUS ROG;Elektronik;20000000;3;Kartu Kredit;60000000;0;60000000;Sukabumi;Jawa Barat
6a118f6afad9326442664241;TRX-DE17RTW6;11/11/2025;Andi Wijaya;user2405@example.com;Non-Member;Kemeja Flanel Oversize;Fashion;250000;2;Kartu Kredit;500000;0;500000;Jakarta;DKI Jakarta
6a118f6afad9326442664242;TRX-5MYHE6J4;18/02/2025;Novianti;user2406@example.com;Member;Sepatu Sneaker Lokal;Fashion;450000;4;Kartu Kredit;1800000;0;1800000;Medan;Sumatera Utara
6a118f6afad9326442664243;TRX-LRW16AA1;02/03/2025;Siti Aminah;user2407@example.com;Member;Kopi Susu Gula Aren 1L;Kuliner;65000;4;Transfer Bank;260000;0;260000;Semarang;Jawa Tengah
6a118f6afad9326442664244;TRX-PWP64HJA;04/02/2026;Jono Adriansyah;user2408@example.com;Member;Kopi Susu Gula Aren 1L;Kuliner;65000;3;Kartu Kredit;195000;0;195000;Makassar;Sulawesi Selatan
6a118f6afad9326442664245;TRX-7HSGKHW3;10/05/2025;Jono Adriansyah;user2409@example.com;Member;Kemeja Flanel Oversize;Fashion;250000;4;Transfer Bank;1000000;0;1000000;Makassar;Sulawesi Selatan
6a118f6afad9326442664246;TRX-CHXH2MLK;12/11/2025;Rian Hidayat;user2410@example.com;Member;Kopi Susu Gula Aren 1L;Kuliner;65000;1;Kartu Kredit;65000;0;65000;Medan;Sumatera Utara
6a118f6afad9326442664247;TRX-449H3RKY;02/05/2026;Andi Wijaya;user2411@example.com;Non-Member;Laptop ASUS ROG;Elektronik;20000000;3;Transfer Bank;60000000;0;60000000;Bandung;Jawa Barat
6a118f6afad9326442664248;TRX-BYITFYMC;12/07/2025;Budi Santoso;user2412@example.com;Non-Member;Laptop ASUS ROG;Elektronik;20000000;1;COD;20000000;0;20000000;Surabaya;Jawa Timur
6a118f6afad9326442664249;TRX-IXO4AO2R;17/02/2026;Dewi Lestari;user2413@example.com;Non-Member;Meja Kerja Minimalis;Furniture;1200000;4;COD;4800000;0;4800000;Medan;Sumatera Utara
6a118f6afad932644266424a;TRX-H3GMSZ4F;12/05/2026;Eko Prasetyo;user2414@example.com;Non-Member;Meja Kerja Minimalis;Furniture;1200000;1;Kartu Kredit;1200000;0;1200000;Medan;Sumatera Utara
6a118f6afad932644266424b;TRX-WNRTGXL5;18/02/2026;Novianti;user2415@example.com;Member;Kemeja Flanel Oversize;Fashion;250000;1;COD;250000;0;250000;Medan;Sumatera Utara
6a118f6afad932644266424c;TRX-5J6O4R7C;30/09/2025;Jono Adriansyah;user2416@example.com;Member;Meja Kerja Minimalis;Furniture;1200000;4;COD;4800000;0;4800000;Makassar;Sulawesi Selatan
6a118f6afad932644266424d;TRX-S1CWYLFB;10/02/2026;Siti Aminah;user2417@example.com;Non-Member;Laptop ASUS ROG;Elektronik;20000000;2;COD;40000000;0;40000000;Semarang;Jawa Tengah
6a118f6afad932644266424e;TRX-GEP9N7X9;12/05/2026;Dewi Lestari;user2418@example.com;Non-Member;Meja Kerja Minimalis;Furniture;1200000;3;COD;3600000;0;3600000;Semarang;Jawa Tengah
6a118f6afad932644266424f;TRX-SFNT81KE;31/03/2025;Dewi Lestari;user2419@example.com;Member;Meja Kerja Minimalis;Furniture;1200000;3;Transfer Bank;3600000;0;3600000;Makassar;Sulawesi Selatan
6a118f6afad9326442664250;TRX-9XTNJUBT;17/05/2025;Andi Wijaya;user2420@example.com;Non-Member;Kemeja Flanel Oversize;Fashion;250000;4;E-Wallet (OVO/Dana);1000000;0;1000000;Jakarta;DKI Jakarta
6a118f6afad9326442664251;TRX-480WW748;04/05/2025;Andi Wijaya;user2421@example.com;Non-Member;Smartphone Samsung S24;Elektronik;13000000;3;Transfer Bank;39000000;0;39000000;Medan;Sumatera Utara
6a118f6afad9326442664252;TRX-IG4OKXYI;12/05/2026;Rian Hidayat;user2422@example.com;Member;Paket Ayam Bakar Madu;Kuliner;35000;2;Transfer Bank;70000;0;70000;Sukabumi;Jawa Barat
6a118f6afad9326442664253;TRX-4OT3M2VP;14/12/2025;Jono Adriansyah;user2423@example.com;Member;Paket Ayam Bakar Madu;Kuliner;35000;3;COD;105000;0;105000;Sukabumi;Jawa Barat
6a118f6afad9326442664254;TRX-2P5YATV7;06/06/2025;Budi Santoso;user2424@example.com;Member;Laptop ASUS ROG;Elektronik;20000000;3;Kartu Kredit;60000000;0;60000000;Jakarta;DKI Jakarta
6a118f6afad9326442664255;TRX-90MSY6UI;18/02/2025;Dewi Lestari;user2425@example.com;Member;Kemeja Flanel Oversize;Fashion;250000;3;E-Wallet (OVO/Dana);750000;0;750000;Medan;Sumatera Utara
6a118f6afad9326442664256;TRX-W2GRAIOA;26/12/2025;Novianti;user2426@example.com;Member;Smartphone Samsung S24;Elektronik;13000000;1;COD;13000000;0;13000000;Bandung;Jawa Barat
6a118f6afad9326442664257;TRX-CZEYINZD;20/07/2025;Andi Wijaya;user2427@example.com;Non-Member;Paket Ayam Bakar Madu;Kuliner;35000;4;COD;140000;0;140000;Sukabumi;Jawa Barat
6a118f6afad9326442664258;TRX-OYUTGNG4;03/02/2026;Dewi Lestari;user2428@example.com;Member;Laptop ASUS ROG;Elektronik;20000000;3;Kartu Kredit;60000000;0;60000000;Jakarta;DKI Jakarta
6a118f6afad9326442664259;TRX-BV1Y1805;21/05/2025;Budi Santoso;user2429@example.com;Member;Kemeja Flanel Oversize;Fashion;250000;1;Transfer Bank;250000;0;250000;Surabaya;Jawa Timur
6a118f6afad932644266425a;TRX-TZADPQ6V;06/04/2026;Fahmi Idris;user2430@example.com;Non-Member;Paket Ayam Bakar Madu;Kuliner;35000;1;E-Wallet (OVO/Dana);35000;0;35000;Jakarta;DKI Jakarta
6a118f6afad932644266425b;TRX-CQAQCWUF;25/05/2026;Mega Pertiwi;user2431@example.com;Non-Member;Smartphone Samsung S24;Elektronik;13000000;2;E-Wallet (OVO/Dana);26000000;0;26000000;Sukabumi;Jawa Barat
6a118f6afad932644266425c;TRX-TY8NDXDL;12/05/2026;Dewi Lestari;user2432@example.com;Member;Smartphone Samsung S24;Elektronik;13000000;3;Transfer Bank;39000000;0;39000000;Makassar;Sulawesi Selatan
6a118f6afad932644266425d;TRX-8E62TNMG;10/12/2025;Eko Prasetyo;user2433@example.com;Non-Member;Paket Ayam Bakar Madu;Kuliner;35000;3;COD;105000;0;105000;Makassar;Sulawesi Selatan
6a118f6afad932644266425e;TRX-8T1I660H;26/03/2026;Andi Wijaya;user2434@example.com;Non-Member;Kopi Susu Gula Aren 1L;Kuliner;65000;3;Transfer Bank;195000;0;195000;Makassar;Sulawesi Selatan
6a118f6afad932644266425f;TRX-6CLN28RP;03/07/2025;Dewi Lestari;user2435@example.com;Member;Smartphone Samsung S24;Elektronik;13000000;1;E-Wallet (OVO/Dana);13000000;0;13000000;Jakarta;DKI Jakarta
6a118f6afad9326442664260;TRX-CXW430IQ;03/02/2025;Andi Wijaya;user2436@example.com;Member;Paket Ayam Bakar Madu;Kuliner;35000;2;E-Wallet (OVO/Dana);70000;0;70000;Bandung;Jawa Barat
6a118f6afad9326442664261;TRX-ZEFFC38O;20/01/2026;Rian Hidayat;user2437@example.com;Member;Meja Kerja Minimalis;Furniture;1200000;4;Kartu Kredit;4800000;0;4800000;Sukabumi;Jawa Barat
6a118f6afad9326442664262;TRX-W7LYDUBX;04/06/2025;Eko Prasetyo;user2438@example.com;Non-Member;Smartphone Samsung S24;Elektronik;13000000;4;Kartu Kredit;52000000;0;52000000;Jakarta;DKI Jakarta
6a118f6afad9326442664263;TRX-UNFK4XXT;07/07/2025;Dewi Lestari;user2439@example.com;Non-Member;Sepatu Sneaker Lokal;Fashion;450000;3;Kartu Kredit;1350000;0;1350000;Semarang;Jawa Tengah
6a118f6afad9326442664264;TRX-3E8TQG5U;20/03/2026;Andi Wijaya;user2440@example.com;Non-Member;Laptop ASUS ROG;Elektronik;20000000;2;COD;40000000;0;40000000;Surabaya;Jawa Timur
6a118f6afad9326442664265;TRX-ZWHKDH6Y;27/07/2025;Dewi Lestari;user2441@example.com;Member;Kursi Gaming Premium;Furniture;2500000;4;Transfer Bank;10000000;0;10000000;Makassar;Sulawesi Selatan
6a118f6afad9326442664266;TRX-G2CCWDK1;06/11/2025;Novianti;user2442@example.com;Non-Member;Kemeja Flanel Oversize;Fashion;250000;1;COD;250000;0;250000;Medan;Sumatera Utara
6a118f6afad9326442664267;TRX-VO9Q6EOH;03/12/2025;Rian Hidayat;user2443@example.com;Member;Kopi Susu Gula Aren 1L;Kuliner;65000;2;Kartu Kredit;130000;0;130000;Sukabumi;Jawa Barat
6a118f6afad9326442664268;TRX-OZJ43660;17/01/2025;Eko Prasetyo;user2444@example.com;Non-Member;Sepatu Sneaker Lokal;Fashion;450000;3;E-Wallet (OVO/Dana);1350000;0;1350000;Sukabumi;Jawa Barat
6a118f6afad9326442664269;TRX-7OS1XBUE;25/05/2025;Dewi Lestari;user2445@example.com;Non-Member;Sepatu Sneaker Lokal;Fashion;450000;3;Transfer Bank;1350000;0;1350000;Medan;Sumatera Utara
6a118f6afad932644266426a;TRX-ZXJ46QJD;09/02/2026;Eko Prasetyo;user2446@example.com;Member;Smartphone Samsung S24;Elektronik;13000000;1;COD;13000000;0;13000000;Semarang;Jawa Tengah
6a118f6afad932644266426b;TRX-58WE2OO0;25/01/2025;Dewi Lestari;user2447@example.com;Non-Member;Kursi Gaming Premium;Furniture;2500000;2;Kartu Kredit;5000000;0;5000000;Jakarta;DKI Jakarta
6a118f6afad932644266426c;TRX-ISHWUNBJ;11/02/2025;Fahmi Idris;user2448@example.com;Non-Member;Kemeja Flanel Oversize;Fashion;250000;4;Transfer Bank;1000000;0;1000000;Medan;Sumatera Utara
6a118f6afad932644266426d;TRX-XOSIPO2Q;10/01/2025;Eko Prasetyo;user2449@example.com;Member;Kursi Gaming Premium;Furniture;2500000;1;Kartu Kredit;2500000;0;2500000;Surabaya;Jawa Timur
6a118f6afad932644266426e;TRX-BRAM1KGT;12/09/2025;Rian Hidayat;user2450@example.com;Non-Member;Kursi Gaming Premium;Furniture;2500000;3;COD;7500000;0;7500000;Makassar;Sulawesi Selatan
6a118f6afad932644266426f;TRX-CRBJZSD1;10/10/2025;Jono Adriansyah;user2451@example.com;Non-Member;Kemeja Flanel Oversize;Fashion;250000;3;COD;750000;0;750000;Jakarta;DKI Jakarta
6a118f6afad9326442664270;TRX-GNVX648Y;16/04/2026;Eko Prasetyo;user2452@example.com;Member;Smartphone Samsung S24;Elektronik;13000000;3;Kartu Kredit;39000000;0;39000000;Makassar;Sulawesi Selatan
6a118f6afad9326442664271;TRX-V1KJ1GC2;26/06/2025;Andi Wijaya;user2453@example.com;Non-Member;Laptop ASUS ROG;Elektronik;20000000;1;E-Wallet (OVO/Dana);20000000;0;20000000;Sukabumi;Jawa Barat
6a118f6afad9326442664272;TRX-FEXC363U;11/08/2025;Siti Aminah;user2454@example.com;Member;Meja Kerja Minimalis;Furniture;1200000;2;Kartu Kredit;2400000;0;2400000;Surabaya;Jawa Timur
6a118f6afad9326442664273;TRX-FFLK1UKV;09/08/2025;Rian Hidayat;user2455@example.com;Non-Member;Sepatu Sneaker Lokal;Fashion;450000;3;E-Wallet (OVO/Dana);1350000;0;1350000;Medan;Sumatera Utara
6a118f6afad9326442664274;TRX-JQ1HJA98;31/03/2026;Fahmi Idris;user2456@example.com;Member;Paket Ayam Bakar Madu;Kuliner;35000;1;COD;35000;0;35000;Surabaya;Jawa Timur
6a118f6afad9326442664275;TRX-N22ZBO17;14/05/2025;Novianti;user2457@example.com;Member;Paket Ayam Bakar Madu;Kuliner;35000;4;Kartu Kredit;140000;0;140000;Bandung;Jawa Barat
6a118f6afad9326442664276;TRX-H2E8TG9Z;17/02/2026;Andi Wijaya;user2458@example.com;Non-Member;Laptop ASUS ROG;Elektronik;20000000;1;COD;20000000;0;20000000;Bandung;Jawa Barat
6a118f6afad9326442664277;TRX-OVZA5YQ1;27/02/2025;Eko Prasetyo;user2459@example.com;Member;Kursi Gaming Premium;Furniture;2500000;3;Kartu Kredit;7500000;0;7500000;Medan;Sumatera Utara
6a118f6afad9326442664278;TRX-YJV2IJDW;01/05/2025;Jono Adriansyah;user2460@example.com;Non-Member;Kopi Susu Gula Aren 1L;Kuliner;65000;1;Transfer Bank;65000;0;65000;Surabaya;Jawa Timur
6a118f6afad9326442664279;TRX-KSF34UGN;06/02/2025;Jono Adriansyah;user2461@example.com;Non-Member;Kopi Susu Gula Aren 1L;Kuliner;65000;2;Kartu Kredit;130000;0;130000;Medan;Sumatera Utara
6a118f6afad932644266427a;TRX-DA05MOB8;23/01/2025;Dewi Lestari;user2462@example.com;Member;Meja Kerja Minimalis;Furniture;1200000;2;Kartu Kredit;2400000;0;2400000;Semarang;Jawa Tengah
6a118f6afad932644266427b;TRX-016RDWCF;12/04/2025;Mega Pertiwi;user2463@example.com;Non-Member;Laptop ASUS ROG;Elektronik;20000000;2;COD;40000000;0;40000000;Makassar;Sulawesi Selatan
6a118f6afad932644266427c;TRX-A0IJLHQX;27/08/2025;Fahmi Idris;user2464@example.com;Member;Paket Ayam Bakar Madu;Kuliner;35000;3;E-Wallet (OVO/Dana);105000;0;105000;Surabaya;Jawa Timur
6a118f6afad932644266427d;TRX-ZUUPG710;23/12/2025;Eko Prasetyo;user2465@example.com;Member;Meja Kerja Minimalis;Furniture;1200000;3;Transfer Bank;3600000;0;3600000;Makassar;Sulawesi Selatan
6a118f6afad932644266427e;TRX-M7D4RDDD;14/08/2025;Rian Hidayat;user2466@example.com;Member;Laptop ASUS ROG;Elektronik;20000000;2;Kartu Kredit;40000000;0;40000000;Semarang;Jawa Tengah
6a118f6afad932644266427f;TRX-L6QW6RBP;15/04/2025;Dewi Lestari;user2467@example.com;Non-Member;Kemeja Flanel Oversize;Fashion;250000;1;COD;250000;0;250000;Bandung;Jawa Barat
6a118f6afad9326442664280;TRX-3F73YY8N;26/08/2025;Andi Wijaya;user2468@example.com;Non-Member;Kopi Susu Gula Aren 1L;Kuliner;65000;4;Kartu Kredit;260000;0;260000;Makassar;Sulawesi Selatan
6a118f6afad9326442664281;TRX-SF945MWM;24/01/2026;Novianti;user2469@example.com;Non-Member;Laptop ASUS ROG;Elektronik;20000000;4;COD;80000000;0;80000000;Makassar;Sulawesi Selatan
6a118f6afad9326442664282;TRX-Z672962Z;24/01/2026;Eko Prasetyo;user2470@example.com;Member;Paket Ayam Bakar Madu;Kuliner;35000;4;COD;140000;0;140000;Medan;Sumatera Utara
6a118f6afad9326442664283;TRX-3DJ5Z56A;15/01/2026;Fahmi Idris;user2471@example.com;Non-Member;Kursi Gaming Premium;Furniture;2500000;3;E-Wallet (OVO/Dana);7500000;0;7500000;Surabaya;Jawa Timur
6a118f6afad9326442664284;TRX-BLDQVHJM;07/12/2025;Eko Prasetyo;user2472@example.com;Non-Member;Laptop ASUS ROG;Elektronik;20000000;4;Kartu Kredit;80000000;0;80000000;Bandung;Jawa Barat
6a118f6afad9326442664285;TRX-LNMI2HI0;15/04/2025;Budi Santoso;user2473@example.com;Member;Sepatu Sneaker Lokal;Fashion;450000;1;Kartu Kredit;450000;0;450000;Medan;Sumatera Utara
6a118f6afad9326442664286;TRX-LDA0LM3C;15/08/2025;Jono Adriansyah;user2474@example.com;Member;Kemeja Flanel Oversize;Fashion;250000;3;Kartu Kredit;750000;0;750000;Makassar;Sulawesi Selatan
6a118f6afad9326442664287;TRX-FNE5H2NI;08/03/2026;Andi Wijaya;user2475@example.com;Non-Member;Meja Kerja Minimalis;Furniture;1200000;4;Kartu Kredit;4800000;0;4800000;Semarang;Jawa Tengah
6a118f6afad9326442664288;TRX-MSTAEUFE;10/12/2025;Budi Santoso;user2476@example.com;Member;Kopi Susu Gula Aren 1L;Kuliner;65000;4;COD;260000;0;260000;Semarang;Jawa Tengah
6a118f6afad9326442664289;TRX-GU7TD51O;27/09/2025;Fahmi Idris;user2477@example.com;Non-Member;Meja Kerja Minimalis;Furniture;1200000;2;Kartu Kredit;2400000;0;2400000;Bandung;Jawa Barat
6a118f6afad932644266428a;TRX-J33D814C;17/04/2025;Andi Wijaya;user2478@example.com;Non-Member;Kemeja Flanel Oversize;Fashion;250000;2;Transfer Bank;500000;0;500000;Medan;Sumatera Utara
6a118f6afad932644266428b;TRX-X49M3U60;09/01/2026;Eko Prasetyo;user2479@example.com;Non-Member;Laptop ASUS ROG;Elektronik;20000000;3;Kartu Kredit;60000000;0;60000000;Jakarta;DKI Jakarta
6a118f6afad932644266428c;TRX-2OTZD1O3;31/12/2024;Dewi Lestari;user2480@example.com;Member;Kemeja Flanel Oversize;Fashion;250000;4;COD;1000000;0;1000000;Surabaya;Jawa Timur
6a118f6afad932644266428d;TRX-NETFW5CP;31/01/2026;Fahmi Idris;user2481@example.com;Member;Kursi Gaming Premium;Furniture;2500000;3;Transfer Bank;7500000;0;7500000;Surabaya;Jawa Timur
6a118f6afad932644266428e;TRX-5RJLZ326;18/07/2025;Rian Hidayat;user2482@example.com;Non-Member;Kemeja Flanel Oversize;Fashion;250000;1;Kartu Kredit;250000;0;250000;Makassar;Sulawesi Selatan
6a118f6afad932644266428f;TRX-YYUWTOV5;26/08/2025;Novianti;user2483@example.com;Non-Member;Laptop ASUS ROG;Elektronik;20000000;3;Transfer Bank;60000000;0;60000000;Makassar;Sulawesi Selatan
6a118f6afad9326442664290;TRX-NUB56X1W;05/06/2025;Budi Santoso;user2484@example.com;Member;Kursi Gaming Premium;Furniture;2500000;4;COD;10000000;0;10000000;Sukabumi;Jawa Barat
6a118f6afad9326442664291;TRX-P7MDPYMY;18/01/2025;Fahmi Idris;user2485@example.com;Member;Kursi Gaming Premium;Furniture;2500000;4;E-Wallet (OVO/Dana);10000000;0;10000000;Medan;Sumatera Utara
6a118f6afad9326442664292;TRX-5HS5BPB4;24/11/2025;Fahmi Idris;user2486@example.com;Member;Kemeja Flanel Oversize;Fashion;250000;1;Transfer Bank;250000;0;250000;Bandung;Jawa Barat
6a118f6afad9326442664293;TRX-S0I7WZXR;12/03/2026;Jono Adriansyah;user2487@example.com;Member;Sepatu Sneaker Lokal;Fashion;450000;4;COD;1800000;0;1800000;Surabaya;Jawa Timur
6a118f6afad9326442664294;TRX-41URYA0M;12/04/2026;Dewi Lestari;user2488@example.com;Member;Sepatu Sneaker Lokal;Fashion;450000;3;COD;1350000;0;1350000;Sukabumi;Jawa Barat
6a118f6afad9326442664295;TRX-C34EER9I;26/10/2025;Rian Hidayat;user2489@example.com;Non-Member;Meja Kerja Minimalis;Furniture;1200000;1;COD;1200000;0;1200000;Surabaya;Jawa Timur
6a118f6afad9326442664296;TRX-8JWG7SWS;10/11/2025;Jono Adriansyah;user2490@example.com;Non-Member;Meja Kerja Minimalis;Furniture;1200000;2;Transfer Bank;2400000;0;2400000;Sukabumi;Jawa Barat
6a118f6afad9326442664297;TRX-A3B1BN4Y;26/12/2025;Eko Prasetyo;user2491@example.com;Member;Kursi Gaming Premium;Furniture;2500000;2;COD;5000000;0;5000000;Jakarta;DKI Jakarta
6a118f6afad9326442664298;TRX-BRA5IFX6;31/03/2026;Jono Adriansyah;user2492@example.com;Non-Member;Sepatu Sneaker Lokal;Fashion;450000;1;Transfer Bank;450000;0;450000;Surabaya;Jawa Timur
6a118f6afad9326442664299;TRX-33CVSO2C;11/02/2026;Fahmi Idris;user2493@example.com;Member;Paket Ayam Bakar Madu;Kuliner;35000;4;COD;140000;0;140000;Sukabumi;Jawa Barat
6a118f6afad932644266429a;TRX-GN6PD0YN;15/06/2025;Fahmi Idris;user2494@example.com;Non-Member;Paket Ayam Bakar Madu;Kuliner;35000;2;Kartu Kredit;70000;0;70000;Jakarta;DKI Jakarta
6a118f6afad932644266429b;TRX-H1YC0EOW;27/05/2025;Rian Hidayat;user2495@example.com;Non-Member;Kursi Gaming Premium;Furniture;2500000;3;Kartu Kredit;7500000;0;7500000;Sukabumi;Jawa Barat
6a118f6afad932644266429c;TRX-E6VVSK5P;06/04/2025;Dewi Lestari;user2496@example.com;Non-Member;Laptop ASUS ROG;Elektronik;20000000;4;E-Wallet (OVO/Dana);80000000;0;80000000;Semarang;Jawa Tengah
6a118f6afad932644266429d;TRX-YCHORTEN;07/03/2026;Budi Santoso;user2497@example.com;Non-Member;Paket Ayam Bakar Madu;Kuliner;35000;3;Transfer Bank;105000;0;105000;Sukabumi;Jawa Barat
6a118f6afad932644266429e;TRX-IKRVRVDZ;26/05/2025;Siti Aminah;user2498@example.com;Member;Kursi Gaming Premium;Furniture;2500000;3;Kartu Kredit;7500000;0;7500000;Bandung;Jawa Barat
6a118f6afad932644266429f;TRX-8NGPX3VS;03/02/2025;Siti Aminah;user2499@example.com;Member;Paket Ayam Bakar Madu;Kuliner;35000;3;COD;105000;0;105000;Makassar;Sulawesi Selatan
6a118f6afad93264426642a0;TRX-U72WCDVY;18/11/2025;Eko Prasetyo;user2500@example.com;Non-Member;Meja Kerja Minimalis;Furniture;1200000;2;Transfer Bank;2400000;0;2400000;Surabaya;Jawa Timur
6a118f6afad93264426642a1;TRX-U2J0HTHZ;06/02/2026;Rian Hidayat;user2501@example.com;Non-Member;Sepatu Sneaker Lokal;Fashion;450000;2;E-Wallet (OVO/Dana);900000;0;900000;Sukabumi;Jawa Barat
6a118f6afad93264426642a2;TRX-JWDPJE8U;07/02/2025;Siti Aminah;user2502@example.com;Non-Member;Kemeja Flanel Oversize;Fashion;250000;2;E-Wallet (OVO/Dana);500000;0;500000;Surabaya;Jawa Timur
6a118f6afad93264426642a3;TRX-J9275U30;20/02/2026;Novianti;user2503@example.com;Member;Kursi Gaming Premium;Furniture;2500000;2;COD;5000000;0;5000000;Semarang;Jawa Tengah
6a118f6afad93264426642a4;TRX-MT359RHY;25/02/2025;Dewi Lestari;user2504@example.com;Non-Member;Kemeja Flanel Oversize;Fashion;250000;2;COD;500000;0;500000;Sukabumi;Jawa Barat
6a118f6afad93264426642a5;TRX-8N0I1R42;03/03/2025;Jono Adriansyah;user2505@example.com;Member;Meja Kerja Minimalis;Furniture;1200000;2;COD;2400000;0;2400000;Medan;Sumatera Utara
6a118f6afad93264426642a6;TRX-7KVOK654;03/04/2025;Mega Pertiwi;user2506@example.com;Member;Meja Kerja Minimalis;Furniture;1200000;3;E-Wallet (OVO/Dana);3600000;0;3600000;Surabaya;Jawa Timur
6a118f6afad93264426642a7;TRX-L8YVPZY8;18/07/2025;Fahmi Idris;user2507@example.com;Non-Member;Paket Ayam Bakar Madu;Kuliner;35000;3;E-Wallet (OVO/Dana);105000;0;105000;Jakarta;DKI Jakarta
6a118f6afad93264426642a8;TRX-U79YRRR0;13/12/2025;Budi Santoso;user2508@example.com;Non-Member;Paket Ayam Bakar Madu;Kuliner;35000;1;COD;35000;0;35000;Semarang;Jawa Tengah
6a118f6afad93264426642a9;TRX-VEIAJ6VE;30/11/2025;Budi Santoso;user2509@example.com;Member;Kemeja Flanel Oversize;Fashion;250000;1;Kartu Kredit;250000;0;250000;Surabaya;Jawa Timur
6a118f6afad93264426642aa;TRX-B2DL6XXR;23/10/2025;Rian Hidayat;user2510@example.com;Non-Member;Smartphone Samsung S24;Elektronik;13000000;3;E-Wallet (OVO/Dana);39000000;0;39000000;Semarang;Jawa Tengah
6a118f6afad93264426642ab;TRX-VAV8Q8LP;03/02/2026;Eko Prasetyo;user2511@example.com;Member;Kopi Susu Gula Aren 1L;Kuliner;65000;3;Transfer Bank;195000;0;195000;Jakarta;DKI Jakarta
6a118f6afad93264426642ac;TRX-D4R0GN8H;27/07/2025;Andi Wijaya;user2512@example.com;Member;Sepatu Sneaker Lokal;Fashion;450000;1;E-Wallet (OVO/Dana);450000;0;450000;Surabaya;Jawa Timur
6a118f6afad93264426642ad;TRX-YANZ676C;30/04/2026;Novianti;user2513@example.com;Non-Member;Smartphone Samsung S24;Elektronik;13000000;4;COD;52000000;0;52000000;Medan;Sumatera Utara
6a118f6afad93264426642ae;TRX-YCLU8TWU;02/08/2025;Siti Aminah;user2514@example.com;Non-Member;Kopi Susu Gula Aren 1L;Kuliner;65000;2;Kartu Kredit;130000;0;130000;Semarang;Jawa Tengah
6a118f6afad93264426642af;TRX-GKJF17DB;24/05/2026;Siti Aminah;user2515@example.com;Non-Member;Paket Ayam Bakar Madu;Kuliner;35000;4;Kartu Kredit;140000;0;140000;Semarang;Jawa Tengah
6a118f6afad93264426642b0;TRX-V70MDDS3;18/05/2025;Dewi Lestari;user2516@example.com;Non-Member;Smartphone Samsung S24;Elektronik;13000000;1;Kartu Kredit;13000000;0;13000000;Bandung;Jawa Barat
6a118f6afad93264426642b1;TRX-2NA5MIJG;24/02/2026;Rian Hidayat;user2517@example.com;Non-Member;Laptop ASUS ROG;Elektronik;20000000;4;Kartu Kredit;80000000;0;80000000;Semarang;Jawa Tengah
6a118f6afad93264426642b2;TRX-4IXTEVA3;11/06/2025;Novianti;user2518@example.com;Member;Meja Kerja Minimalis;Furniture;1200000;2;COD;2400000;0;2400000;Semarang;Jawa Tengah
6a118f6afad93264426642b3;TRX-2KPEINE8;03/03/2025;Andi Wijaya;user2519@example.com;Member;Kopi Susu Gula Aren 1L;Kuliner;65000;2;Kartu Kredit;130000;0;130000;Medan;Sumatera Utara
6a118f6afad93264426642b4;TRX-LMOWSDGJ;15/11/2025;Fahmi Idris;user2520@example.com;Non-Member;Sepatu Sneaker Lokal;Fashion;450000;2;Kartu Kredit;900000;0;900000;Semarang;Jawa Tengah
6a118f6afad93264426642b5;TRX-7VE8OJCX;31/10/2025;Budi Santoso;user2521@example.com;Member;Paket Ayam Bakar Madu;Kuliner;35000;2;Transfer Bank;70000;0;70000;Semarang;Jawa Tengah
6a118f6afad93264426642b6;TRX-4OOFQEYK;04/11/2025;Siti Aminah;user2522@example.com;Member;Kopi Susu Gula Aren 1L;Kuliner;65000;3;Transfer Bank;195000;0;195000;Makassar;Sulawesi Selatan
6a118f6afad93264426642b7;TRX-8Y963B1V;10/06/2025;Andi Wijaya;user2523@example.com;Member;Paket Ayam Bakar Madu;Kuliner;35000;1;Transfer Bank;35000;0;35000;Jakarta;DKI Jakarta
6a118f6afad93264426642b8;TRX-VNZHEKGF;11/05/2026;Dewi Lestari;user2524@example.com;Non-Member;Sepatu Sneaker Lokal;Fashion;450000;3;Kartu Kredit;1350000;0;1350000;Medan;Sumatera Utara
6a118f6afad93264426642b9;TRX-DONHN9XN;19/04/2025;Mega Pertiwi;user2525@example.com;Member;Laptop ASUS ROG;Elektronik;20000000;4;COD;80000000;0;80000000;Makassar;Sulawesi Selatan
6a118f6afad93264426642ba;TRX-MUZGQKDU;11/01/2025;Fahmi Idris;user2526@example.com;Non-Member;Meja Kerja Minimalis;Furniture;1200000;4;Kartu Kredit;4800000;0;4800000;Bandung;Jawa Barat
6a118f6afad93264426642bb;TRX-REHPRN2K;23/05/2026;Rian Hidayat;user2527@example.com;Member;Kemeja Flanel Oversize;Fashion;250000;1;Transfer Bank;250000;0;250000;Makassar;Sulawesi Selatan
6a118f6afad93264426642bc;TRX-NHLJ55QU;14/09/2025;Novianti;user2528@example.com;Non-Member;Kopi Susu Gula Aren 1L;Kuliner;65000;2;COD;130000;0;130000;Jakarta;DKI Jakarta
6a118f6afad93264426642bd;TRX-EL9V8YMJ;12/02/2026;Rian Hidayat;user2529@example.com;Member;Meja Kerja Minimalis;Furniture;1200000;1;E-Wallet (OVO/Dana);1200000;0;1200000;Makassar;Sulawesi Selatan
6a118f6afad93264426642be;TRX-TVREW60P;30/09/2025;Rian Hidayat;user2530@example.com;Non-Member;Kursi Gaming Premium;Furniture;2500000;1;E-Wallet (OVO/Dana);2500000;0;2500000;Medan;Sumatera Utara
6a118f6afad93264426642bf;TRX-JEIW6I1D;22/11/2025;Rian Hidayat;user2531@example.com;Non-Member;Kemeja Flanel Oversize;Fashion;250000;4;E-Wallet (OVO/Dana);1000000;0;1000000;Bandung;Jawa Barat
6a118f6afad93264426642c0;TRX-AA2QF1HX;24/12/2025;Siti Aminah;user2532@example.com;Member;Smartphone Samsung S24;Elektronik;13000000;2;Kartu Kredit;26000000;0;26000000;Medan;Sumatera Utara
6a118f6afad93264426642c1;TRX-Q3XO2OLX;08/04/2025;Jono Adriansyah;user2533@example.com;Member;Paket Ayam Bakar Madu;Kuliner;35000;1;Kartu Kredit;35000;0;35000;Medan;Sumatera Utara
6a118f6afad93264426642c2;TRX-5K1TG00A;22/05/2026;Dewi Lestari;user2534@example.com;Member;Paket Ayam Bakar Madu;Kuliner;35000;1;E-Wallet (OVO/Dana);35000;0;35000;Makassar;Sulawesi Selatan
6a118f6afad93264426642c3;TRX-XRKOEV3B;13/02/2026;Fahmi Idris;user2535@example.com;Member;Meja Kerja Minimalis;Furniture;1200000;4;COD;4800000;0;4800000;Sukabumi;Jawa Barat
6a118f6afad93264426642c4;TRX-6MCVDXDQ;13/07/2025;Budi Santoso;user2536@example.com;Non-Member;Smartphone Samsung S24;Elektronik;13000000;1;Kartu Kredit;13000000;0;13000000;Sukabumi;Jawa Barat
6a118f6afad93264426642c5;TRX-J9SE9YTW;12/04/2025;Rian Hidayat;user2537@example.com;Member;Paket Ayam Bakar Madu;Kuliner;35000;1;Kartu Kredit;35000;0;35000;Semarang;Jawa Tengah
6a118f6afad93264426642c6;TRX-2JEN6O9V;21/01/2025;Budi Santoso;user2538@example.com;Non-Member;Kemeja Flanel Oversize;Fashion;250000;4;Transfer Bank;1000000;0;1000000;Semarang;Jawa Tengah
6a118f6afad93264426642c7;TRX-547DY1JX;13/03/2025;Budi Santoso;user2539@example.com;Non-Member;Paket Ayam Bakar Madu;Kuliner;35000;2;Transfer Bank;70000;0;70000;Surabaya;Jawa Timur
6a118f6afad93264426642c8;TRX-YB0TDEQP;17/05/2026;Andi Wijaya;user2540@example.com;Member;Kursi Gaming Premium;Furniture;2500000;4;COD;10000000;0;10000000;Bandung;Jawa Barat
6a118f6afad93264426642c9;TRX-7TBTWBTH;10/01/2025;Fahmi Idris;user2541@example.com;Non-Member;Sepatu Sneaker Lokal;Fashion;450000;1;COD;450000;0;450000;Semarang;Jawa Tengah
6a118f6afad93264426642ca;TRX-9WHDVAF5;25/05/2025;Budi Santoso;user2542@example.com;Member;Laptop ASUS ROG;Elektronik;20000000;4;COD;80000000;0;80000000;Makassar;Sulawesi Selatan
6a118f6afad93264426642cb;TRX-N5HFRZ2O;22/04/2025;Andi Wijaya;user2543@example.com;Member;Kopi Susu Gula Aren 1L;Kuliner;65000;2;Kartu Kredit;130000;0;130000;Sukabumi;Jawa Barat
6a118f6afad93264426642cc;TRX-P4F9G81W;31/07/2025;Novianti;user2544@example.com;Member;Kemeja Flanel Oversize;Fashion;250000;2;E-Wallet (OVO/Dana);500000;0;500000;Jakarta;DKI Jakarta
6a118f6afad93264426642cd;TRX-7D0S1A7Z;26/12/2025;Dewi Lestari;user2545@example.com;Non-Member;Kursi Gaming Premium;Furniture;2500000;3;COD;7500000;0;7500000;Sukabumi;Jawa Barat
6a118f6afad93264426642ce;TRX-JR4V4WA2;25/02/2026;Siti Aminah;user2546@example.com;Non-Member;Kemeja Flanel Oversize;Fashion;250000;2;E-Wallet (OVO/Dana);500000;0;500000;Surabaya;Jawa Timur
6a118f6afad93264426642cf;TRX-LYFNR4P4;14/05/2026;Jono Adriansyah;user2547@example.com;Member;Paket Ayam Bakar Madu;Kuliner;35000;4;Kartu Kredit;140000;0;140000;Semarang;Jawa Tengah
6a118f6afad93264426642d0;TRX-M2T2BREX;02/03/2025;Novianti;user2548@example.com;Member;Kursi Gaming Premium;Furniture;2500000;4;Transfer Bank;10000000;0;10000000;Semarang;Jawa Tengah
6a118f6afad93264426642d1;TRX-52DC0CF4;07/04/2025;Eko Prasetyo;user2549@example.com;Member;Kemeja Flanel Oversize;Fashion;250000;3;E-Wallet (OVO/Dana);750000;0;750000;Sukabumi;Jawa Barat
6a118f6afad93264426642d2;TRX-OLWUH8N0;09/03/2026;Siti Aminah;user2550@example.com;Non-Member;Meja Kerja Minimalis;Furniture;1200000;2;Kartu Kredit;2400000;0;2400000;Bandung;Jawa Barat
6a118f6afad93264426642d3;TRX-QJETSNUY;07/05/2026;Siti Aminah;user2551@example.com;Member;Kursi Gaming Premium;Furniture;2500000;4;COD;10000000;0;10000000;Semarang;Jawa Tengah
6a118f6afad93264426642d4;TRX-2ZTKI7HD;15/02/2025;Andi Wijaya;user2552@example.com;Non-Member;Paket Ayam Bakar Madu;Kuliner;35000;3;Transfer Bank;105000;0;105000;Jakarta;DKI Jakarta
6a118f6afad93264426642d5;TRX-OZRFP4KO;17/02/2025;Siti Aminah;user2553@example.com;Non-Member;Kemeja Flanel Oversize;Fashion;250000;1;Transfer Bank;250000;0;250000;Sukabumi;Jawa Barat
6a118f6afad93264426642d6;TRX-P1A0HMHV;16/03/2026;Dewi Lestari;user2554@example.com;Member;Laptop ASUS ROG;Elektronik;20000000;4;COD;80000000;0;80000000;Makassar;Sulawesi Selatan
6a118f6afad93264426642d7;TRX-Y77JRLWA;14/03/2025;Novianti;user2555@example.com;Member;Kemeja Flanel Oversize;Fashion;250000;2;Kartu Kredit;500000;0;500000;Bandung;Jawa Barat
6a118f6afad93264426642d8;TRX-4XEVQ7O3;23/01/2026;Budi Santoso;user2556@example.com;Member;Kopi Susu Gula Aren 1L;Kuliner;65000;1;E-Wallet (OVO/Dana);65000;0;65000;Makassar;Sulawesi Selatan
6a118f6afad93264426642d9;TRX-N0A6UHT0;16/08/2025;Rian Hidayat;user2557@example.com;Non-Member;Kemeja Flanel Oversize;Fashion;250000;1;COD;250000;0;250000;Bandung;Jawa Barat
6a118f6afad93264426642da;TRX-RSWM22K0;18/05/2025;Dewi Lestari;user2558@example.com;Member;Kursi Gaming Premium;Furniture;2500000;3;COD;7500000;0;7500000;Medan;Sumatera Utara
6a118f6afad93264426642db;TRX-ZFIKOA6D;21/02/2025;Siti Aminah;user2559@example.com;Member;Paket Ayam Bakar Madu;Kuliner;35000;1;COD;35000;0;35000;Makassar;Sulawesi Selatan
6a118f6afad93264426642dc;TRX-DA2DIKZ3;24/01/2025;Budi Santoso;user2560@example.com;Non-Member;Sepatu Sneaker Lokal;Fashion;450000;2;Kartu Kredit;900000;0;900000;Surabaya;Jawa Timur
6a118f6afad93264426642dd;TRX-G6QHEDA7;03/09/2025;Siti Aminah;user2561@example.com;Non-Member;Kemeja Flanel Oversize;Fashion;250000;3;COD;750000;0;750000;Sukabumi;Jawa Barat
6a118f6afad93264426642de;TRX-BACDZ1RG;02/04/2025;Budi Santoso;user2562@example.com;Non-Member;Paket Ayam Bakar Madu;Kuliner;35000;3;COD;105000;0;105000;Sukabumi;Jawa Barat
6a118f6afad93264426642df;TRX-2JDKUO6S;02/03/2026;Eko Prasetyo;user2563@example.com;Member;Paket Ayam Bakar Madu;Kuliner;35000;2;COD;70000;0;70000;Jakarta;DKI Jakarta
6a118f6afad93264426642e0;TRX-G225DP42;13/02/2025;Siti Aminah;user2564@example.com;Non-Member;Smartphone Samsung S24;Elektronik;13000000;1;E-Wallet (OVO/Dana);13000000;0;13000000;Surabaya;Jawa Timur
6a118f6afad93264426642e1;TRX-565MOKVA;21/03/2025;Andi Wijaya;user2565@example.com;Member;Kopi Susu Gula Aren 1L;Kuliner;65000;3;COD;195000;0;195000;Medan;Sumatera Utara
6a118f6afad93264426642e2;TRX-4UX1Y2E2;19/05/2026;Siti Aminah;user2566@example.com;Non-Member;Kemeja Flanel Oversize;Fashion;250000;2;Transfer Bank;500000;0;500000;Jakarta;DKI Jakarta
6a118f6afad93264426642e3;TRX-K7OA6SDX;16/09/2025;Budi Santoso;user2567@example.com;Member;Laptop ASUS ROG;Elektronik;20000000;3;E-Wallet (OVO/Dana);60000000;0;60000000;Bandung;Jawa Barat
6a118f6afad93264426642e4;TRX-ANXV63EP;23/05/2025;Jono Adriansyah;user2568@example.com;Non-Member;Laptop ASUS ROG;Elektronik;20000000;3;Kartu Kredit;60000000;0;60000000;Jakarta;DKI Jakarta
6a118f6afad93264426642e5;TRX-T6BRBS9J;04/05/2026;Novianti;user2569@example.com;Member;Smartphone Samsung S24;Elektronik;13000000;3;E-Wallet (OVO/Dana);39000000;0;39000000;Medan;Sumatera Utara
6a118f6afad93264426642e6;TRX-6W2R67VI;12/07/2025;Siti Aminah;user2570@example.com;Member;Smartphone Samsung S24;Elektronik;13000000;4;E-Wallet (OVO/Dana);52000000;0;52000000;Makassar;Sulawesi Selatan
6a118f6afad93264426642e7;TRX-BAXPGXRP;05/04/2025;Dewi Lestari;user2571@example.com;Member;Meja Kerja Minimalis;Furniture;1200000;2;Transfer Bank;2400000;0;2400000;Makassar;Sulawesi Selatan
6a118f6afad93264426642e8;TRX-TH8YNJZD;22/05/2026;Mega Pertiwi;user2572@example.com;Member;Smartphone Samsung S24;Elektronik;13000000;4;Transfer Bank;52000000;0;52000000;Makassar;Sulawesi Selatan
6a118f6afad93264426642e9;TRX-M4J8EC8G;20/04/2025;Fahmi Idris;user2573@example.com;Non-Member;Kursi Gaming Premium;Furniture;2500000;4;Kartu Kredit;10000000;0;10000000;Sukabumi;Jawa Barat
6a118f6afad93264426642ea;TRX-FFRHRPX5;08/11/2025;Mega Pertiwi;user2574@example.com;Member;Smartphone Samsung S24;Elektronik;13000000;4;Transfer Bank;52000000;0;52000000;Surabaya;Jawa Timur
6a118f6afad93264426642eb;TRX-H0PZLE8D;05/03/2026;Siti Aminah;user2575@example.com;Member;Kursi Gaming Premium;Furniture;2500000;4;Kartu Kredit;10000000;0;10000000;Surabaya;Jawa Timur
6a118f6afad93264426642ec;TRX-O6BRBTVE;18/09/2025;Andi Wijaya;user2576@example.com;Non-Member;Paket Ayam Bakar Madu;Kuliner;35000;1;Kartu Kredit;35000;0;35000;Bandung;Jawa Barat
6a118f6afad93264426642ed;TRX-1J34U9WZ;25/06/2025;Rian Hidayat;user2577@example.com;Non-Member;Kemeja Flanel Oversize;Fashion;250000;1;E-Wallet (OVO/Dana);250000;0;250000;Semarang;Jawa Tengah
6a118f6afad93264426642ee;TRX-99IV29RW;04/11/2025;Rian Hidayat;user2578@example.com;Member;Smartphone Samsung S24;Elektronik;13000000;2;Kartu Kredit;26000000;0;26000000;Sukabumi;Jawa Barat
6a118f6afad93264426642ef;TRX-5556AZ9D;01/04/2025;Eko Prasetyo;user2579@example.com;Member;Laptop ASUS ROG;Elektronik;20000000;1;E-Wallet (OVO/Dana);20000000;0;20000000;Surabaya;Jawa Timur
6a118f6afad93264426642f0;TRX-JBOFOYA6;26/03/2026;Andi Wijaya;user2580@example.com;Member;Kopi Susu Gula Aren 1L;Kuliner;65000;2;Kartu Kredit;130000;0;130000;Bandung;Jawa Barat
6a118f6afad93264426642f1;TRX-8KE6IYJT;20/02/2026;Jono Adriansyah;user2581@example.com;Non-Member;Kursi Gaming Premium;Furniture;2500000;3;COD;7500000;0;7500000;Surabaya;Jawa Timur
6a118f6afad93264426642f2;TRX-P4O4O468;27/02/2026;Eko Prasetyo;user2582@example.com;Member;Sepatu Sneaker Lokal;Fashion;450000;1;E-Wallet (OVO/Dana);450000;0;450000;Makassar;Sulawesi Selatan
6a118f6afad93264426642f3;TRX-UCGU48J3;21/01/2026;Mega Pertiwi;user2583@example.com;Non-Member;Paket Ayam Bakar Madu;Kuliner;35000;2;E-Wallet (OVO/Dana);70000;0;70000;Makassar;Sulawesi Selatan
6a118f6afad93264426642f4;TRX-3VIR5YL1;17/08/2025;Andi Wijaya;user2584@example.com;Member;Kopi Susu Gula Aren 1L;Kuliner;65000;2;COD;130000;0;130000;Sukabumi;Jawa Barat
6a118f6afad93264426642f5;TRX-1KIDPMIL;19/09/2025;Andi Wijaya;user2585@example.com;Member;Laptop ASUS ROG;Elektronik;20000000;4;Kartu Kredit;80000000;0;80000000;Bandung;Jawa Barat
6a118f6afad93264426642f6;TRX-4OGU531L;19/11/2025;Fahmi Idris;user2586@example.com;Non-Member;Kopi Susu Gula Aren 1L;Kuliner;65000;4;Transfer Bank;260000;0;260000;Jakarta;DKI Jakarta
6a118f6afad93264426642f7;TRX-PEG35H62;12/08/2025;Jono Adriansyah;user2587@example.com;Member;Kemeja Flanel Oversize;Fashion;250000;2;COD;500000;0;500000;Surabaya;Jawa Timur
6a118f6afad93264426642f8;TRX-H9GXD02C;23/02/2025;Mega Pertiwi;user2588@example.com;Non-Member;Paket Ayam Bakar Madu;Kuliner;35000;1;Kartu Kredit;35000;0;35000;Medan;Sumatera Utara
6a118f6afad93264426642f9;TRX-A44K2NLP;14/11/2025;Fahmi Idris;user2589@example.com;Member;Kursi Gaming Premium;Furniture;2500000;4;COD;10000000;0;10000000;Sukabumi;Jawa Barat
6a118f6afad93264426642fa;TRX-IICHLU7W;14/12/2025;Budi Santoso;user2590@example.com;Non-Member;Smartphone Samsung S24;Elektronik;13000000;3;E-Wallet (OVO/Dana);39000000;0;39000000;Semarang;Jawa Tengah
6a118f6afad93264426642fb;TRX-OPN45PIO;07/05/2025;Mega Pertiwi;user2591@example.com;Member;Laptop ASUS ROG;Elektronik;20000000;4;Kartu Kredit;80000000;0;80000000;Jakarta;DKI Jakarta
6a118f6afad93264426642fc;TRX-4M8MWPKY;08/05/2026;Dewi Lestari;user2592@example.com;Member;Kursi Gaming Premium;Furniture;2500000;4;Kartu Kredit;10000000;0;10000000;Sukabumi;Jawa Barat
6a118f6afad93264426642fd;TRX-PUAZYC7V;07/07/2025;Eko Prasetyo;user2593@example.com;Member;Paket Ayam Bakar Madu;Kuliner;35000;4;Kartu Kredit;140000;0;140000;Semarang;Jawa Tengah
6a118f6afad93264426642fe;TRX-TCXUNCM7;26/04/2025;Rian Hidayat;user2594@example.com;Non-Member;Kursi Gaming Premium;Furniture;2500000;4;COD;10000000;0;10000000;Makassar;Sulawesi Selatan
6a118f6afad93264426642ff;TRX-A3EU2NLT;18/09/2025;Budi Santoso;user2595@example.com;Non-Member;Paket Ayam Bakar Madu;Kuliner;35000;2;Kartu Kredit;70000;0;70000;Jakarta;DKI Jakarta
6a118f6afad9326442664300;TRX-TXM11UJR;08/12/2025;Rian Hidayat;user2596@example.com;Member;Kemeja Flanel Oversize;Fashion;250000;2;COD;500000;0;500000;Sukabumi;Jawa Barat
6a118f6afad9326442664301;TRX-WOHKSSOL;14/01/2026;Dewi Lestari;user2597@example.com;Non-Member;Kursi Gaming Premium;Furniture;2500000;4;COD;10000000;0;10000000;Sukabumi;Jawa Barat
6a118f6afad9326442664302;TRX-PF790H7C;31/03/2026;Eko Prasetyo;user2598@example.com;Non-Member;Kemeja Flanel Oversize;Fashion;250000;1;E-Wallet (OVO/Dana);250000;0;250000;Jakarta;DKI Jakarta
6a118f6afad9326442664303;TRX-11FG1IF5;08/05/2026;Siti Aminah;user2599@example.com;Member;Kursi Gaming Premium;Furniture;2500000;2;Kartu Kredit;5000000;0;5000000;Makassar;Sulawesi Selatan
6a118f6afad9326442664304;TRX-YVC79CWE;10/12/2025;Budi Santoso;user2600@example.com;Member;Kemeja Flanel Oversize;Fashion;250000;1;Kartu Kredit;250000;0;250000;Sukabumi;Jawa Barat
6a118f6afad9326442664305;TRX-VOXCBT4G;12/07/2025;Andi Wijaya;user2601@example.com;Member;Paket Ayam Bakar Madu;Kuliner;35000;3;Kartu Kredit;105000;0;105000;Bandung;Jawa Barat
6a118f6afad9326442664306;TRX-7TX5X35F;10/03/2026;Mega Pertiwi;user2602@example.com;Member;Kopi Susu Gula Aren 1L;Kuliner;65000;3;Transfer Bank;195000;0;195000;Medan;Sumatera Utara
6a118f6afad9326442664307;TRX-JPGL5JCJ;09/04/2025;Budi Santoso;user2603@example.com;Member;Paket Ayam Bakar Madu;Kuliner;35000;4;COD;140000;0;140000;Medan;Sumatera Utara
6a118f6afad9326442664308;TRX-UI58OH8F;21/05/2025;Andi Wijaya;user2604@example.com;Member;Kemeja Flanel Oversize;Fashion;250000;1;COD;250000;0;250000;Makassar;Sulawesi Selatan
6a118f6afad9326442664309;TRX-H14FINPD;20/09/2025;Siti Aminah;user2605@example.com;Non-Member;Kopi Susu Gula Aren 1L;Kuliner;65000;3;Transfer Bank;195000;0;195000;Sukabumi;Jawa Barat
6a118f6afad932644266430a;TRX-VNY1ES2A;24/08/2025;Andi Wijaya;user2606@example.com;Non-Member;Smartphone Samsung S24;Elektronik;13000000;4;COD;52000000;0;52000000;Semarang;Jawa Tengah
6a118f6afad932644266430b;TRX-MG63J4IC;19/03/2025;Mega Pertiwi;user2607@example.com;Non-Member;Smartphone Samsung S24;Elektronik;13000000;1;E-Wallet (OVO/Dana);13000000;0;13000000;Makassar;Sulawesi Selatan
6a118f6afad932644266430c;TRX-SV42MFJT;21/08/2025;Dewi Lestari;user2608@example.com;Non-Member;Smartphone Samsung S24;Elektronik;13000000;1;COD;13000000;0;13000000;Surabaya;Jawa Timur
6a118f6afad932644266430d;TRX-DC038WVZ;25/08/2025;Novianti;user2609@example.com;Non-Member;Kopi Susu Gula Aren 1L;Kuliner;65000;4;Transfer Bank;260000;0;260000;Bandung;Jawa Barat
6a118f6afad932644266430e;TRX-NKG2TNR3;06/09/2025;Mega Pertiwi;user2610@example.com;Non-Member;Smartphone Samsung S24;Elektronik;13000000;2;E-Wallet (OVO/Dana);26000000;0;26000000;Surabaya;Jawa Timur
6a118f6afad932644266430f;TRX-V82X1T61;10/01/2025;Rian Hidayat;user2611@example.com;Member;Kursi Gaming Premium;Furniture;2500000;1;E-Wallet (OVO/Dana);2500000;0;2500000;Jakarta;DKI Jakarta
6a118f6afad9326442664310;TRX-ZFVPP4ZG;09/03/2025;Fahmi Idris;user2612@example.com;Non-Member;Kopi Susu Gula Aren 1L;Kuliner;65000;3;E-Wallet (OVO/Dana);195000;0;195000;Semarang;Jawa Tengah
6a118f6afad9326442664311;TRX-52G1AOD9;24/05/2026;Novianti;user2613@example.com;Non-Member;Kemeja Flanel Oversize;Fashion;250000;3;Kartu Kredit;750000;0;750000;Makassar;Sulawesi Selatan
6a118f6afad9326442664312;TRX-QZVX8R8X;20/01/2025;Eko Prasetyo;user2614@example.com;Member;Kursi Gaming Premium;Furniture;2500000;4;COD;10000000;0;10000000;Sukabumi;Jawa Barat
6a118f6afad9326442664313;TRX-R8K2AGM1;23/05/2026;Siti Aminah;user2615@example.com;Non-Member;Smartphone Samsung S24;Elektronik;13000000;1;E-Wallet (OVO/Dana);13000000;0;13000000;Sukabumi;Jawa Barat
6a118f6afad9326442664314;TRX-EAYDI8SU;21/04/2025;Eko Prasetyo;user2616@example.com;Non-Member;Kursi Gaming Premium;Furniture;2500000;1;E-Wallet (OVO/Dana);2500000;0;2500000;Surabaya;Jawa Timur
6a118f6afad9326442664315;TRX-0LBF2IU4;21/04/2026;Budi Santoso;user2617@example.com;Member;Smartphone Samsung S24;Elektronik;13000000;2;E-Wallet (OVO/Dana);26000000;0;26000000;Medan;Sumatera Utara
6a118f6afad9326442664316;TRX-2XZHG1AH;14/01/2025;Fahmi Idris;user2618@example.com;Non-Member;Paket Ayam Bakar Madu;Kuliner;35000;3;COD;105000;0;105000;Makassar;Sulawesi Selatan
6a118f6afad9326442664317;TRX-6DAC9MOZ;21/05/2025;Jono Adriansyah;user2619@example.com;Member;Meja Kerja Minimalis;Furniture;1200000;2;COD;2400000;0;2400000;Makassar;Sulawesi Selatan
6a118f6afad9326442664318;TRX-GRBU8X6I;23/01/2026;Siti Aminah;user2620@example.com;Non-Member;Smartphone Samsung S24;Elektronik;13000000;2;Kartu Kredit;26000000;0;26000000;Jakarta;DKI Jakarta
6a118f6afad9326442664319;TRX-0XUQDYSA;01/03/2026;Fahmi Idris;user2621@example.com;Member;Kemeja Flanel Oversize;Fashion;250000;2;Transfer Bank;500000;0;500000;Sukabumi;Jawa Barat
6a118f6afad932644266431a;TRX-E12TN8MW;31/08/2025;Novianti;user2622@example.com;Member;Sepatu Sneaker Lokal;Fashion;450000;1;E-Wallet (OVO/Dana);450000;0;450000;Semarang;Jawa Tengah
6a118f6afad932644266431b;TRX-JC1UTIT3;03/06/2025;Mega Pertiwi;user2623@example.com;Non-Member;Kemeja Flanel Oversize;Fashion;250000;4;Transfer Bank;1000000;0;1000000;Makassar;Sulawesi Selatan
6a118f6afad932644266431c;TRX-UL295999;27/02/2026;Eko Prasetyo;user2624@example.com;Member;Sepatu Sneaker Lokal;Fashion;450000;1;Kartu Kredit;450000;0;450000;Jakarta;DKI Jakarta
6a118f6afad932644266431d;TRX-N4YHD14I;26/05/2025;Mega Pertiwi;user2625@example.com;Non-Member;Kemeja Flanel Oversize;Fashion;250000;2;Kartu Kredit;500000;0;500000;Surabaya;Jawa Timur
6a118f6afad932644266431e;TRX-GPDJZERH;10/03/2026;Rian Hidayat;user2626@example.com;Member;Meja Kerja Minimalis;Furniture;1200000;1;E-Wallet (OVO/Dana);1200000;0;1200000;Sukabumi;Jawa Barat
6a118f6afad932644266431f;TRX-RGUGBMHF;10/11/2025;Andi Wijaya;user2627@example.com;Member;Kursi Gaming Premium;Furniture;2500000;2;COD;5000000;0;5000000;Sukabumi;Jawa Barat
6a118f6afad9326442664320;TRX-R9SPB316;31/12/2025;Jono Adriansyah;user2628@example.com;Member;Kemeja Flanel Oversize;Fashion;250000;4;Kartu Kredit;1000000;0;1000000;Surabaya;Jawa Timur
6a118f6afad9326442664321;TRX-DSE7HV0C;13/04/2026;Budi Santoso;user2629@example.com;Non-Member;Laptop ASUS ROG;Elektronik;20000000;2;E-Wallet (OVO/Dana);40000000;0;40000000;Makassar;Sulawesi Selatan
6a118f6afad9326442664322;TRX-IBE5SI99;14/04/2026;Budi Santoso;user2630@example.com;Non-Member;Kursi Gaming Premium;Furniture;2500000;2;COD;5000000;0;5000000;Surabaya;Jawa Timur
6a118f6afad9326442664323;TRX-EMWZ61NW;04/03/2026;Jono Adriansyah;user2631@example.com;Non-Member;Kemeja Flanel Oversize;Fashion;250000;4;Kartu Kredit;1000000;0;1000000;Sukabumi;Jawa Barat
6a118f6afad9326442664324;TRX-ADFD2V9B;10/03/2025;Siti Aminah;user2632@example.com;Member;Paket Ayam Bakar Madu;Kuliner;35000;1;E-Wallet (OVO/Dana);35000;0;35000;Jakarta;DKI Jakarta
6a118f6afad9326442664325;TRX-9GO3L9H9;09/01/2026;Budi Santoso;user2633@example.com;Non-Member;Smartphone Samsung S24;Elektronik;13000000;1;E-Wallet (OVO/Dana);13000000;0;13000000;Sukabumi;Jawa Barat
6a118f6afad9326442664326;TRX-OV8JC8S6;19/04/2026;Fahmi Idris;user2634@example.com;Non-Member;Kemeja Flanel Oversize;Fashion;250000;1;COD;250000;0;250000;Surabaya;Jawa Timur
6a118f6afad9326442664327;TRX-Q5HRPOGU;14/04/2026;Fahmi Idris;user2635@example.com;Member;Kopi Susu Gula Aren 1L;Kuliner;65000;4;COD;260000;0;260000;Bandung;Jawa Barat
6a118f6afad9326442664328;TRX-EC659IL5;22/03/2026;Siti Aminah;user2636@example.com;Member;Laptop ASUS ROG;Elektronik;20000000;1;Transfer Bank;20000000;0;20000000;Bandung;Jawa Barat
6a118f6afad9326442664329;TRX-V5ENNR6U;16/01/2025;Siti Aminah;user2637@example.com;Member;Meja Kerja Minimalis;Furniture;1200000;3;Kartu Kredit;3600000;0;3600000;Medan;Sumatera Utara
6a118f6afad932644266432a;TRX-1SZ2MQCG;13/03/2025;Jono Adriansyah;user2638@example.com;Member;Sepatu Sneaker Lokal;Fashion;450000;4;Transfer Bank;1800000;0;1800000;Sukabumi;Jawa Barat
6a118f6afad932644266432b;TRX-HMUQXIUU;04/12/2025;Jono Adriansyah;user2639@example.com;Non-Member;Kopi Susu Gula Aren 1L;Kuliner;65000;4;COD;260000;0;260000;Surabaya;Jawa Timur
6a118f6afad932644266432c;TRX-OORUOATF;02/02/2025;Novianti;user2640@example.com;Member;Sepatu Sneaker Lokal;Fashion;450000;2;COD;900000;0;900000;Surabaya;Jawa Timur
6a118f6afad932644266432d;TRX-99QM7F7R;13/11/2025;Budi Santoso;user2641@example.com;Member;Meja Kerja Minimalis;Furniture;1200000;4;E-Wallet (OVO/Dana);4800000;0;4800000;Surabaya;Jawa Timur
6a118f6afad932644266432e;TRX-P1LK8NWD;15/08/2025;Dewi Lestari;user2642@example.com;Member;Paket Ayam Bakar Madu;Kuliner;35000;1;Transfer Bank;35000;0;35000;Medan;Sumatera Utara
6a118f6afad932644266432f;TRX-LOMDRT00;07/04/2025;Jono Adriansyah;user2643@example.com;Member;Paket Ayam Bakar Madu;Kuliner;35000;3;Kartu Kredit;105000;0;105000;Bandung;Jawa Barat
6a118f6afad9326442664330;TRX-MUPQ3M2A;27/10/2025;Eko Prasetyo;user2644@example.com;Non-Member;Smartphone Samsung S24;Elektronik;13000000;1;COD;13000000;0;13000000;Makassar;Sulawesi Selatan
6a118f6afad9326442664331;TRX-NGJLF8G9;06/03/2025;Siti Aminah;user2645@example.com;Non-Member;Kopi Susu Gula Aren 1L;Kuliner;65000;1;Transfer Bank;65000;0;65000;Makassar;Sulawesi Selatan
6a118f6afad9326442664332;TRX-594VZB06;11/05/2026;Budi Santoso;user2646@example.com;Member;Meja Kerja Minimalis;Furniture;1200000;2;Transfer Bank;2400000;0;2400000;Surabaya;Jawa Timur
6a118f6afad9326442664333;TRX-XDXPVEPS;21/05/2026;Novianti;user2647@example.com;Non-Member;Kemeja Flanel Oversize;Fashion;250000;3;Kartu Kredit;750000;0;750000;Semarang;Jawa Tengah
6a118f6afad9326442664334;TRX-OUH9ZQXW;21/05/2026;Siti Aminah;user2648@example.com;Non-Member;Kemeja Flanel Oversize;Fashion;250000;1;COD;250000;0;250000;Surabaya;Jawa Timur
6a118f6afad9326442664335;TRX-X2UV5OWA;11/08/2025;Jono Adriansyah;user2649@example.com;Non-Member;Laptop ASUS ROG;Elektronik;20000000;2;Kartu Kredit;40000000;0;40000000;Medan;Sumatera Utara
6a118f6afad9326442664336;TRX-W5GC0S6N;14/05/2026;Rian Hidayat;user2650@example.com;Non-Member;Kopi Susu Gula Aren 1L;Kuliner;65000;4;COD;260000;0;260000;Surabaya;Jawa Timur
6a118f6afad9326442664337;TRX-G2HBGIA3;13/05/2025;Mega Pertiwi;user2651@example.com;Member;Kopi Susu Gula Aren 1L;Kuliner;65000;4;Kartu Kredit;260000;0;260000;Surabaya;Jawa Timur
6a118f6afad9326442664338;TRX-8GNTNCMN;05/07/2025;Fahmi Idris;user2652@example.com;Member;Smartphone Samsung S24;Elektronik;13000000;2;Transfer Bank;26000000;0;26000000;Jakarta;DKI Jakarta
6a118f6afad9326442664339;TRX-71U69ZLY;23/10/2025;Eko Prasetyo;user2653@example.com;Non-Member;Paket Ayam Bakar Madu;Kuliner;35000;4;COD;140000;0;140000;Bandung;Jawa Barat
6a118f6afad932644266433a;TRX-G7AGMY4V;01/06/2025;Andi Wijaya;user2654@example.com;Member;Paket Ayam Bakar Madu;Kuliner;35000;1;COD;35000;0;35000;Sukabumi;Jawa Barat
6a118f6afad932644266433b;TRX-VR4PESTC;08/11/2025;Budi Santoso;user2655@example.com;Non-Member;Kursi Gaming Premium;Furniture;2500000;2;COD;5000000;0;5000000;Sukabumi;Jawa Barat
6a118f6afad932644266433c;TRX-GZYHP81L;06/04/2026;Novianti;user2656@example.com;Non-Member;Sepatu Sneaker Lokal;Fashion;450000;2;Transfer Bank;900000;0;900000;Medan;Sumatera Utara
6a118f6afad932644266433d;TRX-TQQDCTE3;23/01/2026;Mega Pertiwi;user2657@example.com;Member;Kemeja Flanel Oversize;Fashion;250000;3;COD;750000;0;750000;Jakarta;DKI Jakarta
6a118f6afad932644266433e;TRX-8C6D3E6I;27/04/2025;Jono Adriansyah;user2658@example.com;Member;Kopi Susu Gula Aren 1L;Kuliner;65000;2;COD;130000;0;130000;Semarang;Jawa Tengah
6a118f6afad932644266433f;TRX-HOR5LFTC;31/01/2026;Andi Wijaya;user2659@example.com;Member;Laptop ASUS ROG;Elektronik;20000000;2;COD;40000000;0;40000000;Jakarta;DKI Jakarta
6a118f6afad9326442664340;TRX-1J58A31T;04/06/2025;Siti Aminah;user2660@example.com;Member;Laptop ASUS ROG;Elektronik;20000000;1;Kartu Kredit;20000000;0;20000000;Semarang;Jawa Tengah
6a118f6afad9326442664341;TRX-RYMR232W;21/03/2025;Novianti;user2661@example.com;Non-Member;Sepatu Sneaker Lokal;Fashion;450000;2;Transfer Bank;900000;0;900000;Jakarta;DKI Jakarta
6a118f6afad9326442664342;TRX-UEANA8Z3;31/03/2025;Novianti;user2662@example.com;Member;Kemeja Flanel Oversize;Fashion;250000;3;E-Wallet (OVO/Dana);750000;0;750000;Surabaya;Jawa Timur
6a118f6afad9326442664343;TRX-U1S9R5FF;15/02/2026;Novianti;user2663@example.com;Member;Laptop ASUS ROG;Elektronik;20000000;1;COD;20000000;0;20000000;Surabaya;Jawa Timur
6a118f6afad9326442664344;TRX-J2WZICLG;09/10/2025;Rian Hidayat;user2664@example.com;Non-Member;Meja Kerja Minimalis;Furniture;1200000;4;Transfer Bank;4800000;0;4800000;Bandung;Jawa Barat
6a118f6afad9326442664345;TRX-NYY4QQ93;11/03/2026;Novianti;user2665@example.com;Member;Kemeja Flanel Oversize;Fashion;250000;4;COD;1000000;0;1000000;Surabaya;Jawa Timur
6a118f6afad9326442664346;TRX-46IPL57D;31/03/2026;Mega Pertiwi;user2666@example.com;Member;Sepatu Sneaker Lokal;Fashion;450000;3;Transfer Bank;1350000;0;1350000;Medan;Sumatera Utara
6a118f6afad9326442664347;TRX-BQEL9M3D;27/07/2025;Jono Adriansyah;user2667@example.com;Non-Member;Paket Ayam Bakar Madu;Kuliner;35000;3;COD;105000;0;105000;Medan;Sumatera Utara
6a118f6afad9326442664348;TRX-JFDGIX5Z;17/01/2026;Siti Aminah;user2668@example.com;Non-Member;Laptop ASUS ROG;Elektronik;20000000;4;COD;80000000;0;80000000;Semarang;Jawa Tengah
6a118f6afad9326442664349;TRX-P0ZQF6F6;23/06/2025;Jono Adriansyah;user2669@example.com;Member;Meja Kerja Minimalis;Furniture;1200000;2;Transfer Bank;2400000;0;2400000;Surabaya;Jawa Timur
6a118f6afad932644266434a;TRX-KM2H12A4;09/03/2026;Rian Hidayat;user2670@example.com;Non-Member;Paket Ayam Bakar Madu;Kuliner;35000;1;Kartu Kredit;35000;0;35000;Makassar;Sulawesi Selatan
6a118f6afad932644266434b;TRX-9UWR2CTB;09/06/2025;Budi Santoso;user2671@example.com;Non-Member;Smartphone Samsung S24;Elektronik;13000000;1;Transfer Bank;13000000;0;13000000;Bandung;Jawa Barat
6a118f6afad932644266434c;TRX-PDFJ36MA;18/06/2025;Jono Adriansyah;user2672@example.com;Member;Kursi Gaming Premium;Furniture;2500000;4;COD;10000000;0;10000000;Surabaya;Jawa Timur
6a118f6afad932644266434d;TRX-29NLM11A;03/06/2025;Novianti;user2673@example.com;Member;Sepatu Sneaker Lokal;Fashion;450000;3;COD;1350000;0;1350000;Jakarta;DKI Jakarta
6a118f6afad932644266434e;TRX-9K9K65MR;09/09/2025;Novianti;user2674@example.com;Member;Kemeja Flanel Oversize;Fashion;250000;3;E-Wallet (OVO/Dana);750000;0;750000;Surabaya;Jawa Timur
6a118f6afad932644266434f;TRX-T1UJ63IL;16/02/2026;Novianti;user2675@example.com;Member;Sepatu Sneaker Lokal;Fashion;450000;1;COD;450000;0;450000;Sukabumi;Jawa Barat
6a118f6afad9326442664350;TRX-ZNW5EEOR;09/11/2025;Jono Adriansyah;user2676@example.com;Non-Member;Laptop ASUS ROG;Elektronik;20000000;3;Transfer Bank;60000000;0;60000000;Sukabumi;Jawa Barat
6a118f6afad9326442664351;TRX-QTU4Q1IK;13/05/2025;Eko Prasetyo;user2677@example.com;Non-Member;Sepatu Sneaker Lokal;Fashion;450000;4;COD;1800000;0;1800000;Semarang;Jawa Tengah
6a118f6afad9326442664352;TRX-OMBUYK7S;01/04/2025;Mega Pertiwi;user2678@example.com;Member;Meja Kerja Minimalis;Furniture;1200000;2;E-Wallet (OVO/Dana);2400000;0;2400000;Sukabumi;Jawa Barat
6a118f6afad9326442664353;TRX-ARPUIKZW;24/06/2025;Andi Wijaya;user2679@example.com;Member;Kursi Gaming Premium;Furniture;2500000;1;COD;2500000;0;2500000;Bandung;Jawa Barat
6a118f6afad9326442664354;TRX-76VVFDE7;20/07/2025;Eko Prasetyo;user2680@example.com;Non-Member;Paket Ayam Bakar Madu;Kuliner;35000;2;Transfer Bank;70000;0;70000;Semarang;Jawa Tengah
6a118f6afad9326442664355;TRX-ZE17HA2F;25/02/2025;Dewi Lestari;user2681@example.com;Non-Member;Kemeja Flanel Oversize;Fashion;250000;2;E-Wallet (OVO/Dana);500000;0;500000;Makassar;Sulawesi Selatan
6a118f6afad9326442664356;TRX-XS52HODY;19/05/2025;Rian Hidayat;user2682@example.com;Member;Kemeja Flanel Oversize;Fashion;250000;1;COD;250000;0;250000;Bandung;Jawa Barat
6a118f6afad9326442664357;TRX-UXFXGG2R;11/03/2025;Novianti;user2683@example.com;Member;Meja Kerja Minimalis;Furniture;1200000;4;E-Wallet (OVO/Dana);4800000;0;4800000;Medan;Sumatera Utara
6a118f6afad9326442664358;TRX-TDL8FJ10;09/02/2025;Andi Wijaya;user2684@example.com;Member;Kopi Susu Gula Aren 1L;Kuliner;65000;1;Kartu Kredit;65000;0;65000;Medan;Sumatera Utara
6a118f6afad9326442664359;TRX-BN2J2M6B;18/06/2025;Mega Pertiwi;user2685@example.com;Non-Member;Laptop ASUS ROG;Elektronik;20000000;3;Transfer Bank;60000000;0;60000000;Surabaya;Jawa Timur
6a118f6afad932644266435a;TRX-1CZNGVIB;11/02/2025;Mega Pertiwi;user2686@example.com;Non-Member;Smartphone Samsung S24;Elektronik;13000000;2;E-Wallet (OVO/Dana);26000000;0;26000000;Medan;Sumatera Utara
6a118f6afad932644266435b;TRX-DFX9MQ6D;09/04/2025;Fahmi Idris;user2687@example.com;Non-Member;Smartphone Samsung S24;Elektronik;13000000;3;Kartu Kredit;39000000;0;39000000;Medan;Sumatera Utara
6a118f6afad932644266435c;TRX-K94EVQTK;21/10/2025;Fahmi Idris;user2688@example.com;Non-Member;Meja Kerja Minimalis;Furniture;1200000;4;COD;4800000;0;4800000;Bandung;Jawa Barat
6a118f6afad932644266435d;TRX-ZY1V7JQW;15/03/2025;Mega Pertiwi;user2689@example.com;Non-Member;Kemeja Flanel Oversize;Fashion;250000;3;E-Wallet (OVO/Dana);750000;0;750000;Surabaya;Jawa Timur
6a118f6afad932644266435e;TRX-SZ042B1I;16/03/2025;Andi Wijaya;user2690@example.com;Non-Member;Sepatu Sneaker Lokal;Fashion;450000;4;Transfer Bank;1800000;0;1800000;Medan;Sumatera Utara
6a118f6afad932644266435f;TRX-73W45CHS;09/05/2026;Novianti;user2691@example.com;Member;Kopi Susu Gula Aren 1L;Kuliner;65000;1;E-Wallet (OVO/Dana);65000;0;65000;Semarang;Jawa Tengah
6a118f6afad9326442664360;TRX-82I3F9NP;04/11/2025;Novianti;user2692@example.com;Non-Member;Meja Kerja Minimalis;Furniture;1200000;1;Kartu Kredit;1200000;0;1200000;Bandung;Jawa Barat
6a118f6afad9326442664361;TRX-PC6NYV3G;14/03/2025;Jono Adriansyah;user2693@example.com;Non-Member;Smartphone Samsung S24;Elektronik;13000000;2;E-Wallet (OVO/Dana);26000000;0;26000000;Sukabumi;Jawa Barat
6a118f6afad9326442664362;TRX-X69GOBN0;27/11/2025;Mega Pertiwi;user2694@example.com;Non-Member;Kursi Gaming Premium;Furniture;2500000;4;Transfer Bank;10000000;0;10000000;Makassar;Sulawesi Selatan
6a118f6afad9326442664363;TRX-SCSC5TLB;19/02/2026;Eko Prasetyo;user2695@example.com;Non-Member;Paket Ayam Bakar Madu;Kuliner;35000;1;Transfer Bank;35000;0;35000;Medan;Sumatera Utara
6a118f6afad9326442664364;TRX-4UG2DC8O;15/04/2025;Rian Hidayat;user2696@example.com;Member;Kemeja Flanel Oversize;Fashion;250000;3;Transfer Bank;750000;0;750000;Makassar;Sulawesi Selatan
6a118f6afad9326442664365;TRX-LTLKZM91;01/11/2025;Budi Santoso;user2697@example.com;Member;Meja Kerja Minimalis;Furniture;1200000;1;Kartu Kredit;1200000;0;1200000;Semarang;Jawa Tengah
6a118f6afad9326442664366;TRX-DSXCN92P;01/01/2026;Fahmi Idris;user2698@example.com;Non-Member;Laptop ASUS ROG;Elektronik;20000000;3;E-Wallet (OVO/Dana);60000000;0;60000000;Surabaya;Jawa Timur
6a118f6afad9326442664367;TRX-PO63JTY4;15/06/2025;Novianti;user2699@example.com;Member;Laptop ASUS ROG;Elektronik;20000000;2;Transfer Bank;40000000;0;40000000;Medan;Sumatera Utara
6a118f6afad9326442664368;TRX-3BZJ2ZV6;19/05/2026;Eko Prasetyo;user2700@example.com;Non-Member;Kursi Gaming Premium;Furniture;2500000;1;COD;2500000;0;2500000;Bandung;Jawa Barat
6a118f6afad9326442664369;TRX-NJNWCTRI;18/07/2025;Budi Santoso;user2701@example.com;Member;Kemeja Flanel Oversize;Fashion;250000;2;COD;500000;0;500000;Semarang;Jawa Tengah
6a118f6afad932644266436a;TRX-1NRHHMAS;02/09/2025;Dewi Lestari;user2702@example.com;Non-Member;Laptop ASUS ROG;Elektronik;20000000;3;COD;60000000;0;60000000;Makassar;Sulawesi Selatan
6a118f6afad932644266436b;TRX-AU5HZT6Z;07/06/2025;Budi Santoso;user2703@example.com;Non-Member;Kemeja Flanel Oversize;Fashion;250000;2;E-Wallet (OVO/Dana);500000;0;500000;Semarang;Jawa Tengah
6a118f6afad932644266436c;TRX-LD4WUCGI;26/08/2025;Dewi Lestari;user2704@example.com;Member;Kemeja Flanel Oversize;Fashion;250000;4;Kartu Kredit;1000000;0;1000000;Bandung;Jawa Barat
6a118f6afad932644266436d;TRX-CBPVTCRU;26/09/2025;Jono Adriansyah;user2705@example.com;Member;Kopi Susu Gula Aren 1L;Kuliner;65000;4;Kartu Kredit;260000;0;260000;Sukabumi;Jawa Barat
6a118f6afad932644266436e;TRX-M4QUOHV4;08/07/2025;Fahmi Idris;user2706@example.com;Non-Member;Kopi Susu Gula Aren 1L;Kuliner;65000;4;E-Wallet (OVO/Dana);260000;0;260000;Surabaya;Jawa Timur
6a118f6afad932644266436f;TRX-D0VC1J73;27/10/2025;Rian Hidayat;user2707@example.com;Member;Kursi Gaming Premium;Furniture;2500000;1;E-Wallet (OVO/Dana);2500000;0;2500000;Medan;Sumatera Utara
6a118f6afad9326442664370;TRX-I34PXPBL;16/11/2025;Fahmi Idris;user2708@example.com;Member;Smartphone Samsung S24;Elektronik;13000000;3;E-Wallet (OVO/Dana);39000000;0;39000000;Makassar;Sulawesi Selatan
6a118f6afad9326442664371;TRX-0M71RPME;09/12/2025;Jono Adriansyah;user2709@example.com;Member;Smartphone Samsung S24;Elektronik;13000000;1;Transfer Bank;13000000;0;13000000;Surabaya;Jawa Timur
6a118f6afad9326442664372;TRX-AWQ0M8R6;16/01/2025;Andi Wijaya;user2710@example.com;Member;Kopi Susu Gula Aren 1L;Kuliner;65000;1;Kartu Kredit;65000;0;65000;Surabaya;Jawa Timur
6a118f6afad9326442664373;TRX-UXJQWHX6;21/12/2025;Eko Prasetyo;user2711@example.com;Non-Member;Paket Ayam Bakar Madu;Kuliner;35000;1;Kartu Kredit;35000;0;35000;Sukabumi;Jawa Barat
6a118f6afad9326442664374;TRX-IU897KLA;10/05/2026;Mega Pertiwi;user2712@example.com;Member;Sepatu Sneaker Lokal;Fashion;450000;3;Transfer Bank;1350000;0;1350000;Surabaya;Jawa Timur
6a118f6afad9326442664375;TRX-G0YXVMHY;17/04/2025;Andi Wijaya;user2713@example.com;Non-Member;Paket Ayam Bakar Madu;Kuliner;35000;2;Transfer Bank;70000;0;70000;Sukabumi;Jawa Barat
6a118f6afad9326442664376;TRX-UPIVPC6O;24/08/2025;Jono Adriansyah;user2714@example.com;Non-Member;Kursi Gaming Premium;Furniture;2500000;3;E-Wallet (OVO/Dana);7500000;0;7500000;Jakarta;DKI Jakarta
6a118f6afad9326442664377;TRX-XPY8BLYM;18/01/2026;Mega Pertiwi;user2715@example.com;Non-Member;Smartphone Samsung S24;Elektronik;13000000;1;Kartu Kredit;13000000;0;13000000;Semarang;Jawa Tengah
6a118f6afad9326442664378;TRX-JC1A99TS;06/03/2026;Rian Hidayat;user2716@example.com;Member;Kemeja Flanel Oversize;Fashion;250000;1;E-Wallet (OVO/Dana);250000;0;250000;Sukabumi;Jawa Barat
6a118f6afad9326442664379;TRX-P04YVW6E;21/11/2025;Siti Aminah;user2717@example.com;Non-Member;Kursi Gaming Premium;Furniture;2500000;3;Transfer Bank;7500000;0;7500000;Makassar;Sulawesi Selatan
6a118f6afad932644266437a;TRX-V771DYKR;22/12/2025;Jono Adriansyah;user2718@example.com;Member;Kemeja Flanel Oversize;Fashion;250000;2;COD;500000;0;500000;Sukabumi;Jawa Barat
6a118f6afad932644266437b;TRX-BG34YQDV;09/01/2026;Budi Santoso;user2719@example.com;Member;Kopi Susu Gula Aren 1L;Kuliner;65000;1;COD;65000;0;65000;Jakarta;DKI Jakarta
6a118f6afad932644266437c;TRX-316Z99G8;25/04/2026;Siti Aminah;user2720@example.com;Non-Member;Kemeja Flanel Oversize;Fashion;250000;4;E-Wallet (OVO/Dana);1000000;0;1000000;Makassar;Sulawesi Selatan
6a118f6afad932644266437d;TRX-4VUTRXVM;26/04/2025;Dewi Lestari;user2721@example.com;Member;Sepatu Sneaker Lokal;Fashion;450000;2;Kartu Kredit;900000;0;900000;Bandung;Jawa Barat
6a118f6afad932644266437e;TRX-42WWSD6V;17/07/2025;Dewi Lestari;user2722@example.com;Member;Laptop ASUS ROG;Elektronik;20000000;4;Transfer Bank;80000000;0;80000000;Bandung;Jawa Barat
6a118f6afad932644266437f;TRX-14D6W2A1;09/03/2025;Mega Pertiwi;user2723@example.com;Member;Paket Ayam Bakar Madu;Kuliner;35000;1;Kartu Kredit;35000;0;35000;Sukabumi;Jawa Barat
6a118f6afad9326442664380;TRX-LNXZJPHB;07/09/2025;Budi Santoso;user2724@example.com;Member;Meja Kerja Minimalis;Furniture;1200000;2;Kartu Kredit;2400000;0;2400000;Surabaya;Jawa Timur
6a118f6afad9326442664381;TRX-F5KUAKM4;17/05/2026;Mega Pertiwi;user2725@example.com;Non-Member;Paket Ayam Bakar Madu;Kuliner;35000;2;E-Wallet (OVO/Dana);70000;0;70000;Bandung;Jawa Barat
6a118f6afad9326442664382;TRX-KIRVR448;04/11/2025;Mega Pertiwi;user2726@example.com;Non-Member;Kopi Susu Gula Aren 1L;Kuliner;65000;2;Kartu Kredit;130000;0;130000;Bandung;Jawa Barat
6a118f6afad9326442664383;TRX-4L8TNBZQ;24/02/2026;Andi Wijaya;user2727@example.com;Member;Meja Kerja Minimalis;Furniture;1200000;1;COD;1200000;0;1200000;Bandung;Jawa Barat
6a118f6afad9326442664384;TRX-HPTK1W6W;22/01/2026;Mega Pertiwi;user2728@example.com;Non-Member;Meja Kerja Minimalis;Furniture;1200000;3;E-Wallet (OVO/Dana);3600000;0;3600000;Makassar;Sulawesi Selatan
6a118f6afad9326442664385;TRX-UL1LC6I3;16/10/2025;Budi Santoso;user2729@example.com;Non-Member;Kopi Susu Gula Aren 1L;Kuliner;65000;4;E-Wallet (OVO/Dana);260000;0;260000;Semarang;Jawa Tengah
6a118f6afad9326442664386;TRX-SFIGA4VS;09/03/2026;Budi Santoso;user2730@example.com;Non-Member;Sepatu Sneaker Lokal;Fashion;450000;1;E-Wallet (OVO/Dana);450000;0;450000;Makassar;Sulawesi Selatan
6a118f6afad9326442664387;TRX-JI1VF1LQ;21/04/2025;Siti Aminah;user2731@example.com;Member;Kursi Gaming Premium;Furniture;2500000;2;COD;5000000;0;5000000;Sukabumi;Jawa Barat
6a118f6afad9326442664388;TRX-UCAFH4GS;21/01/2026;Andi Wijaya;user2732@example.com;Member;Paket Ayam Bakar Madu;Kuliner;35000;4;Transfer Bank;140000;0;140000;Sukabumi;Jawa Barat
6a118f6afad9326442664389;TRX-R7T90Z95;16/05/2025;Siti Aminah;user2733@example.com;Member;Kopi Susu Gula Aren 1L;Kuliner;65000;3;Kartu Kredit;195000;0;195000;Surabaya;Jawa Timur
6a118f6afad932644266438a;TRX-AAQZAM60;19/03/2025;Budi Santoso;user2734@example.com;Non-Member;Meja Kerja Minimalis;Furniture;1200000;1;E-Wallet (OVO/Dana);1200000;0;1200000;Semarang;Jawa Tengah
6a118f6afad932644266438b;TRX-VL1BV3XE;22/03/2025;Dewi Lestari;user2735@example.com;Member;Kursi Gaming Premium;Furniture;2500000;3;Kartu Kredit;7500000;0;7500000;Medan;Sumatera Utara
6a118f6afad932644266438c;TRX-39GQNI19;19/05/2025;Mega Pertiwi;user2736@example.com;Member;Kemeja Flanel Oversize;Fashion;250000;3;COD;750000;0;750000;Sukabumi;Jawa Barat
6a118f6afad932644266438d;TRX-XNZEDILV;27/12/2025;Fahmi Idris;user2737@example.com;Non-Member;Smartphone Samsung S24;Elektronik;13000000;2;Transfer Bank;26000000;0;26000000;Semarang;Jawa Tengah
6a118f6afad932644266438e;TRX-SBVM7H6I;04/05/2026;Siti Aminah;user2738@example.com;Non-Member;Meja Kerja Minimalis;Furniture;1200000;2;Kartu Kredit;2400000;0;2400000;Makassar;Sulawesi Selatan
6a118f6afad932644266438f;TRX-TFV56GRG;23/09/2025;Novianti;user2739@example.com;Non-Member;Meja Kerja Minimalis;Furniture;1200000;4;Kartu Kredit;4800000;0;4800000;Makassar;Sulawesi Selatan
6a118f6afad9326442664390;TRX-NJFSW9AZ;13/01/2025;Jono Adriansyah;user2740@example.com;Non-Member;Smartphone Samsung S24;Elektronik;13000000;3;Transfer Bank;39000000;0;39000000;Makassar;Sulawesi Selatan
6a118f6afad9326442664391;TRX-FXNZE1MH;08/01/2025;Rian Hidayat;user2741@example.com;Non-Member;Smartphone Samsung S24;Elektronik;13000000;1;Transfer Bank;13000000;0;13000000;Bandung;Jawa Barat
6a118f6afad9326442664392;TRX-TSGHFMJX;02/03/2025;Dewi Lestari;user2742@example.com;Non-Member;Laptop ASUS ROG;Elektronik;20000000;1;Transfer Bank;20000000;0;20000000;Sukabumi;Jawa Barat
6a118f6afad9326442664393;TRX-F2M9B5V3;16/04/2025;Jono Adriansyah;user2743@example.com;Member;Laptop ASUS ROG;Elektronik;20000000;2;COD;40000000;0;40000000;Jakarta;DKI Jakarta
6a118f6afad9326442664394;TRX-9XJFX93W;15/04/2026;Mega Pertiwi;user2744@example.com;Non-Member;Laptop ASUS ROG;Elektronik;20000000;4;Transfer Bank;80000000;0;80000000;Bandung;Jawa Barat
6a118f6afad9326442664395;TRX-M4XXGJZ9;02/09/2025;Eko Prasetyo;user2745@example.com;Member;Sepatu Sneaker Lokal;Fashion;450000;1;COD;450000;0;450000;Medan;Sumatera Utara
6a118f6afad9326442664396;TRX-6A5XYOJF;21/02/2026;Mega Pertiwi;user2746@example.com;Non-Member;Paket Ayam Bakar Madu;Kuliner;35000;3;E-Wallet (OVO/Dana);105000;0;105000;Sukabumi;Jawa Barat
6a118f6afad9326442664397;TRX-DBG5DMWO;22/02/2026;Andi Wijaya;user2747@example.com;Member;Kemeja Flanel Oversize;Fashion;250000;3;E-Wallet (OVO/Dana);750000;0;750000;Makassar;Sulawesi Selatan
6a118f6afad9326442664398;TRX-9ZK5FFXE;11/06/2025;Fahmi Idris;user2748@example.com;Non-Member;Sepatu Sneaker Lokal;Fashion;450000;2;Kartu Kredit;900000;0;900000;Jakarta;DKI Jakarta
6a118f6afad9326442664399;TRX-RTZ87777;05/01/2025;Novianti;user2749@example.com;Non-Member;Laptop ASUS ROG;Elektronik;20000000;3;E-Wallet (OVO/Dana);60000000;0;60000000;Makassar;Sulawesi Selatan
6a118f6afad932644266439a;TRX-7B19WJ9M;23/05/2026;Dewi Lestari;user2750@example.com;Non-Member;Kursi Gaming Premium;Furniture;2500000;4;Transfer Bank;10000000;0;10000000;Sukabumi;Jawa Barat
6a118f6afad932644266439b;TRX-BM7H436D;16/05/2026;Mega Pertiwi;user2751@example.com;Non-Member;Kopi Susu Gula Aren 1L;Kuliner;65000;2;COD;130000;0;130000;Medan;Sumatera Utara
6a118f6afad932644266439c;TRX-4HV9XVHT;19/01/2025;Siti Aminah;user2752@example.com;Member;Kopi Susu Gula Aren 1L;Kuliner;65000;3;COD;195000;0;195000;Surabaya;Jawa Timur
6a118f6afad932644266439d;TRX-CPJN9481;20/11/2025;Budi Santoso;user2753@example.com;Non-Member;Sepatu Sneaker Lokal;Fashion;450000;2;Kartu Kredit;900000;0;900000;Bandung;Jawa Barat
6a118f6afad932644266439e;TRX-GJ27FJ8H;31/01/2026;Budi Santoso;user2754@example.com;Non-Member;Meja Kerja Minimalis;Furniture;1200000;4;Transfer Bank;4800000;0;4800000;Sukabumi;Jawa Barat
6a118f6afad932644266439f;TRX-1FAF4MF2;27/03/2025;Mega Pertiwi;user2755@example.com;Member;Kopi Susu Gula Aren 1L;Kuliner;65000;4;Transfer Bank;260000;0;260000;Semarang;Jawa Tengah
6a118f6afad93264426643a0;TRX-KMRDOWIU;06/04/2025;Novianti;user2756@example.com;Member;Laptop ASUS ROG;Elektronik;20000000;1;E-Wallet (OVO/Dana);20000000;0;20000000;Surabaya;Jawa Timur
6a118f6afad93264426643a1;TRX-HG0P1UFZ;16/09/2025;Fahmi Idris;user2757@example.com;Member;Paket Ayam Bakar Madu;Kuliner;35000;1;E-Wallet (OVO/Dana);35000;0;35000;Jakarta;DKI Jakarta
6a118f6afad93264426643a2;TRX-Q0OIJFJX;16/12/2025;Jono Adriansyah;user2758@example.com;Non-Member;Laptop ASUS ROG;Elektronik;20000000;1;Transfer Bank;20000000;0;20000000;Bandung;Jawa Barat
6a118f6afad93264426643a3;TRX-JFANESIF;09/12/2025;Novianti;user2759@example.com;Non-Member;Laptop ASUS ROG;Elektronik;20000000;1;E-Wallet (OVO/Dana);20000000;0;20000000;Surabaya;Jawa Timur
6a118f6afad93264426643a4;TRX-OM54Q1IJ;01/04/2026;Andi Wijaya;user2760@example.com;Member;Meja Kerja Minimalis;Furniture;1200000;2;E-Wallet (OVO/Dana);2400000;0;2400000;Jakarta;DKI Jakarta
6a118f6afad93264426643a5;TRX-JVX1AWF1;18/01/2025;Mega Pertiwi;user2761@example.com;Member;Kemeja Flanel Oversize;Fashion;250000;1;E-Wallet (OVO/Dana);250000;0;250000;Semarang;Jawa Tengah
6a118f6afad93264426643a6;TRX-N5YXDSNY;07/05/2025;Dewi Lestari;user2762@example.com;Non-Member;Sepatu Sneaker Lokal;Fashion;450000;2;COD;900000;0;900000;Surabaya;Jawa Timur
6a118f6afad93264426643a7;TRX-Y2EE3TM6;22/01/2026;Siti Aminah;user2763@example.com;Member;Paket Ayam Bakar Madu;Kuliner;35000;1;Transfer Bank;35000;0;35000;Sukabumi;Jawa Barat
6a118f6afad93264426643a8;TRX-6DYQZ1ES;03/03/2025;Dewi Lestari;user2764@example.com;Non-Member;Sepatu Sneaker Lokal;Fashion;450000;3;COD;1350000;0;1350000;Medan;Sumatera Utara
6a118f6afad93264426643a9;TRX-FV8ICXTA;15/03/2025;Dewi Lestari;user2765@example.com;Non-Member;Smartphone Samsung S24;Elektronik;13000000;1;E-Wallet (OVO/Dana);13000000;0;13000000;Makassar;Sulawesi Selatan
6a118f6afad93264426643aa;TRX-N4X6WMR7;02/09/2025;Mega Pertiwi;user2766@example.com;Member;Kursi Gaming Premium;Furniture;2500000;2;E-Wallet (OVO/Dana);5000000;0;5000000;Semarang;Jawa Tengah
6a118f6afad93264426643ab;TRX-EAJRZPON;13/04/2025;Andi Wijaya;user2767@example.com;Non-Member;Laptop ASUS ROG;Elektronik;20000000;3;Transfer Bank;60000000;0;60000000;Bandung;Jawa Barat
6a118f6afad93264426643ac;TRX-453UCVT9;22/10/2025;Andi Wijaya;user2768@example.com;Non-Member;Kopi Susu Gula Aren 1L;Kuliner;65000;3;Kartu Kredit;195000;0;195000;Jakarta;DKI Jakarta
6a118f6afad93264426643ad;TRX-72GL90DC;22/07/2025;Andi Wijaya;user2769@example.com;Non-Member;Meja Kerja Minimalis;Furniture;1200000;1;Transfer Bank;1200000;0;1200000;Medan;Sumatera Utara
6a118f6afad93264426643ae;TRX-FVI3ZCQB;24/02/2026;Mega Pertiwi;user2770@example.com;Non-Member;Meja Kerja Minimalis;Furniture;1200000;3;Transfer Bank;3600000;0;3600000;Semarang;Jawa Tengah
6a118f6afad93264426643af;TRX-QAPYP1J3;11/05/2026;Jono Adriansyah;user2771@example.com;Member;Kemeja Flanel Oversize;Fashion;250000;2;Kartu Kredit;500000;0;500000;Bandung;Jawa Barat
6a118f6afad93264426643b0;TRX-3OLZZ46E;23/05/2025;Novianti;user2772@example.com;Member;Meja Kerja Minimalis;Furniture;1200000;4;COD;4800000;0;4800000;Sukabumi;Jawa Barat
6a118f6afad93264426643b1;TRX-P2JODEZ3;16/02/2026;Novianti;user2773@example.com;Member;Kursi Gaming Premium;Furniture;2500000;4;Kartu Kredit;10000000;0;10000000;Semarang;Jawa Tengah
6a118f6afad93264426643b2;TRX-ZHDTL4LF;23/05/2026;Andi Wijaya;user2774@example.com;Member;Kursi Gaming Premium;Furniture;2500000;1;Transfer Bank;2500000;0;2500000;Makassar;Sulawesi Selatan
6a118f6afad93264426643b3;TRX-561FCQAR;14/09/2025;Siti Aminah;user2775@example.com;Non-Member;Sepatu Sneaker Lokal;Fashion;450000;3;COD;1350000;0;1350000;Medan;Sumatera Utara
6a118f6afad93264426643b4;TRX-RAA3YQ1T;17/12/2025;Rian Hidayat;user2776@example.com;Member;Kopi Susu Gula Aren 1L;Kuliner;65000;2;Transfer Bank;130000;0;130000;Sukabumi;Jawa Barat
6a118f6afad93264426643b5;TRX-YX5XWE25;31/01/2025;Rian Hidayat;user2777@example.com;Non-Member;Kursi Gaming Premium;Furniture;2500000;1;Kartu Kredit;2500000;0;2500000;Semarang;Jawa Tengah
6a118f6afad93264426643b6;TRX-50OZUG54;09/12/2025;Andi Wijaya;user2778@example.com;Member;Kemeja Flanel Oversize;Fashion;250000;1;Kartu Kredit;250000;0;250000;Bandung;Jawa Barat
6a118f6afad93264426643b7;TRX-8C7HI00U;20/11/2025;Mega Pertiwi;user2779@example.com;Non-Member;Meja Kerja Minimalis;Furniture;1200000;2;E-Wallet (OVO/Dana);2400000;0;2400000;Makassar;Sulawesi Selatan
6a118f6afad93264426643b8;TRX-7KX7Z6LF;12/03/2026;Rian Hidayat;user2780@example.com;Member;Kursi Gaming Premium;Furniture;2500000;3;E-Wallet (OVO/Dana);7500000;0;7500000;Surabaya;Jawa Timur
6a118f6afad93264426643b9;TRX-OMBTFDMD;07/09/2025;Fahmi Idris;user2781@example.com;Member;Meja Kerja Minimalis;Furniture;1200000;3;Transfer Bank;3600000;0;3600000;Bandung;Jawa Barat
6a118f6afad93264426643ba;TRX-5T3AXNFF;06/05/2025;Rian Hidayat;user2782@example.com;Member;Smartphone Samsung S24;Elektronik;13000000;3;Transfer Bank;39000000;0;39000000;Jakarta;DKI Jakarta
6a118f6afad93264426643bb;TRX-EF8L6F06;26/02/2026;Eko Prasetyo;user2783@example.com;Member;Meja Kerja Minimalis;Furniture;1200000;2;Transfer Bank;2400000;0;2400000;Semarang;Jawa Tengah
6a118f6afad93264426643bc;TRX-Q5TX6O14;10/09/2025;Andi Wijaya;user2784@example.com;Non-Member;Kursi Gaming Premium;Furniture;2500000;1;Kartu Kredit;2500000;0;2500000;Jakarta;DKI Jakarta
6a118f6afad93264426643bd;TRX-SKXRQB54;06/06/2025;Rian Hidayat;user2785@example.com;Non-Member;Kursi Gaming Premium;Furniture;2500000;1;Kartu Kredit;2500000;0;2500000;Medan;Sumatera Utara
6a118f6afad93264426643be;TRX-X21IQ478;20/05/2025;Andi Wijaya;user2786@example.com;Non-Member;Laptop ASUS ROG;Elektronik;20000000;3;E-Wallet (OVO/Dana);60000000;0;60000000;Jakarta;DKI Jakarta
6a118f6afad93264426643bf;TRX-GU86BY4F;22/02/2026;Mega Pertiwi;user2787@example.com;Non-Member;Kursi Gaming Premium;Furniture;2500000;4;Kartu Kredit;10000000;0;10000000;Makassar;Sulawesi Selatan
6a118f6afad93264426643c0;TRX-FYSF7JRW;04/02/2026;Mega Pertiwi;user2788@example.com;Member;Sepatu Sneaker Lokal;Fashion;450000;3;Transfer Bank;1350000;0;1350000;Jakarta;DKI Jakarta
6a118f6afad93264426643c1;TRX-NV14M9RV;14/03/2026;Budi Santoso;user2789@example.com;Member;Kemeja Flanel Oversize;Fashion;250000;4;Kartu Kredit;1000000;0;1000000;Sukabumi;Jawa Barat
6a118f6afad93264426643c2;TRX-ZL3B4DGV;17/10/2025;Rian Hidayat;user2790@example.com;Member;Kemeja Flanel Oversize;Fashion;250000;3;E-Wallet (OVO/Dana);750000;0;750000;Medan;Sumatera Utara
6a118f6afad93264426643c3;TRX-63X0XHL7;13/01/2025;Andi Wijaya;user2791@example.com;Member;Laptop ASUS ROG;Elektronik;20000000;1;Transfer Bank;20000000;0;20000000;Surabaya;Jawa Timur
6a118f6afad93264426643c4;TRX-EYBG8CW2;10/10/2025;Fahmi Idris;user2792@example.com;Member;Kopi Susu Gula Aren 1L;Kuliner;65000;4;Transfer Bank;260000;0;260000;Medan;Sumatera Utara
6a118f6afad93264426643c5;TRX-XLX5PEEP;23/07/2025;Jono Adriansyah;user2793@example.com;Non-Member;Kursi Gaming Premium;Furniture;2500000;3;Kartu Kredit;7500000;0;7500000;Surabaya;Jawa Timur
6a118f6afad93264426643c6;TRX-MTXFO9BY;19/03/2025;Budi Santoso;user2794@example.com;Non-Member;Smartphone Samsung S24;Elektronik;13000000;2;Kartu Kredit;26000000;0;26000000;Semarang;Jawa Tengah
6a118f6afad93264426643c7;TRX-CWR3BSJC;17/03/2025;Fahmi Idris;user2795@example.com;Member;Kursi Gaming Premium;Furniture;2500000;2;Kartu Kredit;5000000;0;5000000;Medan;Sumatera Utara
6a118f6afad93264426643c8;TRX-VDLVGJ03;22/06/2025;Budi Santoso;user2796@example.com;Member;Smartphone Samsung S24;Elektronik;13000000;3;COD;39000000;0;39000000;Medan;Sumatera Utara
6a118f6afad93264426643c9;TRX-8Z1TF6Q0;14/09/2025;Eko Prasetyo;user2797@example.com;Member;Laptop ASUS ROG;Elektronik;20000000;4;Kartu Kredit;80000000;0;80000000;Medan;Sumatera Utara
6a118f6afad93264426643ca;TRX-FKU5HBSU;26/12/2025;Siti Aminah;user2798@example.com;Non-Member;Meja Kerja Minimalis;Furniture;1200000;4;E-Wallet (OVO/Dana);4800000;0;4800000;Surabaya;Jawa Timur
6a118f6afad93264426643cb;TRX-T5ZPMQZS;06/05/2026;Andi Wijaya;user2799@example.com;Member;Laptop ASUS ROG;Elektronik;20000000;3;E-Wallet (OVO/Dana);60000000;0;60000000;Semarang;Jawa Tengah
6a118f6afad93264426643cc;TRX-E2L5F0HN;15/03/2026;Andi Wijaya;user2800@example.com;Non-Member;Kemeja Flanel Oversize;Fashion;250000;2;COD;500000;0;500000;Medan;Sumatera Utara
6a118f6afad93264426643cd;TRX-0IC0HISH;20/05/2026;Dewi Lestari;user2801@example.com;Non-Member;Paket Ayam Bakar Madu;Kuliner;35000;3;E-Wallet (OVO/Dana);105000;0;105000;Semarang;Jawa Tengah
6a118f6afad93264426643ce;TRX-GJCRG3BJ;21/09/2025;Eko Prasetyo;user2802@example.com;Member;Kursi Gaming Premium;Furniture;2500000;2;Transfer Bank;5000000;0;5000000;Medan;Sumatera Utara
6a118f6afad93264426643cf;TRX-F0XGCZ5R;06/01/2026;Fahmi Idris;user2803@example.com;Non-Member;Meja Kerja Minimalis;Furniture;1200000;3;E-Wallet (OVO/Dana);3600000;0;3600000;Sukabumi;Jawa Barat
6a118f6afad93264426643d0;TRX-BB77SYWK;22/06/2025;Novianti;user2804@example.com;Non-Member;Kopi Susu Gula Aren 1L;Kuliner;65000;3;COD;195000;0;195000;Makassar;Sulawesi Selatan
6a118f6afad93264426643d1;TRX-IQZPJCCH;14/06/2025;Eko Prasetyo;user2805@example.com;Member;Kopi Susu Gula Aren 1L;Kuliner;65000;1;Transfer Bank;65000;0;65000;Semarang;Jawa Tengah
6a118f6afad93264426643d2;TRX-1UYJZODU;16/01/2026;Rian Hidayat;user2806@example.com;Non-Member;Kemeja Flanel Oversize;Fashion;250000;4;COD;1000000;0;1000000;Semarang;Jawa Tengah
6a118f6afad93264426643d3;TRX-6RFO6JBY;08/10/2025;Novianti;user2807@example.com;Non-Member;Smartphone Samsung S24;Elektronik;13000000;1;E-Wallet (OVO/Dana);13000000;0;13000000;Jakarta;DKI Jakarta
6a118f6afad93264426643d4;TRX-XAD8AG1T;26/02/2025;Rian Hidayat;user2808@example.com;Non-Member;Smartphone Samsung S24;Elektronik;13000000;1;COD;13000000;0;13000000;Makassar;Sulawesi Selatan
6a118f6afad93264426643d5;TRX-EE438MLF;10/07/2025;Novianti;user2809@example.com;Member;Sepatu Sneaker Lokal;Fashion;450000;3;COD;1350000;0;1350000;Medan;Sumatera Utara
6a118f6afad93264426643d6;TRX-X6WI9R8C;27/01/2026;Andi Wijaya;user2810@example.com;Member;Kopi Susu Gula Aren 1L;Kuliner;65000;4;E-Wallet (OVO/Dana);260000;0;260000;Jakarta;DKI Jakarta
6a118f6afad93264426643d7;TRX-HHN6O8NZ;12/07/2025;Eko Prasetyo;user2811@example.com;Non-Member;Kemeja Flanel Oversize;Fashion;250000;2;Transfer Bank;500000;0;500000;Bandung;Jawa Barat
6a118f6afad93264426643d8;TRX-TS20DOVV;03/03/2026;Eko Prasetyo;user2812@example.com;Non-Member;Kemeja Flanel Oversize;Fashion;250000;3;Transfer Bank;750000;0;750000;Sukabumi;Jawa Barat
6a118f6afad93264426643d9;TRX-KS700QGE;07/01/2026;Dewi Lestari;user2813@example.com;Member;Kopi Susu Gula Aren 1L;Kuliner;65000;4;Kartu Kredit;260000;0;260000;Makassar;Sulawesi Selatan
6a118f6afad93264426643da;TRX-MZCNUOS9;15/02/2026;Jono Adriansyah;user2814@example.com;Member;Laptop ASUS ROG;Elektronik;20000000;1;COD;20000000;0;20000000;Medan;Sumatera Utara
6a118f6afad93264426643db;TRX-7YEDIZ4Q;10/01/2026;Eko Prasetyo;user2815@example.com;Non-Member;Kemeja Flanel Oversize;Fashion;250000;1;COD;250000;0;250000;Makassar;Sulawesi Selatan
6a118f6afad93264426643dc;TRX-H023AM01;21/07/2025;Jono Adriansyah;user2816@example.com;Non-Member;Laptop ASUS ROG;Elektronik;20000000;1;COD;20000000;0;20000000;Bandung;Jawa Barat
6a118f6afad93264426643dd;TRX-X0I4HMUK;06/10/2025;Dewi Lestari;user2817@example.com;Member;Kursi Gaming Premium;Furniture;2500000;4;Kartu Kredit;10000000;0;10000000;Surabaya;Jawa Timur
6a118f6afad93264426643de;TRX-VEPX40OF;27/09/2025;Rian Hidayat;user2818@example.com;Non-Member;Laptop ASUS ROG;Elektronik;20000000;3;Transfer Bank;60000000;0;60000000;Semarang;Jawa Tengah
6a118f6afad93264426643df;TRX-OHFPOKE7;23/02/2026;Budi Santoso;user2819@example.com;Member;Kopi Susu Gula Aren 1L;Kuliner;65000;4;E-Wallet (OVO/Dana);260000;0;260000;Jakarta;DKI Jakarta
6a118f6afad93264426643e0;TRX-B4W102P4;27/09/2025;Jono Adriansyah;user2820@example.com;Non-Member;Kopi Susu Gula Aren 1L;Kuliner;65000;3;Transfer Bank;195000;0;195000;Surabaya;Jawa Timur
6a118f6afad93264426643e1;TRX-DUC6ABTF;13/02/2026;Andi Wijaya;user2821@example.com;Member;Laptop ASUS ROG;Elektronik;20000000;3;E-Wallet (OVO/Dana);60000000;0;60000000;Jakarta;DKI Jakarta
6a118f6afad93264426643e2;TRX-2S4HMG1X;20/05/2026;Dewi Lestari;user2822@example.com;Non-Member;Smartphone Samsung S24;Elektronik;13000000;2;E-Wallet (OVO/Dana);26000000;0;26000000;Medan;Sumatera Utara
6a118f6afad93264426643e3;TRX-75UVFG3D;18/01/2025;Andi Wijaya;user2823@example.com;Non-Member;Kursi Gaming Premium;Furniture;2500000;3;COD;7500000;0;7500000;Makassar;Sulawesi Selatan
6a118f6afad93264426643e4;TRX-DFB0DI0M;17/03/2026;Mega Pertiwi;user2824@example.com;Non-Member;Kopi Susu Gula Aren 1L;Kuliner;65000;4;Kartu Kredit;260000;0;260000;Medan;Sumatera Utara
6a118f6afad93264426643e5;TRX-WUEAHW3R;19/08/2025;Rian Hidayat;user2825@example.com;Non-Member;Paket Ayam Bakar Madu;Kuliner;35000;2;COD;70000;0;70000;Bandung;Jawa Barat
6a118f6afad93264426643e6;TRX-XE9SDJRX;06/02/2026;Novianti;user2826@example.com;Non-Member;Paket Ayam Bakar Madu;Kuliner;35000;1;Kartu Kredit;35000;0;35000;Makassar;Sulawesi Selatan
6a118f6afad93264426643e7;TRX-JIS1TR6R;14/10/2025;Novianti;user2827@example.com;Member;Kursi Gaming Premium;Furniture;2500000;1;COD;2500000;0;2500000;Jakarta;DKI Jakarta
6a118f6afad93264426643e8;TRX-MUZYBYLN;21/04/2026;Fahmi Idris;user2828@example.com;Non-Member;Paket Ayam Bakar Madu;Kuliner;35000;4;Kartu Kredit;140000;0;140000;Medan;Sumatera Utara
6a118f6afad93264426643e9;TRX-MDQPG2VS;08/07/2025;Eko Prasetyo;user2829@example.com;Member;Smartphone Samsung S24;Elektronik;13000000;4;Kartu Kredit;52000000;0;52000000;Bandung;Jawa Barat
6a118f6afad93264426643ea;TRX-1IFM7UJY;14/10/2025;Mega Pertiwi;user2830@example.com;Member;Laptop ASUS ROG;Elektronik;20000000;3;COD;60000000;0;60000000;Sukabumi;Jawa Barat
6a118f6afad93264426643eb;TRX-WDGTECDG;15/06/2025;Eko Prasetyo;user2831@example.com;Non-Member;Smartphone Samsung S24;Elektronik;13000000;4;COD;52000000;0;52000000;Makassar;Sulawesi Selatan
6a118f6afad93264426643ec;TRX-I6ZIWSQE;21/03/2025;Mega Pertiwi;user2832@example.com;Non-Member;Kemeja Flanel Oversize;Fashion;250000;4;E-Wallet (OVO/Dana);1000000;0;1000000;Sukabumi;Jawa Barat
6a118f6afad93264426643ed;TRX-3QSVHMS1;02/01/2026;Mega Pertiwi;user2833@example.com;Non-Member;Kopi Susu Gula Aren 1L;Kuliner;65000;1;Kartu Kredit;65000;0;65000;Bandung;Jawa Barat
6a118f6afad93264426643ee;TRX-JV7W474R;26/03/2025;Mega Pertiwi;user2834@example.com;Member;Kopi Susu Gula Aren 1L;Kuliner;65000;4;COD;260000;0;260000;Surabaya;Jawa Timur
6a118f6afad93264426643ef;TRX-CO5WVUSH;16/09/2025;Rian Hidayat;user2835@example.com;Member;Paket Ayam Bakar Madu;Kuliner;35000;3;COD;105000;0;105000;Makassar;Sulawesi Selatan
6a118f6afad93264426643f0;TRX-5M9M3VQM;26/05/2026;Rian Hidayat;user2836@example.com;Member;Sepatu Sneaker Lokal;Fashion;450000;2;Kartu Kredit;900000;0;900000;Sukabumi;Jawa Barat
6a118f6afad93264426643f1;TRX-PJ7M3XU5;20/02/2026;Dewi Lestari;user2837@example.com;Non-Member;Sepatu Sneaker Lokal;Fashion;450000;4;COD;1800000;0;1800000;Sukabumi;Jawa Barat
6a118f6afad93264426643f2;TRX-H521R77B;27/05/2025;Rian Hidayat;user2838@example.com;Non-Member;Kemeja Flanel Oversize;Fashion;250000;2;Kartu Kredit;500000;0;500000;Surabaya;Jawa Timur
6a118f6afad93264426643f3;TRX-WFGOW5GM;07/04/2025;Eko Prasetyo;user2839@example.com;Member;Kursi Gaming Premium;Furniture;2500000;1;Kartu Kredit;2500000;0;2500000;Semarang;Jawa Tengah
6a118f6afad93264426643f4;TRX-E9EGGG81;31/01/2026;Budi Santoso;user2840@example.com;Non-Member;Sepatu Sneaker Lokal;Fashion;450000;4;COD;1800000;0;1800000;Surabaya;Jawa Timur
6a118f6afad93264426643f5;TRX-2SIMWX5V;14/01/2025;Novianti;user2841@example.com;Non-Member;Paket Ayam Bakar Madu;Kuliner;35000;2;E-Wallet (OVO/Dana);70000;0;70000;Medan;Sumatera Utara
6a118f6afad93264426643f6;TRX-2M03YE0W;02/09/2025;Siti Aminah;user2842@example.com;Non-Member;Kemeja Flanel Oversize;Fashion;250000;4;E-Wallet (OVO/Dana);1000000;0;1000000;Bandung;Jawa Barat
6a118f6afad93264426643f7;TRX-A77E7LHY;15/07/2025;Mega Pertiwi;user2843@example.com;Member;Kopi Susu Gula Aren 1L;Kuliner;65000;2;Kartu Kredit;130000;0;130000;Sukabumi;Jawa Barat
6a118f6afad93264426643f8;TRX-MHQCUPTH;22/06/2025;Siti Aminah;user2844@example.com;Member;Sepatu Sneaker Lokal;Fashion;450000;1;Transfer Bank;450000;0;450000;Semarang;Jawa Tengah
6a118f6afad93264426643f9;TRX-L7IF27ZJ;09/05/2026;Budi Santoso;user2845@example.com;Non-Member;Laptop ASUS ROG;Elektronik;20000000;2;Kartu Kredit;40000000;0;40000000;Medan;Sumatera Utara
6a118f6afad93264426643fa;TRX-9MN7XUV8;19/05/2026;Novianti;user2846@example.com;Non-Member;Kopi Susu Gula Aren 1L;Kuliner;65000;3;Kartu Kredit;195000;0;195000;Surabaya;Jawa Timur
6a118f6afad93264426643fb;TRX-N1Q1RYXY;21/11/2025;Budi Santoso;user2847@example.com;Non-Member;Kursi Gaming Premium;Furniture;2500000;1;E-Wallet (OVO/Dana);2500000;0;2500000;Jakarta;DKI Jakarta
6a118f6afad93264426643fc;TRX-PB0BQHLZ;03/11/2025;Fahmi Idris;user2848@example.com;Member;Laptop ASUS ROG;Elektronik;20000000;4;Kartu Kredit;80000000;0;80000000;Medan;Sumatera Utara
6a118f6afad93264426643fd;TRX-G9B1V48D;18/05/2025;Eko Prasetyo;user2849@example.com;Non-Member;Kemeja Flanel Oversize;Fashion;250000;3;Kartu Kredit;750000;0;750000;Bandung;Jawa Barat
6a118f6afad93264426643fe;TRX-RY3OSD0K;11/01/2025;Rian Hidayat;user2850@example.com;Non-Member;Smartphone Samsung S24;Elektronik;13000000;1;Kartu Kredit;13000000;0;13000000;Semarang;Jawa Tengah
6a118f6afad93264426643ff;TRX-N5REGFC8;23/05/2026;Jono Adriansyah;user2851@example.com;Member;Paket Ayam Bakar Madu;Kuliner;35000;2;E-Wallet (OVO/Dana);70000;0;70000;Surabaya;Jawa Timur
6a118f6afad9326442664400;TRX-MXADCMLV;10/12/2025;Siti Aminah;user2852@example.com;Non-Member;Paket Ayam Bakar Madu;Kuliner;35000;2;COD;70000;0;70000;Bandung;Jawa Barat
6a118f6afad9326442664401;TRX-VRY3MAJ9;13/12/2025;Siti Aminah;user2853@example.com;Non-Member;Smartphone Samsung S24;Elektronik;13000000;4;COD;52000000;0;52000000;Semarang;Jawa Tengah
6a118f6afad9326442664402;TRX-5SKG18K0;08/09/2025;Eko Prasetyo;user2854@example.com;Non-Member;Meja Kerja Minimalis;Furniture;1200000;2;Kartu Kredit;2400000;0;2400000;Makassar;Sulawesi Selatan
6a118f6afad9326442664403;TRX-5FXSWJNA;30/04/2025;Novianti;user2855@example.com;Non-Member;Kursi Gaming Premium;Furniture;2500000;2;E-Wallet (OVO/Dana);5000000;0;5000000;Surabaya;Jawa Timur
6a118f6afad9326442664404;TRX-4H0HYSL2;04/03/2025;Dewi Lestari;user2856@example.com;Non-Member;Sepatu Sneaker Lokal;Fashion;450000;2;COD;900000;0;900000;Medan;Sumatera Utara
6a118f6afad9326442664405;TRX-6EEWJMMU;08/05/2026;Eko Prasetyo;user2857@example.com;Member;Smartphone Samsung S24;Elektronik;13000000;1;E-Wallet (OVO/Dana);13000000;0;13000000;Bandung;Jawa Barat
6a118f6afad9326442664406;TRX-DD7JM384;31/03/2025;Budi Santoso;user2858@example.com;Member;Meja Kerja Minimalis;Furniture;1200000;3;E-Wallet (OVO/Dana);3600000;0;3600000;Medan;Sumatera Utara
6a118f6afad9326442664407;TRX-AKB1DXCC;16/09/2025;Siti Aminah;user2859@example.com;Non-Member;Sepatu Sneaker Lokal;Fashion;450000;1;Kartu Kredit;450000;0;450000;Bandung;Jawa Barat
6a118f6afad9326442664408;TRX-XRZ9P9ML;07/11/2025;Jono Adriansyah;user2860@example.com;Non-Member;Kopi Susu Gula Aren 1L;Kuliner;65000;3;COD;195000;0;195000;Medan;Sumatera Utara
6a118f6afad9326442664409;TRX-ER7CJTOE;06/01/2025;Budi Santoso;user2861@example.com;Non-Member;Kopi Susu Gula Aren 1L;Kuliner;65000;4;COD;260000;0;260000;Semarang;Jawa Tengah
6a118f6afad932644266440a;TRX-P08LTDTB;05/01/2026;Siti Aminah;user2862@example.com;Member;Paket Ayam Bakar Madu;Kuliner;35000;2;Transfer Bank;70000;0;70000;Sukabumi;Jawa Barat
6a118f6afad932644266440b;TRX-KC6HNQPA;10/10/2025;Jono Adriansyah;user2863@example.com;Non-Member;Meja Kerja Minimalis;Furniture;1200000;1;E-Wallet (OVO/Dana);1200000;0;1200000;Bandung;Jawa Barat
6a118f6afad932644266440c;TRX-JXE4T799;27/07/2025;Fahmi Idris;user2864@example.com;Non-Member;Laptop ASUS ROG;Elektronik;20000000;2;COD;40000000;0;40000000;Makassar;Sulawesi Selatan
6a118f6afad932644266440d;TRX-NPOPPZFB;23/01/2026;Budi Santoso;user2865@example.com;Non-Member;Paket Ayam Bakar Madu;Kuliner;35000;1;Transfer Bank;35000;0;35000;Semarang;Jawa Tengah
6a118f6afad932644266440e;TRX-5D76UVOJ;11/01/2025;Dewi Lestari;user2866@example.com;Non-Member;Kopi Susu Gula Aren 1L;Kuliner;65000;2;Kartu Kredit;130000;0;130000;Makassar;Sulawesi Selatan
6a118f6afad932644266440f;TRX-D7CQ0JWG;26/04/2025;Fahmi Idris;user2867@example.com;Non-Member;Kopi Susu Gula Aren 1L;Kuliner;65000;4;COD;260000;0;260000;Makassar;Sulawesi Selatan
6a118f6afad9326442664410;TRX-RRLYPTWP;20/04/2026;Andi Wijaya;user2868@example.com;Non-Member;Kopi Susu Gula Aren 1L;Kuliner;65000;3;COD;195000;0;195000;Semarang;Jawa Tengah
6a118f6afad9326442664411;TRX-5AJDL0M4;03/06/2025;Rian Hidayat;user2869@example.com;Non-Member;Kursi Gaming Premium;Furniture;2500000;2;COD;5000000;0;5000000;Medan;Sumatera Utara
6a118f6afad9326442664412;TRX-QASA629X;02/04/2026;Dewi Lestari;user2870@example.com;Member;Kemeja Flanel Oversize;Fashion;250000;2;E-Wallet (OVO/Dana);500000;0;500000;Makassar;Sulawesi Selatan
6a118f6afad9326442664413;TRX-702RVJO5;05/02/2025;Andi Wijaya;user2871@example.com;Non-Member;Kopi Susu Gula Aren 1L;Kuliner;65000;3;Transfer Bank;195000;0;195000;Bandung;Jawa Barat
6a118f6afad9326442664414;TRX-9QNLQ0VM;25/05/2025;Dewi Lestari;user2872@example.com;Non-Member;Paket Ayam Bakar Madu;Kuliner;35000;3;COD;105000;0;105000;Medan;Sumatera Utara
6a118f6afad9326442664415;TRX-53IF5UQE;02/02/2026;Rian Hidayat;user2873@example.com;Member;Kemeja Flanel Oversize;Fashion;250000;4;Transfer Bank;1000000;0;1000000;Makassar;Sulawesi Selatan
6a118f6afad9326442664416;TRX-KR2CVOXS;15/02/2026;Fahmi Idris;user2874@example.com;Non-Member;Kursi Gaming Premium;Furniture;2500000;2;Transfer Bank;5000000;0;5000000;Jakarta;DKI Jakarta
6a118f6afad9326442664417;TRX-MXFRNECL;25/02/2025;Andi Wijaya;user2875@example.com;Member;Meja Kerja Minimalis;Furniture;1200000;3;Transfer Bank;3600000;0;3600000;Makassar;Sulawesi Selatan
6a118f6afad9326442664418;TRX-9DA7GVSF;10/05/2025;Budi Santoso;user2876@example.com;Non-Member;Smartphone Samsung S24;Elektronik;13000000;2;Transfer Bank;26000000;0;26000000;Medan;Sumatera Utara
6a118f6afad9326442664419;TRX-AGYFKTG1;01/08/2025;Mega Pertiwi;user2877@example.com;Member;Kemeja Flanel Oversize;Fashion;250000;4;COD;1000000;0;1000000;Sukabumi;Jawa Barat
6a118f6afad932644266441a;TRX-BR282QL1;06/03/2025;Eko Prasetyo;user2878@example.com;Member;Meja Kerja Minimalis;Furniture;1200000;3;Kartu Kredit;3600000;0;3600000;Semarang;Jawa Tengah
6a118f6afad932644266441b;TRX-6LGMXDMW;06/01/2025;Andi Wijaya;user2879@example.com;Member;Laptop ASUS ROG;Elektronik;20000000;1;Kartu Kredit;20000000;0;20000000;Surabaya;Jawa Timur
6a118f6afad932644266441c;TRX-5Y7SWKFL;20/06/2025;Mega Pertiwi;user2880@example.com;Member;Paket Ayam Bakar Madu;Kuliner;35000;1;E-Wallet (OVO/Dana);35000;0;35000;Semarang;Jawa Tengah
6a118f6afad932644266441d;TRX-52E4B1SG;05/06/2025;Budi Santoso;user2881@example.com;Member;Meja Kerja Minimalis;Furniture;1200000;2;Transfer Bank;2400000;0;2400000;Sukabumi;Jawa Barat
6a118f6afad932644266441e;TRX-J7395G7F;15/10/2025;Jono Adriansyah;user2882@example.com;Member;Kopi Susu Gula Aren 1L;Kuliner;65000;3;E-Wallet (OVO/Dana);195000;0;195000;Medan;Sumatera Utara
6a118f6afad932644266441f;TRX-CET56O4L;18/04/2026;Mega Pertiwi;user2883@example.com;Non-Member;Smartphone Samsung S24;Elektronik;13000000;2;E-Wallet (OVO/Dana);26000000;0;26000000;Surabaya;Jawa Timur
6a118f6afad9326442664420;TRX-47E5APLN;01/01/2025;Mega Pertiwi;user2884@example.com;Member;Kemeja Flanel Oversize;Fashion;250000;3;E-Wallet (OVO/Dana);750000;0;750000;Makassar;Sulawesi Selatan
6a118f6afad9326442664421;TRX-VFXA1K1L;25/04/2025;Budi Santoso;user2885@example.com;Non-Member;Smartphone Samsung S24;Elektronik;13000000;3;COD;39000000;0;39000000;Makassar;Sulawesi Selatan
6a118f6afad9326442664422;TRX-J0WLF3AR;05/12/2025;Andi Wijaya;user2886@example.com;Member;Smartphone Samsung S24;Elektronik;13000000;3;Kartu Kredit;39000000;0;39000000;Jakarta;DKI Jakarta
6a118f6afad9326442664423;TRX-KQH6TWHD;03/05/2026;Siti Aminah;user2887@example.com;Member;Kursi Gaming Premium;Furniture;2500000;2;E-Wallet (OVO/Dana);5000000;0;5000000;Surabaya;Jawa Timur
6a118f6afad9326442664424;TRX-CO07WV6E;24/03/2026;Siti Aminah;user2888@example.com;Non-Member;Kemeja Flanel Oversize;Fashion;250000;1;COD;250000;0;250000;Bandung;Jawa Barat
6a118f6afad9326442664425;TRX-4ONGPGE8;01/10/2025;Andi Wijaya;user2889@example.com;Member;Meja Kerja Minimalis;Furniture;1200000;3;Kartu Kredit;3600000;0;3600000;Sukabumi;Jawa Barat
6a118f6afad9326442664426;TRX-F5H9H6O0;22/01/2026;Andi Wijaya;user2890@example.com;Member;Meja Kerja Minimalis;Furniture;1200000;4;COD;4800000;0;4800000;Medan;Sumatera Utara
6a118f6afad9326442664427;TRX-K4IXR26N;02/11/2025;Dewi Lestari;user2891@example.com;Non-Member;Paket Ayam Bakar Madu;Kuliner;35000;2;Kartu Kredit;70000;0;70000;Jakarta;DKI Jakarta
6a118f6afad9326442664428;TRX-41AI0HET;09/05/2025;Eko Prasetyo;user2892@example.com;Non-Member;Meja Kerja Minimalis;Furniture;1200000;2;E-Wallet (OVO/Dana);2400000;0;2400000;Medan;Sumatera Utara
6a118f6afad9326442664429;TRX-1RDD84X4;21/03/2025;Jono Adriansyah;user2893@example.com;Member;Smartphone Samsung S24;Elektronik;13000000;3;Kartu Kredit;39000000;0;39000000;Jakarta;DKI Jakarta
6a118f6afad932644266442a;TRX-0G51CRB0;07/07/2025;Rian Hidayat;user2894@example.com;Non-Member;Sepatu Sneaker Lokal;Fashion;450000;4;COD;1800000;0;1800000;Jakarta;DKI Jakarta
6a118f6afad932644266442b;TRX-VT3TNBNY;27/01/2026;Novianti;user2895@example.com;Member;Laptop ASUS ROG;Elektronik;20000000;4;Transfer Bank;80000000;0;80000000;Jakarta;DKI Jakarta
6a118f6afad932644266442c;TRX-ZS8SRVSZ;09/02/2025;Siti Aminah;user2896@example.com;Non-Member;Paket Ayam Bakar Madu;Kuliner;35000;3;E-Wallet (OVO/Dana);105000;0;105000;Medan;Sumatera Utara
6a118f6afad932644266442d;TRX-CSOG7UNP;05/04/2025;Novianti;user2897@example.com;Non-Member;Smartphone Samsung S24;Elektronik;13000000;3;Kartu Kredit;39000000;0;39000000;Semarang;Jawa Tengah
6a118f6afad932644266442e;TRX-IFAIX0PF;07/01/2025;Dewi Lestari;user2898@example.com;Member;Paket Ayam Bakar Madu;Kuliner;35000;2;E-Wallet (OVO/Dana);70000;0;70000;Semarang;Jawa Tengah
6a118f6afad932644266442f;TRX-4QOEOUVO;19/03/2026;Mega Pertiwi;user2899@example.com;Member;Meja Kerja Minimalis;Furniture;1200000;2;E-Wallet (OVO/Dana);2400000;0;2400000;Jakarta;DKI Jakarta
6a118f6afad9326442664430;TRX-NM1HC52S;11/10/2025;Jono Adriansyah;user2900@example.com;Non-Member;Sepatu Sneaker Lokal;Fashion;450000;4;COD;1800000;0;1800000;Medan;Sumatera Utara
6a118f6afad9326442664431;TRX-WYA2YVFA;04/03/2026;Siti Aminah;user2901@example.com;Member;Laptop ASUS ROG;Elektronik;20000000;1;Transfer Bank;20000000;0;20000000;Surabaya;Jawa Timur
6a118f6afad9326442664432;TRX-1IZZ1ZHL;13/02/2026;Andi Wijaya;user2902@example.com;Non-Member;Kopi Susu Gula Aren 1L;Kuliner;65000;4;E-Wallet (OVO/Dana);260000;0;260000;Jakarta;DKI Jakarta
6a118f6afad9326442664433;TRX-3TJU43EM;20/11/2025;Dewi Lestari;user2903@example.com;Non-Member;Paket Ayam Bakar Madu;Kuliner;35000;1;Transfer Bank;35000;0;35000;Makassar;Sulawesi Selatan
6a118f6afad9326442664434;TRX-NUEY9QH5;12/02/2026;Dewi Lestari;user2904@example.com;Non-Member;Meja Kerja Minimalis;Furniture;1200000;1;Kartu Kredit;1200000;0;1200000;Makassar;Sulawesi Selatan
6a118f6afad9326442664435;TRX-Q0DRNXWW;25/04/2026;Siti Aminah;user2905@example.com;Non-Member;Sepatu Sneaker Lokal;Fashion;450000;1;COD;450000;0;450000;Makassar;Sulawesi Selatan
6a118f6afad9326442664436;TRX-WJNNHB2B;09/07/2025;Novianti;user2906@example.com;Non-Member;Paket Ayam Bakar Madu;Kuliner;35000;3;COD;105000;0;105000;Makassar;Sulawesi Selatan
6a118f6afad9326442664437;TRX-PYZ9H0W3;26/09/2025;Dewi Lestari;user2907@example.com;Non-Member;Sepatu Sneaker Lokal;Fashion;450000;3;E-Wallet (OVO/Dana);1350000;0;1350000;Jakarta;DKI Jakarta
6a118f6afad9326442664438;TRX-BIT1LRP3;26/12/2025;Jono Adriansyah;user2908@example.com;Non-Member;Meja Kerja Minimalis;Furniture;1200000;2;E-Wallet (OVO/Dana);2400000;0;2400000;Bandung;Jawa Barat
6a118f6afad9326442664439;TRX-1SC82IRS;06/01/2026;Siti Aminah;user2909@example.com;Member;Paket Ayam Bakar Madu;Kuliner;35000;4;E-Wallet (OVO/Dana);140000;0;140000;Jakarta;DKI Jakarta
6a118f6afad932644266443a;TRX-7CN6LLBS;17/05/2025;Dewi Lestari;user2910@example.com;Non-Member;Meja Kerja Minimalis;Furniture;1200000;4;E-Wallet (OVO/Dana);4800000;0;4800000;Bandung;Jawa Barat
6a118f6afad932644266443b;TRX-1ICAA2SW;25/05/2026;Dewi Lestari;user2911@example.com;Non-Member;Kopi Susu Gula Aren 1L;Kuliner;65000;1;COD;65000;0;65000;Jakarta;DKI Jakarta
6a118f6afad932644266443c;TRX-2TPKLRM2;02/08/2025;Novianti;user2912@example.com;Non-Member;Smartphone Samsung S24;Elektronik;13000000;3;E-Wallet (OVO/Dana);39000000;0;39000000;Makassar;Sulawesi Selatan
6a118f6afad932644266443d;TRX-8IHA9STP;06/06/2025;Dewi Lestari;user2913@example.com;Member;Kopi Susu Gula Aren 1L;Kuliner;65000;2;E-Wallet (OVO/Dana);130000;0;130000;Surabaya;Jawa Timur
6a118f6afad932644266443e;TRX-Z1ONA5XD;15/05/2025;Mega Pertiwi;user2914@example.com;Non-Member;Kemeja Flanel Oversize;Fashion;250000;4;E-Wallet (OVO/Dana);1000000;0;1000000;Jakarta;DKI Jakarta
6a118f6afad932644266443f;TRX-O2CTV0ZJ;24/02/2025;Jono Adriansyah;user2915@example.com;Member;Paket Ayam Bakar Madu;Kuliner;35000;1;E-Wallet (OVO/Dana);35000;0;35000;Sukabumi;Jawa Barat
6a118f6afad9326442664440;TRX-ERXS7YZJ;23/12/2025;Novianti;user2916@example.com;Member;Laptop ASUS ROG;Elektronik;20000000;2;E-Wallet (OVO/Dana);40000000;0;40000000;Surabaya;Jawa Timur
6a118f6afad9326442664441;TRX-9LIUMH3Z;06/09/2025;Budi Santoso;user2917@example.com;Member;Meja Kerja Minimalis;Furniture;1200000;1;Transfer Bank;1200000;0;1200000;Bandung;Jawa Barat
6a118f6afad9326442664442;TRX-PM0LO7RD;27/05/2026;Mega Pertiwi;user2918@example.com;Non-Member;Sepatu Sneaker Lokal;Fashion;450000;4;Kartu Kredit;1800000;0;1800000;Makassar;Sulawesi Selatan
6a118f6afad9326442664443;TRX-2GNJFCAO;22/12/2025;Eko Prasetyo;user2919@example.com;Non-Member;Paket Ayam Bakar Madu;Kuliner;35000;4;Kartu Kredit;140000;0;140000;Sukabumi;Jawa Barat
6a118f6afad9326442664444;TRX-4AJ3723Z;07/10/2025;Dewi Lestari;user2920@example.com;Member;Smartphone Samsung S24;Elektronik;13000000;3;COD;39000000;0;39000000;Makassar;Sulawesi Selatan
6a118f6afad9326442664445;TRX-YOY2ZH6Y;23/12/2025;Dewi Lestari;user2921@example.com;Non-Member;Meja Kerja Minimalis;Furniture;1200000;2;Transfer Bank;2400000;0;2400000;Makassar;Sulawesi Selatan
6a118f6afad9326442664446;TRX-IR2VYVPN;10/01/2025;Andi Wijaya;user2922@example.com;Member;Sepatu Sneaker Lokal;Fashion;450000;4;Kartu Kredit;1800000;0;1800000;Sukabumi;Jawa Barat
6a118f6afad9326442664447;TRX-4Q2GQOUN;07/05/2026;Jono Adriansyah;user2923@example.com;Member;Sepatu Sneaker Lokal;Fashion;450000;3;Transfer Bank;1350000;0;1350000;Sukabumi;Jawa Barat
6a118f6afad9326442664448;TRX-WZRPKK69;24/12/2025;Fahmi Idris;user2924@example.com;Non-Member;Kursi Gaming Premium;Furniture;2500000;1;COD;2500000;0;2500000;Semarang;Jawa Tengah
6a118f6afad9326442664449;TRX-2UJYKWLT;20/05/2026;Siti Aminah;user2925@example.com;Non-Member;Paket Ayam Bakar Madu;Kuliner;35000;3;Kartu Kredit;105000;0;105000;Medan;Sumatera Utara
6a118f6afad932644266444a;TRX-JU06FHN5;19/08/2025;Jono Adriansyah;user2926@example.com;Member;Meja Kerja Minimalis;Furniture;1200000;3;COD;3600000;0;3600000;Semarang;Jawa Tengah
6a118f6afad932644266444b;TRX-HE03IJFM;25/10/2025;Eko Prasetyo;user2927@example.com;Member;Kemeja Flanel Oversize;Fashion;250000;3;Transfer Bank;750000;0;750000;Makassar;Sulawesi Selatan
6a118f6afad932644266444c;TRX-GDEJPLDJ;23/06/2025;Dewi Lestari;user2928@example.com;Member;Paket Ayam Bakar Madu;Kuliner;35000;2;Kartu Kredit;70000;0;70000;Bandung;Jawa Barat
6a118f6afad932644266444d;TRX-SOF1LS7S;08/11/2025;Andi Wijaya;user2929@example.com;Member;Kopi Susu Gula Aren 1L;Kuliner;65000;1;COD;65000;0;65000;Makassar;Sulawesi Selatan
6a118f6afad932644266444e;TRX-9ZYCTFYA;23/10/2025;Rian Hidayat;user2930@example.com;Non-Member;Meja Kerja Minimalis;Furniture;1200000;1;Kartu Kredit;1200000;0;1200000;Jakarta;DKI Jakarta
6a118f6afad932644266444f;TRX-RD5NJTLM;14/05/2026;Budi Santoso;user2931@example.com;Member;Sepatu Sneaker Lokal;Fashion;450000;4;Transfer Bank;1800000;0;1800000;Sukabumi;Jawa Barat
6a118f6afad9326442664450;TRX-GRD92KFI;19/04/2025;Fahmi Idris;user2932@example.com;Member;Meja Kerja Minimalis;Furniture;1200000;3;Transfer Bank;3600000;0;3600000;Bandung;Jawa Barat
6a118f6afad9326442664451;TRX-XSTPD9QA;12/01/2025;Rian Hidayat;user2933@example.com;Non-Member;Kursi Gaming Premium;Furniture;2500000;2;E-Wallet (OVO/Dana);5000000;0;5000000;Jakarta;DKI Jakarta
6a118f6afad9326442664452;TRX-EZEOTAOS;01/11/2025;Budi Santoso;user2934@example.com;Non-Member;Paket Ayam Bakar Madu;Kuliner;35000;4;Transfer Bank;140000;0;140000;Semarang;Jawa Tengah
6a118f6afad9326442664453;TRX-LJUPWWUQ;25/02/2026;Fahmi Idris;user2935@example.com;Non-Member;Smartphone Samsung S24;Elektronik;13000000;4;Transfer Bank;52000000;0;52000000;Sukabumi;Jawa Barat
6a118f6afad9326442664454;TRX-K0IKNR23;16/05/2025;Eko Prasetyo;user2936@example.com;Member;Paket Ayam Bakar Madu;Kuliner;35000;2;Kartu Kredit;70000;0;70000;Medan;Sumatera Utara
6a118f6afad9326442664455;TRX-4JOP5BWQ;27/04/2025;Andi Wijaya;user2937@example.com;Member;Sepatu Sneaker Lokal;Fashion;450000;2;Transfer Bank;900000;0;900000;Surabaya;Jawa Timur
6a118f6afad9326442664456;TRX-0O1CZD0L;17/08/2025;Dewi Lestari;user2938@example.com;Non-Member;Sepatu Sneaker Lokal;Fashion;450000;1;Kartu Kredit;450000;0;450000;Jakarta;DKI Jakarta
6a118f6afad9326442664457;TRX-GEZYMWTM;03/04/2026;Fahmi Idris;user2939@example.com;Member;Sepatu Sneaker Lokal;Fashion;450000;3;E-Wallet (OVO/Dana);1350000;0;1350000;Bandung;Jawa Barat
6a118f6afad9326442664458;TRX-TTA83Q4N;11/12/2025;Rian Hidayat;user2940@example.com;Non-Member;Paket Ayam Bakar Madu;Kuliner;35000;3;E-Wallet (OVO/Dana);105000;0;105000;Sukabumi;Jawa Barat
6a118f6afad9326442664459;TRX-KWV2NXVH;08/03/2025;Fahmi Idris;user2941@example.com;Member;Sepatu Sneaker Lokal;Fashion;450000;4;E-Wallet (OVO/Dana);1800000;0;1800000;Sukabumi;Jawa Barat
6a118f6afad932644266445a;TRX-EFBWCPAR;15/10/2025;Fahmi Idris;user2942@example.com;Member;Kopi Susu Gula Aren 1L;Kuliner;65000;2;E-Wallet (OVO/Dana);130000;0;130000;Surabaya;Jawa Timur
6a118f6afad932644266445b;TRX-992BMKWP;11/04/2026;Siti Aminah;user2943@example.com;Non-Member;Paket Ayam Bakar Madu;Kuliner;35000;4;Kartu Kredit;140000;0;140000;Medan;Sumatera Utara
6a118f6afad932644266445c;TRX-2LQ7DL5U;06/12/2025;Novianti;user2944@example.com;Non-Member;Kemeja Flanel Oversize;Fashion;250000;4;COD;1000000;0;1000000;Bandung;Jawa Barat
6a118f6afad932644266445d;TRX-I2KLLAEM;05/04/2026;Dewi Lestari;user2945@example.com;Member;Meja Kerja Minimalis;Furniture;1200000;2;COD;2400000;0;2400000;Surabaya;Jawa Timur
6a118f6afad932644266445e;TRX-BLV8P2MC;18/08/2025;Siti Aminah;user2946@example.com;Non-Member;Laptop ASUS ROG;Elektronik;20000000;3;E-Wallet (OVO/Dana);60000000;0;60000000;Semarang;Jawa Tengah
6a118f6afad932644266445f;TRX-W7RWSB7P;18/05/2026;Dewi Lestari;user2947@example.com;Member;Kursi Gaming Premium;Furniture;2500000;3;COD;7500000;0;7500000;Bandung;Jawa Barat
6a118f6afad9326442664460;TRX-ME7QW6YM;22/06/2025;Andi Wijaya;user2948@example.com;Non-Member;Kemeja Flanel Oversize;Fashion;250000;4;E-Wallet (OVO/Dana);1000000;0;1000000;Sukabumi;Jawa Barat
6a118f6afad9326442664461;TRX-BIJHWRND;01/07/2025;Dewi Lestari;user2949@example.com;Member;Paket Ayam Bakar Madu;Kuliner;35000;2;COD;70000;0;70000;Sukabumi;Jawa Barat
6a118f6afad9326442664462;TRX-BNNG6BQZ;03/03/2026;Mega Pertiwi;user2950@example.com;Non-Member;Sepatu Sneaker Lokal;Fashion;450000;3;E-Wallet (OVO/Dana);1350000;0;1350000;Semarang;Jawa Tengah
6a118f6afad9326442664463;TRX-KT9L2RC0;02/04/2026;Eko Prasetyo;user2951@example.com;Non-Member;Laptop ASUS ROG;Elektronik;20000000;2;COD;40000000;0;40000000;Bandung;Jawa Barat
6a118f6afad9326442664464;TRX-NLEG8YQR;27/02/2025;Rian Hidayat;user2952@example.com;Non-Member;Sepatu Sneaker Lokal;Fashion;450000;1;Kartu Kredit;450000;0;450000;Semarang;Jawa Tengah
6a118f6afad9326442664465;TRX-44MG88OU;21/02/2026;Budi Santoso;user2953@example.com;Non-Member;Sepatu Sneaker Lokal;Fashion;450000;4;Transfer Bank;1800000;0;1800000;Sukabumi;Jawa Barat
6a118f6afad9326442664466;TRX-5BF00TMI;13/04/2025;Dewi Lestari;user2954@example.com;Non-Member;Kursi Gaming Premium;Furniture;2500000;2;COD;5000000;0;5000000;Semarang;Jawa Tengah
6a118f6afad9326442664467;TRX-58PO96CL;14/04/2026;Rian Hidayat;user2955@example.com;Member;Kopi Susu Gula Aren 1L;Kuliner;65000;4;COD;260000;0;260000;Jakarta;DKI Jakarta
6a118f6afad9326442664468;TRX-XF4WLMUH;08/01/2025;Dewi Lestari;user2956@example.com;Non-Member;Laptop ASUS ROG;Elektronik;20000000;3;Kartu Kredit;60000000;0;60000000;Surabaya;Jawa Timur
6a118f6afad9326442664469;TRX-8XNCAEYT;10/10/2025;Fahmi Idris;user2957@example.com;Non-Member;Laptop ASUS ROG;Elektronik;20000000;1;Kartu Kredit;20000000;0;20000000;Jakarta;DKI Jakarta
6a118f6afad932644266446a;TRX-THL8IQ82;14/07/2025;Siti Aminah;user2958@example.com;Member;Laptop ASUS ROG;Elektronik;20000000;4;E-Wallet (OVO/Dana);80000000;0;80000000;Makassar;Sulawesi Selatan
6a118f6afad932644266446b;TRX-WTGL24HU;04/08/2025;Fahmi Idris;user2959@example.com;Member;Kursi Gaming Premium;Furniture;2500000;3;Kartu Kredit;7500000;0;7500000;Medan;Sumatera Utara
6a118f6afad932644266446c;TRX-VBFZ3ABF;18/01/2026;Rian Hidayat;user2960@example.com;Member;Smartphone Samsung S24;Elektronik;13000000;4;COD;52000000;0;52000000;Sukabumi;Jawa Barat
6a118f6afad932644266446d;TRX-4UNO451X;14/04/2026;Andi Wijaya;user2961@example.com;Non-Member;Kemeja Flanel Oversize;Fashion;250000;1;Transfer Bank;250000;0;250000;Jakarta;DKI Jakarta
6a118f6afad932644266446e;TRX-8HONJHCU;01/09/2025;Rian Hidayat;user2962@example.com;Non-Member;Sepatu Sneaker Lokal;Fashion;450000;4;E-Wallet (OVO/Dana);1800000;0;1800000;Makassar;Sulawesi Selatan
6a118f6afad932644266446f;TRX-NZSJYHON;20/09/2025;Novianti;user2963@example.com;Non-Member;Laptop ASUS ROG;Elektronik;20000000;2;E-Wallet (OVO/Dana);40000000;0;40000000;Medan;Sumatera Utara
6a118f6afad9326442664470;TRX-VTBR57HJ;25/12/2025;Novianti;user2964@example.com;Non-Member;Kursi Gaming Premium;Furniture;2500000;2;Kartu Kredit;5000000;0;5000000;Makassar;Sulawesi Selatan
6a118f6afad9326442664471;TRX-H85X8NO8;10/09/2025;Siti Aminah;user2965@example.com;Member;Meja Kerja Minimalis;Furniture;1200000;4;E-Wallet (OVO/Dana);4800000;0;4800000;Jakarta;DKI Jakarta
6a118f6afad9326442664472;TRX-VGN9RVLY;19/09/2025;Jono Adriansyah;user2966@example.com;Non-Member;Kemeja Flanel Oversize;Fashion;250000;2;COD;500000;0;500000;Sukabumi;Jawa Barat
6a118f6afad9326442664473;TRX-H47DYO5V;20/12/2025;Siti Aminah;user2967@example.com;Member;Kemeja Flanel Oversize;Fashion;250000;4;E-Wallet (OVO/Dana);1000000;0;1000000;Bandung;Jawa Barat
6a118f6afad9326442664474;TRX-50ROWG1U;17/11/2025;Novianti;user2968@example.com;Member;Meja Kerja Minimalis;Furniture;1200000;2;COD;2400000;0;2400000;Jakarta;DKI Jakarta
6a118f6afad9326442664475;TRX-KQQJR4TQ;02/08/2025;Mega Pertiwi;user2969@example.com;Member;Smartphone Samsung S24;Elektronik;13000000;2;COD;26000000;0;26000000;Jakarta;DKI Jakarta
6a118f6afad9326442664476;TRX-7AL5DR2C;20/04/2025;Fahmi Idris;user2970@example.com;Member;Laptop ASUS ROG;Elektronik;20000000;3;COD;60000000;0;60000000;Semarang;Jawa Tengah
6a118f6afad9326442664477;TRX-XCZOY8YG;08/07/2025;Fahmi Idris;user2971@example.com;Non-Member;Paket Ayam Bakar Madu;Kuliner;35000;1;Kartu Kredit;35000;0;35000;Makassar;Sulawesi Selatan
6a118f6afad9326442664478;TRX-VUFZXKGP;21/08/2025;Fahmi Idris;user2972@example.com;Non-Member;Meja Kerja Minimalis;Furniture;1200000;4;COD;4800000;0;4800000;Medan;Sumatera Utara
6a118f6afad9326442664479;TRX-AM320BQ4;10/07/2025;Fahmi Idris;user2973@example.com;Member;Kopi Susu Gula Aren 1L;Kuliner;65000;3;Transfer Bank;195000;0;195000;Makassar;Sulawesi Selatan
6a118f6afad932644266447a;TRX-DCAV6B0Y;25/03/2025;Rian Hidayat;user2974@example.com;Non-Member;Kopi Susu Gula Aren 1L;Kuliner;65000;2;E-Wallet (OVO/Dana);130000;0;130000;Medan;Sumatera Utara
6a118f6afad932644266447b;TRX-9SOTZ4YO;19/04/2026;Rian Hidayat;user2975@example.com;Member;Paket Ayam Bakar Madu;Kuliner;35000;2;Kartu Kredit;70000;0;70000;Jakarta;DKI Jakarta
6a118f6afad932644266447c;TRX-E737O484;25/06/2025;Fahmi Idris;user2976@example.com;Non-Member;Kopi Susu Gula Aren 1L;Kuliner;65000;2;COD;130000;0;130000;Bandung;Jawa Barat
6a118f6afad932644266447d;TRX-YLM28A43;21/05/2025;Andi Wijaya;user2977@example.com;Member;Sepatu Sneaker Lokal;Fashion;450000;1;Kartu Kredit;450000;0;450000;Semarang;Jawa Tengah
6a118f6afad932644266447e;TRX-BTX0FU4I;20/09/2025;Jono Adriansyah;user2978@example.com;Member;Meja Kerja Minimalis;Furniture;1200000;4;E-Wallet (OVO/Dana);4800000;0;4800000;Surabaya;Jawa Timur
6a118f6afad932644266447f;TRX-7R5RO2QM;12/04/2025;Andi Wijaya;user2979@example.com;Member;Kopi Susu Gula Aren 1L;Kuliner;65000;3;E-Wallet (OVO/Dana);195000;0;195000;Jakarta;DKI Jakarta
6a118f6afad9326442664480;TRX-NTUVHRMU;19/04/2026;Rian Hidayat;user2980@example.com;Member;Kopi Susu Gula Aren 1L;Kuliner;65000;4;Kartu Kredit;260000;0;260000;Medan;Sumatera Utara
6a118f6afad9326442664481;TRX-J3D28E7G;10/04/2026;Budi Santoso;user2981@example.com;Member;Kopi Susu Gula Aren 1L;Kuliner;65000;1;E-Wallet (OVO/Dana);65000;0;65000;Jakarta;DKI Jakarta
6a118f6afad9326442664482;TRX-KREZT42S;05/05/2026;Andi Wijaya;user2982@example.com;Member;Kursi Gaming Premium;Furniture;2500000;3;E-Wallet (OVO/Dana);7500000;0;7500000;Surabaya;Jawa Timur
6a118f6afad9326442664483;TRX-SC7586EM;31/12/2024;Siti Aminah;user2983@example.com;Member;Smartphone Samsung S24;Elektronik;13000000;3;Transfer Bank;39000000;0;39000000;Bandung;Jawa Barat
6a118f6afad9326442664484;TRX-8GBWFF59;24/01/2025;Fahmi Idris;user2984@example.com;Member;Kursi Gaming Premium;Furniture;2500000;1;Transfer Bank;2500000;0;2500000;Jakarta;DKI Jakarta
6a118f6afad9326442664485;TRX-GGYQVRRF;20/03/2026;Fahmi Idris;user2985@example.com;Member;Sepatu Sneaker Lokal;Fashion;450000;2;Transfer Bank;900000;0;900000;Bandung;Jawa Barat
6a118f6afad9326442664486;TRX-5G2CTA4V;11/05/2025;Rian Hidayat;user2986@example.com;Non-Member;Kursi Gaming Premium;Furniture;2500000;1;E-Wallet (OVO/Dana);2500000;0;2500000;Medan;Sumatera Utara
6a118f6afad9326442664487;TRX-CHSEAPYJ;04/02/2026;Rian Hidayat;user2987@example.com;Non-Member;Kursi Gaming Premium;Furniture;2500000;1;Transfer Bank;2500000;0;2500000;Sukabumi;Jawa Barat
6a118f6afad9326442664488;TRX-8TW9G3AI;26/01/2025;Eko Prasetyo;user2988@example.com;Non-Member;Kemeja Flanel Oversize;Fashion;250000;4;COD;1000000;0;1000000;Medan;Sumatera Utara
6a118f6afad9326442664489;TRX-IE6PBOC4;20/10/2025;Rian Hidayat;user2989@example.com;Non-Member;Laptop ASUS ROG;Elektronik;20000000;1;COD;20000000;0;20000000;Bandung;Jawa Barat
6a118f6afad932644266448a;TRX-QY7MD9LO;31/01/2026;Mega Pertiwi;user2990@example.com;Member;Kemeja Flanel Oversize;Fashion;250000;4;Kartu Kredit;1000000;0;1000000;Bandung;Jawa Barat
6a118f6afad932644266448b;TRX-0U4IVNCM;16/04/2026;Siti Aminah;user2991@example.com;Member;Sepatu Sneaker Lokal;Fashion;450000;1;Kartu Kredit;450000;0;450000;Medan;Sumatera Utara
6a118f6afad932644266448c;TRX-BCOD5KV9;07/12/2025;Fahmi Idris;user2992@example.com;Non-Member;Kopi Susu Gula Aren 1L;Kuliner;65000;4;COD;260000;0;260000;Jakarta;DKI Jakarta
6a118f6afad932644266448d;TRX-GENGXK0Y;11/10/2025;Andi Wijaya;user2993@example.com;Non-Member;Laptop ASUS ROG;Elektronik;20000000;2;Transfer Bank;40000000;0;40000000;Surabaya;Jawa Timur
6a118f6afad932644266448e;TRX-RC6OUFO8;01/11/2025;Andi Wijaya;user2994@example.com;Non-Member;Paket Ayam Bakar Madu;Kuliner;35000;1;COD;35000;0;35000;Semarang;Jawa Tengah
6a118f6afad932644266448f;TRX-I5W1LGSK;04/04/2025;Mega Pertiwi;user2995@example.com;Non-Member;Smartphone Samsung S24;Elektronik;13000000;1;Kartu Kredit;13000000;0;13000000;Sukabumi;Jawa Barat
6a118f6afad9326442664490;TRX-JZZCVA5U;17/04/2025;Novianti;user2996@example.com;Member;Smartphone Samsung S24;Elektronik;13000000;2;E-Wallet (OVO/Dana);26000000;0;26000000;Surabaya;Jawa Timur
6a118f6afad9326442664491;TRX-4XOTGJFN;20/03/2025;Jono Adriansyah;user2997@example.com;Member;Sepatu Sneaker Lokal;Fashion;450000;3;Transfer Bank;1350000;0;1350000;Semarang;Jawa Tengah
6a118f6afad9326442664492;TRX-ATY4FNWB;02/06/2025;Eko Prasetyo;user2998@example.com;Non-Member;Meja Kerja Minimalis;Furniture;1200000;2;COD;2400000;0;2400000;Makassar;Sulawesi Selatan
6a118f6afad9326442664493;TRX-KEMYH978;13/11/2025;Novianti;user2999@example.com;Member;Sepatu Sneaker Lokal;Fashion;450000;4;COD;1800000;0;1800000;Semarang;Jawa Tengah
6a118f6afad9326442664494;TRX-1C6AVIX0;16/05/2026;Novianti;user3000@example.com;Member;Laptop ASUS ROG;Elektronik;20000000;3;E-Wallet (OVO/Dana);60000000;0;60000000;Semarang;Jawa Tengah
6a118f6afad9326442664495;TRX-DT33R3KK;07/11/2025;Rian Hidayat;user3001@example.com;Non-Member;Kopi Susu Gula Aren 1L;Kuliner;65000;1;Transfer Bank;65000;0;65000;Bandung;Jawa Barat
6a118f6afad9326442664496;TRX-7JR3O7SJ;22/05/2026;Budi Santoso;user3002@example.com;Member;Sepatu Sneaker Lokal;Fashion;450000;3;Kartu Kredit;1350000;0;1350000;Sukabumi;Jawa Barat
6a118f6afad9326442664497;TRX-J4NQFDN9;06/02/2026;Novianti;user3003@example.com;Non-Member;Kemeja Flanel Oversize;Fashion;250000;2;Transfer Bank;500000;0;500000;Semarang;Jawa Tengah
6a118f6afad9326442664498;TRX-N0DZQQS3;12/07/2025;Eko Prasetyo;user3004@example.com;Non-Member;Sepatu Sneaker Lokal;Fashion;450000;2;E-Wallet (OVO/Dana);900000;0;900000;Surabaya;Jawa Timur
6a118f6afad9326442664499;TRX-Y3QB88PN;24/01/2025;Siti Aminah;user3005@example.com;Member;Meja Kerja Minimalis;Furniture;1200000;1;Kartu Kredit;1200000;0;1200000;Semarang;Jawa Tengah
6a118f6afad932644266449a;TRX-M90686L0;23/08/2025;Fahmi Idris;user3006@example.com;Non-Member;Sepatu Sneaker Lokal;Fashion;450000;2;Kartu Kredit;900000;0;900000;Sukabumi;Jawa Barat
6a118f6afad932644266449b;TRX-9WI5AOUY;07/11/2025;Budi Santoso;user3007@example.com;Member;Kemeja Flanel Oversize;Fashion;250000;2;Transfer Bank;500000;0;500000;Medan;Sumatera Utara
6a118f6afad932644266449c;TRX-WFW6HZRC;09/06/2025;Rian Hidayat;user3008@example.com;Member;Kopi Susu Gula Aren 1L;Kuliner;65000;3;Transfer Bank;195000;0;195000;Bandung;Jawa Barat
6a118f6afad932644266449d;TRX-3ZI8YVV8;17/09/2025;Budi Santoso;user3009@example.com;Member;Kopi Susu Gula Aren 1L;Kuliner;65000;1;Transfer Bank;65000;0;65000;Semarang;Jawa Tengah
6a118f6afad932644266449e;TRX-M87C6WAN;05/02/2025;Budi Santoso;user3010@example.com;Member;Kemeja Flanel Oversize;Fashion;250000;4;Kartu Kredit;1000000;0;1000000;Makassar;Sulawesi Selatan
6a118f6afad932644266449f;TRX-LCAQ6I59;02/03/2025;Budi Santoso;user3011@example.com;Member;Sepatu Sneaker Lokal;Fashion;450000;3;COD;1350000;0;1350000;Makassar;Sulawesi Selatan
6a118f6afad93264426644a0;TRX-JST3WUXH;01/02/2026;Mega Pertiwi;user3012@example.com;Member;Laptop ASUS ROG;Elektronik;20000000;1;E-Wallet (OVO/Dana);20000000;0;20000000;Sukabumi;Jawa Barat
6a118f6afad93264426644a1;TRX-PCDIXHP5;23/01/2025;Siti Aminah;user3013@example.com;Member;Kopi Susu Gula Aren 1L;Kuliner;65000;2;E-Wallet (OVO/Dana);130000;0;130000;Bandung;Jawa Barat
6a118f6afad93264426644a2;TRX-FXO2WWVC;19/01/2025;Mega Pertiwi;user3014@example.com;Member;Kopi Susu Gula Aren 1L;Kuliner;65000;3;E-Wallet (OVO/Dana);195000;0;195000;Bandung;Jawa Barat
6a118f6afad93264426644a3;TRX-G4ZMY4DA;01/01/2026;Eko Prasetyo;user3015@example.com;Member;Sepatu Sneaker Lokal;Fashion;450000;1;COD;450000;0;450000;Semarang;Jawa Tengah
6a118f6afad93264426644a4;TRX-G8Y9LLSF;24/02/2026;Eko Prasetyo;user3016@example.com;Non-Member;Paket Ayam Bakar Madu;Kuliner;35000;1;Transfer Bank;35000;0;35000;Makassar;Sulawesi Selatan
6a118f6afad93264426644a5;TRX-DGXE3DAO;07/04/2025;Mega Pertiwi;user3017@example.com;Member;Sepatu Sneaker Lokal;Fashion;450000;4;Kartu Kredit;1800000;0;1800000;Medan;Sumatera Utara
6a118f6afad93264426644a6;TRX-CY5VAAFZ;17/08/2025;Siti Aminah;user3018@example.com;Member;Smartphone Samsung S24;Elektronik;13000000;2;Kartu Kredit;26000000;0;26000000;Semarang;Jawa Tengah
6a118f6afad93264426644a7;TRX-QAC9KIC7;30/04/2026;Mega Pertiwi;user3019@example.com;Non-Member;Kemeja Flanel Oversize;Fashion;250000;2;E-Wallet (OVO/Dana);500000;0;500000;Jakarta;DKI Jakarta
6a118f6afad93264426644a8;TRX-XMV86YH5;26/03/2025;Fahmi Idris;user3020@example.com;Member;Paket Ayam Bakar Madu;Kuliner;35000;1;E-Wallet (OVO/Dana);35000;0;35000;Surabaya;Jawa Timur
6a118f6afad93264426644a9;TRX-4F35S7KH;02/02/2026;Jono Adriansyah;user3021@example.com;Non-Member;Kemeja Flanel Oversize;Fashion;250000;2;Transfer Bank;500000;0;500000;Sukabumi;Jawa Barat
6a118f6afad93264426644aa;TRX-17HZIAXP;31/07/2025;Eko Prasetyo;user3022@example.com;Non-Member;Kopi Susu Gula Aren 1L;Kuliner;65000;4;COD;260000;0;260000;Sukabumi;Jawa Barat
6a118f6afad93264426644ab;TRX-NWBXPI7P;24/11/2025;Fahmi Idris;user3023@example.com;Member;Sepatu Sneaker Lokal;Fashion;450000;2;E-Wallet (OVO/Dana);900000;0;900000;Semarang;Jawa Tengah
6a118f6afad93264426644ac;TRX-VIQHH0E3;22/05/2026;Rian Hidayat;user3024@example.com;Non-Member;Paket Ayam Bakar Madu;Kuliner;35000;2;COD;70000;0;70000;Bandung;Jawa Barat
6a118f6afad93264426644ad;TRX-D2JKRLPQ;08/11/2025;Novianti;user3025@example.com;Member;Paket Ayam Bakar Madu;Kuliner;35000;3;COD;105000;0;105000;Surabaya;Jawa Timur
6a118f6afad93264426644ae;TRX-Q8Z8WIZW;08/05/2026;Andi Wijaya;user3026@example.com;Non-Member;Kopi Susu Gula Aren 1L;Kuliner;65000;4;E-Wallet (OVO/Dana);260000;0;260000;Jakarta;DKI Jakarta
6a118f6afad93264426644af;TRX-X0INI49Y;02/12/2025;Dewi Lestari;user3027@example.com;Non-Member;Paket Ayam Bakar Madu;Kuliner;35000;3;COD;105000;0;105000;Surabaya;Jawa Timur
6a118f6afad93264426644b0;TRX-1WCXCO9O;24/05/2026;Rian Hidayat;user3028@example.com;Member;Meja Kerja Minimalis;Furniture;1200000;4;E-Wallet (OVO/Dana);4800000;0;4800000;Semarang;Jawa Tengah
6a118f6afad93264426644b1;TRX-BC47WID7;22/01/2026;Novianti;user3029@example.com;Non-Member;Kopi Susu Gula Aren 1L;Kuliner;65000;4;COD;260000;0;260000;Jakarta;DKI Jakarta
6a118f6afad93264426644b2;TRX-PFUSM0ZQ;25/02/2026;Fahmi Idris;user3030@example.com;Member;Kursi Gaming Premium;Furniture;2500000;4;Transfer Bank;10000000;0;10000000;Makassar;Sulawesi Selatan
6a118f6afad93264426644b3;TRX-4V62KK30;11/05/2026;Mega Pertiwi;user3031@example.com;Member;Kopi Susu Gula Aren 1L;Kuliner;65000;4;Transfer Bank;260000;0;260000;Semarang;Jawa Tengah
6a118f6afad93264426644b4;TRX-9UNZUPLI;12/01/2025;Dewi Lestari;user3032@example.com;Member;Kursi Gaming Premium;Furniture;2500000;4;COD;10000000;0;10000000;Medan;Sumatera Utara
6a118f6afad93264426644b5;TRX-26D14DZJ;14/03/2025;Jono Adriansyah;user3033@example.com;Non-Member;Paket Ayam Bakar Madu;Kuliner;35000;2;COD;70000;0;70000;Surabaya;Jawa Timur
6a118f6afad93264426644b6;TRX-ICX2REG3;09/04/2026;Mega Pertiwi;user3034@example.com;Member;Smartphone Samsung S24;Elektronik;13000000;1;E-Wallet (OVO/Dana);13000000;0;13000000;Jakarta;DKI Jakarta
6a118f6afad93264426644b7;TRX-AR7G2G2C;20/03/2026;Rian Hidayat;user3035@example.com;Member;Kursi Gaming Premium;Furniture;2500000;3;Kartu Kredit;7500000;0;7500000;Bandung;Jawa Barat
6a118f6afad93264426644b8;TRX-RQXJAQVH;26/08/2025;Budi Santoso;user3036@example.com;Member;Kursi Gaming Premium;Furniture;2500000;1;E-Wallet (OVO/Dana);2500000;0;2500000;Sukabumi;Jawa Barat
6a118f6afad93264426644b9;TRX-RE3X87Z0;10/08/2025;Andi Wijaya;user3037@example.com;Non-Member;Kursi Gaming Premium;Furniture;2500000;2;E-Wallet (OVO/Dana);5000000;0;5000000;Surabaya;Jawa Timur
6a118f6afad93264426644ba;TRX-N54134QX;09/03/2026;Budi Santoso;user3038@example.com;Non-Member;Meja Kerja Minimalis;Furniture;1200000;1;E-Wallet (OVO/Dana);1200000;0;1200000;Medan;Sumatera Utara
6a118f6afad93264426644bb;TRX-MPX68DR7;05/10/2025;Andi Wijaya;user3039@example.com;Member;Kopi Susu Gula Aren 1L;Kuliner;65000;1;Transfer Bank;65000;0;65000;Makassar;Sulawesi Selatan
6a118f6afad93264426644bc;TRX-04S6MXLY;14/09/2025;Budi Santoso;user3040@example.com;Non-Member;Kopi Susu Gula Aren 1L;Kuliner;65000;4;E-Wallet (OVO/Dana);260000;0;260000;Sukabumi;Jawa Barat
6a118f6afad93264426644bd;TRX-X12RY41O;10/07/2025;Dewi Lestari;user3041@example.com;Member;Sepatu Sneaker Lokal;Fashion;450000;4;COD;1800000;0;1800000;Sukabumi;Jawa Barat
6a118f6afad93264426644be;TRX-D1ULOYPY;25/03/2025;Novianti;user3042@example.com;Member;Kopi Susu Gula Aren 1L;Kuliner;65000;3;Transfer Bank;195000;0;195000;Semarang;Jawa Tengah
6a118f6afad93264426644bf;TRX-R34BAI0C;04/04/2025;Jono Adriansyah;user3043@example.com;Non-Member;Meja Kerja Minimalis;Furniture;1200000;2;E-Wallet (OVO/Dana);2400000;0;2400000;Surabaya;Jawa Timur
6a118f6afad93264426644c0;TRX-G04EU6HZ;10/07/2025;Mega Pertiwi;user3044@example.com;Member;Smartphone Samsung S24;Elektronik;13000000;3;E-Wallet (OVO/Dana);39000000;0;39000000;Sukabumi;Jawa Barat
6a118f6afad93264426644c1;TRX-KZRNXLGL;20/02/2025;Budi Santoso;user3045@example.com;Non-Member;Meja Kerja Minimalis;Furniture;1200000;4;E-Wallet (OVO/Dana);4800000;0;4800000;Makassar;Sulawesi Selatan
6a118f6afad93264426644c2;TRX-96HOM1SX;03/10/2025;Fahmi Idris;user3046@example.com;Non-Member;Paket Ayam Bakar Madu;Kuliner;35000;2;COD;70000;0;70000;Medan;Sumatera Utara
6a118f6afad93264426644c3;TRX-TRETATPR;03/01/2026;Dewi Lestari;user3047@example.com;Non-Member;Laptop ASUS ROG;Elektronik;20000000;2;Kartu Kredit;40000000;0;40000000;Makassar;Sulawesi Selatan
6a118f6afad93264426644c4;TRX-ZF7BMAPX;05/11/2025;Eko Prasetyo;user3048@example.com;Member;Smartphone Samsung S24;Elektronik;13000000;2;COD;26000000;0;26000000;Surabaya;Jawa Timur
6a118f6afad93264426644c5;TRX-V0WQJVEC;09/02/2025;Rian Hidayat;user3049@example.com;Member;Kursi Gaming Premium;Furniture;2500000;2;Transfer Bank;5000000;0;5000000;Jakarta;DKI Jakarta
6a118f6afad93264426644c6;TRX-XHVVEHI0;05/06/2025;Eko Prasetyo;user3050@example.com;Member;Smartphone Samsung S24;Elektronik;13000000;4;COD;52000000;0;52000000;Semarang;Jawa Tengah
6a118f6afad93264426644c7;TRX-CR30CZWU;11/09/2025;Mega Pertiwi;user3051@example.com;Non-Member;Kursi Gaming Premium;Furniture;2500000;4;E-Wallet (OVO/Dana);10000000;0;10000000;Jakarta;DKI Jakarta
6a118f6afad93264426644c8;TRX-QFKBJQ68;16/03/2025;Rian Hidayat;user3052@example.com;Non-Member;Paket Ayam Bakar Madu;Kuliner;35000;2;COD;70000;0;70000;Medan;Sumatera Utara
6a118f6afad93264426644c9;TRX-2X3NRQ0N;10/12/2025;Fahmi Idris;user3053@example.com;Member;Sepatu Sneaker Lokal;Fashion;450000;2;COD;900000;0;900000;Semarang;Jawa Tengah
6a118f6afad93264426644ca;TRX-2G8X52XC;31/08/2025;Andi Wijaya;user3054@example.com;Member;Kopi Susu Gula Aren 1L;Kuliner;65000;3;COD;195000;0;195000;Semarang;Jawa Tengah
6a118f6afad93264426644cb;TRX-ALP5U23N;20/07/2025;Fahmi Idris;user3055@example.com;Non-Member;Paket Ayam Bakar Madu;Kuliner;35000;2;Kartu Kredit;70000;0;70000;Semarang;Jawa Tengah
6a118f6afad93264426644cc;TRX-HBJ5F3XY;05/04/2026;Dewi Lestari;user3056@example.com;Member;Kursi Gaming Premium;Furniture;2500000;1;E-Wallet (OVO/Dana);2500000;0;2500000;Sukabumi;Jawa Barat
6a118f6afad93264426644cd;TRX-EVIYGC84;11/04/2025;Novianti;user3057@example.com;Non-Member;Laptop ASUS ROG;Elektronik;20000000;4;Kartu Kredit;80000000;0;80000000;Sukabumi;Jawa Barat
6a118f6afad93264426644ce;TRX-JIQALEX6;08/02/2026;Eko Prasetyo;user3058@example.com;Member;Kursi Gaming Premium;Furniture;2500000;1;E-Wallet (OVO/Dana);2500000;0;2500000;Bandung;Jawa Barat
6a118f6afad93264426644cf;TRX-EHA8JM0C;27/04/2025;Jono Adriansyah;user3059@example.com;Non-Member;Smartphone Samsung S24;Elektronik;13000000;4;COD;52000000;0;52000000;Semarang;Jawa Tengah
6a118f6afad93264426644d0;TRX-9I0L7CP1;03/03/2025;Dewi Lestari;user3060@example.com;Member;Laptop ASUS ROG;Elektronik;20000000;2;Transfer Bank;40000000;0;40000000;Jakarta;DKI Jakarta
6a118f6afad93264426644d1;TRX-IMV2NI8N;31/03/2026;Jono Adriansyah;user3061@example.com;Non-Member;Smartphone Samsung S24;Elektronik;13000000;4;COD;52000000;0;52000000;Bandung;Jawa Barat
6a118f6afad93264426644d2;TRX-1ECNDHHZ;23/01/2025;Siti Aminah;user3062@example.com;Member;Sepatu Sneaker Lokal;Fashion;450000;4;Transfer Bank;1800000;0;1800000;Jakarta;DKI Jakarta
6a118f6afad93264426644d3;TRX-DT8GVUE8;26/10/2025;Andi Wijaya;user3063@example.com;Non-Member;Kursi Gaming Premium;Furniture;2500000;3;COD;7500000;0;7500000;Surabaya;Jawa Timur
6a118f6afad93264426644d4;TRX-96T570B1;26/07/2025;Novianti;user3064@example.com;Non-Member;Kopi Susu Gula Aren 1L;Kuliner;65000;3;E-Wallet (OVO/Dana);195000;0;195000;Jakarta;DKI Jakarta
6a118f6afad93264426644d5;TRX-C265L3P9;06/10/2025;Jono Adriansyah;user3065@example.com;Member;Kursi Gaming Premium;Furniture;2500000;3;Kartu Kredit;7500000;0;7500000;Sukabumi;Jawa Barat
6a118f6afad93264426644d6;TRX-I71LPG8D;08/10/2025;Andi Wijaya;user3066@example.com;Member;Kursi Gaming Premium;Furniture;2500000;3;Transfer Bank;7500000;0;7500000;Medan;Sumatera Utara
6a118f6afad93264426644d7;TRX-6G207NJM;26/05/2026;Andi Wijaya;user3067@example.com;Member;Smartphone Samsung S24;Elektronik;13000000;3;Transfer Bank;39000000;0;39000000;Medan;Sumatera Utara
6a118f6afad93264426644d8;TRX-2CMJ5WZ3;09/01/2025;Mega Pertiwi;user3068@example.com;Member;Laptop ASUS ROG;Elektronik;20000000;3;Kartu Kredit;60000000;0;60000000;Makassar;Sulawesi Selatan
6a118f6afad93264426644d9;TRX-2XMS9CXW;04/06/2025;Dewi Lestari;user3069@example.com;Member;Laptop ASUS ROG;Elektronik;20000000;1;Kartu Kredit;20000000;0;20000000;Semarang;Jawa Tengah
6a118f6afad93264426644da;TRX-D73CRHL3;30/09/2025;Andi Wijaya;user3070@example.com;Non-Member;Laptop ASUS ROG;Elektronik;20000000;3;COD;60000000;0;60000000;Surabaya;Jawa Timur
6a118f6afad93264426644db;TRX-1ACU9Y7N;24/03/2026;Novianti;user3071@example.com;Non-Member;Paket Ayam Bakar Madu;Kuliner;35000;3;Kartu Kredit;105000;0;105000;Medan;Sumatera Utara
6a118f6afad93264426644dc;TRX-C2LS4FBU;21/04/2026;Mega Pertiwi;user3072@example.com;Non-Member;Sepatu Sneaker Lokal;Fashion;450000;4;E-Wallet (OVO/Dana);1800000;0;1800000;Bandung;Jawa Barat
6a118f6afad93264426644dd;TRX-IYM7XPBV;10/02/2026;Jono Adriansyah;user3073@example.com;Member;Smartphone Samsung S24;Elektronik;13000000;2;Kartu Kredit;26000000;0;26000000;Semarang;Jawa Tengah
6a118f6afad93264426644de;TRX-Y2TCA23J;13/03/2026;Budi Santoso;user3074@example.com;Member;Kursi Gaming Premium;Furniture;2500000;2;Kartu Kredit;5000000;0;5000000;Surabaya;Jawa Timur
6a118f6afad93264426644df;TRX-2YWVAVBR;21/10/2025;Fahmi Idris;user3075@example.com;Member;Paket Ayam Bakar Madu;Kuliner;35000;1;E-Wallet (OVO/Dana);35000;0;35000;Sukabumi;Jawa Barat
6a118f6afad93264426644e0;TRX-WJNNADA5;12/04/2026;Novianti;user3076@example.com;Member;Paket Ayam Bakar Madu;Kuliner;35000;3;Kartu Kredit;105000;0;105000;Sukabumi;Jawa Barat
6a118f6afad93264426644e1;TRX-8C3ZZ0NG;14/10/2025;Budi Santoso;user3077@example.com;Member;Sepatu Sneaker Lokal;Fashion;450000;1;COD;450000;0;450000;Bandung;Jawa Barat
6a118f6afad93264426644e2;TRX-56ZYQTQ4;09/06/2025;Rian Hidayat;user3078@example.com;Member;Kursi Gaming Premium;Furniture;2500000;4;COD;10000000;0;10000000;Semarang;Jawa Tengah
6a118f6afad93264426644e3;TRX-3A2747CD;13/11/2025;Fahmi Idris;user3079@example.com;Member;Sepatu Sneaker Lokal;Fashion;450000;4;Transfer Bank;1800000;0;1800000;Sukabumi;Jawa Barat
6a118f6afad93264426644e4;TRX-1B7M6ZBG;01/12/2025;Budi Santoso;user3080@example.com;Member;Laptop ASUS ROG;Elektronik;20000000;1;E-Wallet (OVO/Dana);20000000;0;20000000;Jakarta;DKI Jakarta
6a118f6afad93264426644e5;TRX-5ZVN5LWW;19/06/2025;Jono Adriansyah;user3081@example.com;Member;Meja Kerja Minimalis;Furniture;1200000;1;E-Wallet (OVO/Dana);1200000;0;1200000;Bandung;Jawa Barat
6a118f6afad93264426644e6;TRX-NI80BW02;20/05/2026;Dewi Lestari;user3082@example.com;Non-Member;Kemeja Flanel Oversize;Fashion;250000;4;Kartu Kredit;1000000;0;1000000;Semarang;Jawa Tengah
6a118f6afad93264426644e7;TRX-E7Q73CO2;18/04/2026;Fahmi Idris;user3083@example.com;Non-Member;Kemeja Flanel Oversize;Fashion;250000;4;Transfer Bank;1000000;0;1000000;Makassar;Sulawesi Selatan
6a118f6afad93264426644e8;TRX-7XA9JF9O;05/09/2025;Novianti;user3084@example.com;Non-Member;Smartphone Samsung S24;Elektronik;13000000;2;COD;26000000;0;26000000;Makassar;Sulawesi Selatan
6a118f6afad93264426644e9;TRX-DVXI6KSF;19/04/2026;Dewi Lestari;user3085@example.com;Member;Meja Kerja Minimalis;Furniture;1200000;2;E-Wallet (OVO/Dana);2400000;0;2400000;Medan;Sumatera Utara
6a118f6afad93264426644ea;TRX-W0S8P61A;07/07/2025;Fahmi Idris;user3086@example.com;Non-Member;Paket Ayam Bakar Madu;Kuliner;35000;3;COD;105000;0;105000;Sukabumi;Jawa Barat
6a118f6afad93264426644eb;TRX-ODL8ZGZM;23/08/2025;Dewi Lestari;user3087@example.com;Non-Member;Laptop ASUS ROG;Elektronik;20000000;2;COD;40000000;0;40000000;Medan;Sumatera Utara
6a118f6afad93264426644ec;TRX-Q49ST530;09/01/2025;Mega Pertiwi;user3088@example.com;Member;Kursi Gaming Premium;Furniture;2500000;4;E-Wallet (OVO/Dana);10000000;0;10000000;Surabaya;Jawa Timur
6a118f6afad93264426644ed;TRX-9O8XPGHL;07/05/2025;Novianti;user3089@example.com;Member;Meja Kerja Minimalis;Furniture;1200000;3;E-Wallet (OVO/Dana);3600000;0;3600000;Jakarta;DKI Jakarta
6a118f6afad93264426644ee;TRX-M55UNG9U;08/10/2025;Andi Wijaya;user3090@example.com;Member;Meja Kerja Minimalis;Furniture;1200000;2;COD;2400000;0;2400000;Sukabumi;Jawa Barat
6a118f6afad93264426644ef;TRX-D4RYGVHU;24/06/2025;Andi Wijaya;user3091@example.com;Non-Member;Paket Ayam Bakar Madu;Kuliner;35000;3;Transfer Bank;105000;0;105000;Semarang;Jawa Tengah
6a118f6afad93264426644f0;TRX-2RLPJ7SL;09/05/2026;Fahmi Idris;user3092@example.com;Member;Kopi Susu Gula Aren 1L;Kuliner;65000;3;COD;195000;0;195000;Makassar;Sulawesi Selatan
6a118f6afad93264426644f1;TRX-CF3HRBX6;18/12/2025;Rian Hidayat;user3093@example.com;Non-Member;Laptop ASUS ROG;Elektronik;20000000;1;Transfer Bank;20000000;0;20000000;Semarang;Jawa Tengah
6a118f6afad93264426644f2;TRX-WFP4WWQJ;27/02/2026;Jono Adriansyah;user3094@example.com;Non-Member;Laptop ASUS ROG;Elektronik;20000000;1;Transfer Bank;20000000;0;20000000;Semarang;Jawa Tengah
6a118f6afad93264426644f3;TRX-YDZPV56I;15/03/2025;Dewi Lestari;user3095@example.com;Member;Kursi Gaming Premium;Furniture;2500000;3;E-Wallet (OVO/Dana);7500000;0;7500000;Sukabumi;Jawa Barat
6a118f6afad93264426644f4;TRX-GTGYD5YA;24/01/2026;Andi Wijaya;user3096@example.com;Non-Member;Kemeja Flanel Oversize;Fashion;250000;2;Transfer Bank;500000;0;500000;Surabaya;Jawa Timur
6a118f6afad93264426644f5;TRX-CD3PSP0R;15/05/2025;Budi Santoso;user3097@example.com;Non-Member;Kopi Susu Gula Aren 1L;Kuliner;65000;4;Kartu Kredit;260000;0;260000;Medan;Sumatera Utara
6a118f6afad93264426644f6;TRX-4CO2247I;14/11/2025;Andi Wijaya;user3098@example.com;Non-Member;Kopi Susu Gula Aren 1L;Kuliner;65000;4;COD;260000;0;260000;Medan;Sumatera Utara
6a118f6afad93264426644f7;TRX-I6RJP92G;10/12/2025;Jono Adriansyah;user3099@example.com;Non-Member;Kemeja Flanel Oversize;Fashion;250000;2;Transfer Bank;500000;0;500000;Makassar;Sulawesi Selatan
6a118f6afad93264426644f8;TRX-VM7D8L0G;03/07/2025;Jono Adriansyah;user3100@example.com;Non-Member;Smartphone Samsung S24;Elektronik;13000000;4;E-Wallet (OVO/Dana);52000000;0;52000000;Surabaya;Jawa Timur
6a118f6afad93264426644f9;TRX-S0B0FZ1O;19/09/2025;Mega Pertiwi;user3101@example.com;Non-Member;Kopi Susu Gula Aren 1L;Kuliner;65000;3;Transfer Bank;195000;0;195000;Surabaya;Jawa Timur
6a118f6afad93264426644fa;TRX-NU7TDSSL;22/05/2026;Fahmi Idris;user3102@example.com;Non-Member;Smartphone Samsung S24;Elektronik;13000000;1;COD;13000000;0;13000000;Jakarta;DKI Jakarta
6a118f6afad93264426644fb;TRX-JYWMWPKY;14/04/2025;Budi Santoso;user3103@example.com;Member;Sepatu Sneaker Lokal;Fashion;450000;1;Kartu Kredit;450000;0;450000;Makassar;Sulawesi Selatan
6a118f6afad93264426644fc;TRX-DTFVVENF;12/04/2026;Jono Adriansyah;user3104@example.com;Member;Smartphone Samsung S24;Elektronik;13000000;4;Transfer Bank;52000000;0;52000000;Surabaya;Jawa Timur
6a118f6afad93264426644fd;TRX-LQ52FA2P;06/01/2026;Fahmi Idris;user3105@example.com;Member;Kemeja Flanel Oversize;Fashion;250000;2;E-Wallet (OVO/Dana);500000;0;500000;Bandung;Jawa Barat
6a118f6afad93264426644fe;TRX-ECGPRS26;30/04/2025;Budi Santoso;user3106@example.com;Member;Kemeja Flanel Oversize;Fashion;250000;2;Transfer Bank;500000;0;500000;Makassar;Sulawesi Selatan
6a118f6afad93264426644ff;TRX-YDIUB95E;17/03/2026;Eko Prasetyo;user3107@example.com;Member;Kopi Susu Gula Aren 1L;Kuliner;65000;1;Transfer Bank;65000;0;65000;Surabaya;Jawa Timur
6a118f6afad9326442664500;TRX-B1M26RZD;04/07/2025;Eko Prasetyo;user3108@example.com;Member;Meja Kerja Minimalis;Furniture;1200000;2;COD;2400000;0;2400000;Surabaya;Jawa Timur
6a118f6afad9326442664501;TRX-HZLMBNJ0;25/01/2026;Eko Prasetyo;user3109@example.com;Non-Member;Smartphone Samsung S24;Elektronik;13000000;4;Kartu Kredit;52000000;0;52000000;Medan;Sumatera Utara
6a118f6afad9326442664502;TRX-7HJWSFO4;10/07/2025;Mega Pertiwi;user3110@example.com;Non-Member;Kursi Gaming Premium;Furniture;2500000;1;Transfer Bank;2500000;0;2500000;Sukabumi;Jawa Barat
6a118f6afad9326442664503;TRX-SSP3XWZZ;07/05/2025;Budi Santoso;user3111@example.com;Member;Kopi Susu Gula Aren 1L;Kuliner;65000;1;E-Wallet (OVO/Dana);65000;0;65000;Sukabumi;Jawa Barat
6a118f6afad9326442664504;TRX-TFIJYUUH;26/02/2025;Eko Prasetyo;user3112@example.com;Non-Member;Paket Ayam Bakar Madu;Kuliner;35000;1;COD;35000;0;35000;Sukabumi;Jawa Barat
6a118f6afad9326442664505;TRX-6T8TLWK9;07/10/2025;Fahmi Idris;user3113@example.com;Member;Kursi Gaming Premium;Furniture;2500000;1;Kartu Kredit;2500000;0;2500000;Bandung;Jawa Barat
6a118f6afad9326442664506;TRX-3BB5S8V6;09/04/2026;Siti Aminah;user3114@example.com;Member;Sepatu Sneaker Lokal;Fashion;450000;1;Kartu Kredit;450000;0;450000;Makassar;Sulawesi Selatan
6a118f6afad9326442664507;TRX-O9FDLM86;15/02/2026;Fahmi Idris;user3115@example.com;Member;Kemeja Flanel Oversize;Fashion;250000;2;E-Wallet (OVO/Dana);500000;0;500000;Makassar;Sulawesi Selatan
6a118f6afad9326442664508;TRX-HGJ0RLG4;22/07/2025;Mega Pertiwi;user3116@example.com;Member;Meja Kerja Minimalis;Furniture;1200000;1;Transfer Bank;1200000;0;1200000;Surabaya;Jawa Timur
6a118f6afad9326442664509;TRX-XRHB689Q;22/05/2025;Novianti;user3117@example.com;Member;Kemeja Flanel Oversize;Fashion;250000;1;Transfer Bank;250000;0;250000;Jakarta;DKI Jakarta
6a118f6afad932644266450a;TRX-DZZK6TMJ;27/05/2026;Fahmi Idris;user3118@example.com;Member;Meja Kerja Minimalis;Furniture;1200000;4;E-Wallet (OVO/Dana);4800000;0;4800000;Surabaya;Jawa Timur
6a118f6afad932644266450b;TRX-YKL84TU6;26/05/2025;Fahmi Idris;user3119@example.com;Non-Member;Sepatu Sneaker Lokal;Fashion;450000;2;Kartu Kredit;900000;0;900000;Surabaya;Jawa Timur
6a118f6afad932644266450c;TRX-KQT3QQT6;20/08/2025;Mega Pertiwi;user3120@example.com;Member;Paket Ayam Bakar Madu;Kuliner;35000;1;Transfer Bank;35000;0;35000;Makassar;Sulawesi Selatan
6a118f6afad932644266450d;TRX-ZB5SX5ST;30/04/2026;Novianti;user3121@example.com;Member;Kemeja Flanel Oversize;Fashion;250000;3;E-Wallet (OVO/Dana);750000;0;750000;Semarang;Jawa Tengah
6a118f6afad932644266450e;TRX-XK035RZ3;06/02/2025;Mega Pertiwi;user3122@example.com;Member;Kopi Susu Gula Aren 1L;Kuliner;65000;3;Transfer Bank;195000;0;195000;Jakarta;DKI Jakarta
6a118f6afad932644266450f;TRX-FR2VWCZU;08/04/2026;Rian Hidayat;user3123@example.com;Member;Meja Kerja Minimalis;Furniture;1200000;1;COD;1200000;0;1200000;Surabaya;Jawa Timur
6a118f6afad9326442664510;TRX-21BBVQFA;08/05/2026;Fahmi Idris;user3124@example.com;Member;Meja Kerja Minimalis;Furniture;1200000;1;Kartu Kredit;1200000;0;1200000;Jakarta;DKI Jakarta
6a118f6afad9326442664511;TRX-X13JJ4Y5;04/03/2025;Novianti;user3125@example.com;Non-Member;Sepatu Sneaker Lokal;Fashion;450000;4;E-Wallet (OVO/Dana);1800000;0;1800000;Makassar;Sulawesi Selatan
6a118f6afad9326442664512;TRX-GXMR1TDQ;02/10/2025;Novianti;user3126@example.com;Non-Member;Smartphone Samsung S24;Elektronik;13000000;3;COD;39000000;0;39000000;Surabaya;Jawa Timur
6a118f6afad9326442664513;TRX-RP8A3O2V;26/01/2026;Siti Aminah;user3127@example.com;Member;Meja Kerja Minimalis;Furniture;1200000;3;COD;3600000;0;3600000;Bandung;Jawa Barat
6a118f6afad9326442664514;TRX-YZQY8HU7;13/08/2025;Dewi Lestari;user3128@example.com;Member;Kopi Susu Gula Aren 1L;Kuliner;65000;3;Kartu Kredit;195000;0;195000;Medan;Sumatera Utara
6a118f6afad9326442664515;TRX-2HO936WI;01/05/2025;Dewi Lestari;user3129@example.com;Non-Member;Laptop ASUS ROG;Elektronik;20000000;2;Kartu Kredit;40000000;0;40000000;Medan;Sumatera Utara
6a118f6afad9326442664516;TRX-X1N0MV7L;01/06/2025;Dewi Lestari;user3130@example.com;Non-Member;Laptop ASUS ROG;Elektronik;20000000;4;COD;80000000;0;80000000;Medan;Sumatera Utara
6a118f6afad9326442664517;TRX-KI3HY2LY;16/02/2026;Mega Pertiwi;user3131@example.com;Member;Meja Kerja Minimalis;Furniture;1200000;1;COD;1200000;0;1200000;Medan;Sumatera Utara
6a118f6afad9326442664518;TRX-0A3RUKJB;19/10/2025;Rian Hidayat;user3132@example.com;Member;Smartphone Samsung S24;Elektronik;13000000;1;E-Wallet (OVO/Dana);13000000;0;13000000;Surabaya;Jawa Timur
6a118f6afad9326442664519;TRX-X53KIR4H;26/04/2026;Novianti;user3133@example.com;Non-Member;Kopi Susu Gula Aren 1L;Kuliner;65000;4;E-Wallet (OVO/Dana);260000;0;260000;Makassar;Sulawesi Selatan
6a118f6afad932644266451a;TRX-DBARQ2YP;04/05/2026;Dewi Lestari;user3134@example.com;Member;Meja Kerja Minimalis;Furniture;1200000;3;Kartu Kredit;3600000;0;3600000;Sukabumi;Jawa Barat
6a118f6afad932644266451b;TRX-ATXONKYV;20/04/2026;Andi Wijaya;user3135@example.com;Non-Member;Sepatu Sneaker Lokal;Fashion;450000;1;Kartu Kredit;450000;0;450000;Medan;Sumatera Utara
6a118f6afad932644266451c;TRX-O5EKELSH;11/01/2025;Siti Aminah;user3136@example.com;Member;Kopi Susu Gula Aren 1L;Kuliner;65000;1;COD;65000;0;65000;Semarang;Jawa Tengah
6a118f6afad932644266451d;TRX-2DCF34UE;31/03/2026;Dewi Lestari;user3137@example.com;Non-Member;Sepatu Sneaker Lokal;Fashion;450000;4;Transfer Bank;1800000;0;1800000;Jakarta;DKI Jakarta
6a118f6afad932644266451e;TRX-NS3A5YM8;09/01/2025;Jono Adriansyah;user3138@example.com;Non-Member;Smartphone Samsung S24;Elektronik;13000000;1;COD;13000000;0;13000000;Bandung;Jawa Barat
6a118f6afad932644266451f;TRX-5EBH2JQ7;11/06/2025;Dewi Lestari;user3139@example.com;Member;Kursi Gaming Premium;Furniture;2500000;4;Transfer Bank;10000000;0;10000000;Jakarta;DKI Jakarta
6a118f6afad9326442664520;TRX-95OUUUR7;21/03/2025;Siti Aminah;user3140@example.com;Member;Paket Ayam Bakar Madu;Kuliner;35000;3;Transfer Bank;105000;0;105000;Surabaya;Jawa Timur
6a118f6afad9326442664521;TRX-EMEM3Q0F;12/02/2025;Mega Pertiwi;user3141@example.com;Non-Member;Smartphone Samsung S24;Elektronik;13000000;2;COD;26000000;0;26000000;Sukabumi;Jawa Barat
6a118f6afad9326442664522;TRX-PBU1OIQY;08/11/2025;Eko Prasetyo;user3142@example.com;Non-Member;Laptop ASUS ROG;Elektronik;20000000;1;E-Wallet (OVO/Dana);20000000;0;20000000;Makassar;Sulawesi Selatan
6a118f6afad9326442664523;TRX-FX156VS2;20/01/2026;Eko Prasetyo;user3143@example.com;Member;Kopi Susu Gula Aren 1L;Kuliner;65000;2;E-Wallet (OVO/Dana);130000;0;130000;Sukabumi;Jawa Barat
6a118f6afad9326442664524;TRX-IFXMTK4F;04/01/2026;Novianti;user3144@example.com;Member;Sepatu Sneaker Lokal;Fashion;450000;1;E-Wallet (OVO/Dana);450000;0;450000;Medan;Sumatera Utara
6a118f6afad9326442664525;TRX-6YPC24OO;21/01/2025;Novianti;user3145@example.com;Member;Laptop ASUS ROG;Elektronik;20000000;2;COD;40000000;0;40000000;Jakarta;DKI Jakarta
6a118f6afad9326442664526;TRX-SA7KAI66;15/11/2025;Novianti;user3146@example.com;Member;Kopi Susu Gula Aren 1L;Kuliner;65000;4;COD;260000;0;260000;Surabaya;Jawa Timur
6a118f6afad9326442664527;TRX-BFWSL0OW;17/04/2026;Eko Prasetyo;user3147@example.com;Member;Kopi Susu Gula Aren 1L;Kuliner;65000;2;Transfer Bank;130000;0;130000;Jakarta;DKI Jakarta
6a118f6afad9326442664528;TRX-3VPAJEC3;18/02/2025;Dewi Lestari;user3148@example.com;Non-Member;Paket Ayam Bakar Madu;Kuliner;35000;3;E-Wallet (OVO/Dana);105000;0;105000;Jakarta;DKI Jakarta
6a118f6afad9326442664529;TRX-RVA8THBO;24/06/2025;Mega Pertiwi;user3149@example.com;Member;Kemeja Flanel Oversize;Fashion;250000;2;Transfer Bank;500000;0;500000;Bandung;Jawa Barat
6a118f6afad932644266452a;TRX-ZPYY98NS;03/03/2026;Dewi Lestari;user3150@example.com;Non-Member;Smartphone Samsung S24;Elektronik;13000000;1;Kartu Kredit;13000000;0;13000000;Bandung;Jawa Barat
6a118f6afad932644266452b;TRX-CAWD79LB;18/05/2026;Fahmi Idris;user3151@example.com;Non-Member;Paket Ayam Bakar Madu;Kuliner;35000;3;Transfer Bank;105000;0;105000;Medan;Sumatera Utara
6a118f6afad932644266452c;TRX-M84NQPJT;08/01/2026;Rian Hidayat;user3152@example.com;Member;Sepatu Sneaker Lokal;Fashion;450000;2;Kartu Kredit;900000;0;900000;Sukabumi;Jawa Barat
6a118f6afad932644266452d;TRX-6YOGG2S3;25/10/2025;Andi Wijaya;user3153@example.com;Member;Sepatu Sneaker Lokal;Fashion;450000;2;E-Wallet (OVO/Dana);900000;0;900000;Jakarta;DKI Jakarta
6a118f6afad932644266452e;TRX-BX1E62Y1;11/02/2025;Budi Santoso;user3154@example.com;Non-Member;Laptop ASUS ROG;Elektronik;20000000;4;Kartu Kredit;80000000;0;80000000;Makassar;Sulawesi Selatan
6a118f6afad932644266452f;TRX-OVOOMH5C;12/02/2025;Jono Adriansyah;user3155@example.com;Non-Member;Laptop ASUS ROG;Elektronik;20000000;3;COD;60000000;0;60000000;Jakarta;DKI Jakarta
6a118f6afad9326442664530;TRX-R3S41PGS;24/04/2026;Budi Santoso;user3156@example.com;Member;Laptop ASUS ROG;Elektronik;20000000;3;Kartu Kredit;60000000;0;60000000;Jakarta;DKI Jakarta
6a118f6afad9326442664531;TRX-3RYZU98W;17/10/2025;Siti Aminah;user3157@example.com;Member;Sepatu Sneaker Lokal;Fashion;450000;2;Transfer Bank;900000;0;900000;Makassar;Sulawesi Selatan
6a118f6afad9326442664532;TRX-DSA9GMD7;16/05/2026;Eko Prasetyo;user3158@example.com;Non-Member;Paket Ayam Bakar Madu;Kuliner;35000;3;E-Wallet (OVO/Dana);105000;0;105000;Medan;Sumatera Utara
6a118f6afad9326442664533;TRX-F6PHYM5Z;27/07/2025;Novianti;user3159@example.com;Member;Kursi Gaming Premium;Furniture;2500000;4;Transfer Bank;10000000;0;10000000;Bandung;Jawa Barat
6a118f6afad9326442664534;TRX-VX1YI7QO;30/04/2025;Budi Santoso;user3160@example.com;Non-Member;Kursi Gaming Premium;Furniture;2500000;1;Transfer Bank;2500000;0;2500000;Jakarta;DKI Jakarta
6a118f6afad9326442664535;TRX-JRLKH4P8;02/03/2026;Andi Wijaya;user3161@example.com;Non-Member;Paket Ayam Bakar Madu;Kuliner;35000;3;Kartu Kredit;105000;0;105000;Medan;Sumatera Utara
6a118f6afad9326442664536;TRX-5EAZW9E9;18/05/2026;Mega Pertiwi;user3162@example.com;Member;Smartphone Samsung S24;Elektronik;13000000;1;Kartu Kredit;13000000;0;13000000;Surabaya;Jawa Timur
6a118f6afad9326442664537;TRX-HH7DPIWA;20/03/2025;Andi Wijaya;user3163@example.com;Member;Kemeja Flanel Oversize;Fashion;250000;4;Kartu Kredit;1000000;0;1000000;Makassar;Sulawesi Selatan
6a118f6afad9326442664538;TRX-RB51JP9R;12/12/2025;Andi Wijaya;user3164@example.com;Non-Member;Paket Ayam Bakar Madu;Kuliner;35000;3;Transfer Bank;105000;0;105000;Makassar;Sulawesi Selatan
6a118f6afad9326442664539;TRX-79SJ99IM;10/08/2025;Budi Santoso;user3165@example.com;Member;Kopi Susu Gula Aren 1L;Kuliner;65000;4;Transfer Bank;260000;0;260000;Jakarta;DKI Jakarta
6a118f6afad932644266453a;TRX-02H67EWR;21/02/2025;Rian Hidayat;user3166@example.com;Member;Kursi Gaming Premium;Furniture;2500000;4;COD;10000000;0;10000000;Sukabumi;Jawa Barat
6a118f6afad932644266453b;TRX-2R21LJ1V;06/02/2025;Dewi Lestari;user3167@example.com;Member;Sepatu Sneaker Lokal;Fashion;450000;3;COD;1350000;0;1350000;Jakarta;DKI Jakarta
6a118f6afad932644266453c;TRX-ENNEQ3X1;22/07/2025;Mega Pertiwi;user3168@example.com;Non-Member;Smartphone Samsung S24;Elektronik;13000000;1;Transfer Bank;13000000;0;13000000;Makassar;Sulawesi Selatan
6a118f6afad932644266453d;TRX-7CX56VLM;21/02/2026;Andi Wijaya;user3169@example.com;Member;Kursi Gaming Premium;Furniture;2500000;4;COD;10000000;0;10000000;Surabaya;Jawa Timur
6a118f6afad932644266453e;TRX-YPVQVBP3;22/04/2025;Andi Wijaya;user3170@example.com;Member;Paket Ayam Bakar Madu;Kuliner;35000;4;COD;140000;0;140000;Surabaya;Jawa Timur
6a118f6afad932644266453f;TRX-KAQP8YOF;13/06/2025;Rian Hidayat;user3171@example.com;Non-Member;Kopi Susu Gula Aren 1L;Kuliner;65000;1;COD;65000;0;65000;Medan;Sumatera Utara
6a118f6afad9326442664540;TRX-DFBSWNEM;27/09/2025;Andi Wijaya;user3172@example.com;Non-Member;Meja Kerja Minimalis;Furniture;1200000;3;COD;3600000;0;3600000;Makassar;Sulawesi Selatan
6a118f6afad9326442664541;TRX-8DV52DSZ;19/07/2025;Eko Prasetyo;user3173@example.com;Non-Member;Smartphone Samsung S24;Elektronik;13000000;2;COD;26000000;0;26000000;Bandung;Jawa Barat
6a118f6afad9326442664542;TRX-YHLBORQ9;19/04/2025;Budi Santoso;user3174@example.com;Non-Member;Kursi Gaming Premium;Furniture;2500000;1;Transfer Bank;2500000;0;2500000;Semarang;Jawa Tengah
6a118f6afad9326442664543;TRX-2VWAE3VT;01/04/2026;Jono Adriansyah;user3175@example.com;Non-Member;Paket Ayam Bakar Madu;Kuliner;35000;4;Kartu Kredit;140000;0;140000;Semarang;Jawa Tengah
6a118f6afad9326442664544;TRX-D19KE36H;26/11/2025;Rian Hidayat;user3176@example.com;Member;Sepatu Sneaker Lokal;Fashion;450000;4;E-Wallet (OVO/Dana);1800000;0;1800000;Sukabumi;Jawa Barat
6a118f6afad9326442664545;TRX-46WVIZT7;01/09/2025;Budi Santoso;user3177@example.com;Non-Member;Sepatu Sneaker Lokal;Fashion;450000;4;E-Wallet (OVO/Dana);1800000;0;1800000;Surabaya;Jawa Timur
6a118f6afad9326442664546;TRX-Z5PC5UPC;22/01/2025;Fahmi Idris;user3178@example.com;Member;Kemeja Flanel Oversize;Fashion;250000;3;E-Wallet (OVO/Dana);750000;0;750000;Makassar;Sulawesi Selatan
6a118f6afad9326442664547;TRX-0QITM45L;12/04/2025;Jono Adriansyah;user3179@example.com;Non-Member;Paket Ayam Bakar Madu;Kuliner;35000;1;Kartu Kredit;35000;0;35000;Jakarta;DKI Jakarta
6a118f6afad9326442664548;TRX-9O4O089C;20/04/2025;Mega Pertiwi;user3180@example.com;Non-Member;Kursi Gaming Premium;Furniture;2500000;3;Kartu Kredit;7500000;0;7500000;Surabaya;Jawa Timur
6a118f6afad9326442664549;TRX-DG3NXM5Y;26/02/2025;Fahmi Idris;user3181@example.com;Member;Meja Kerja Minimalis;Furniture;1200000;4;E-Wallet (OVO/Dana);4800000;0;4800000;Jakarta;DKI Jakarta
6a118f6afad932644266454a;TRX-ZYWZ79WU;04/02/2026;Fahmi Idris;user3182@example.com;Non-Member;Kemeja Flanel Oversize;Fashion;250000;1;Kartu Kredit;250000;0;250000;Medan;Sumatera Utara
6a118f6afad932644266454b;TRX-EJ11O7WT;10/07/2025;Dewi Lestari;user3183@example.com;Non-Member;Paket Ayam Bakar Madu;Kuliner;35000;2;COD;70000;0;70000;Jakarta;DKI Jakarta
6a118f6afad932644266454c;TRX-VFLWDE7D;30/06/2025;Novianti;user3184@example.com;Member;Sepatu Sneaker Lokal;Fashion;450000;1;E-Wallet (OVO/Dana);450000;0;450000;Sukabumi;Jawa Barat
6a118f6afad932644266454d;TRX-KQXI26YH;19/02/2026;Dewi Lestari;user3185@example.com;Member;Kemeja Flanel Oversize;Fashion;250000;1;Kartu Kredit;250000;0;250000;Makassar;Sulawesi Selatan
6a118f6afad932644266454e;TRX-8JEV3S6H;19/04/2025;Andi Wijaya;user3186@example.com;Member;Smartphone Samsung S24;Elektronik;13000000;2;COD;26000000;0;26000000;Surabaya;Jawa Timur
6a118f6afad932644266454f;TRX-Q6HHEP9L;18/05/2026;Fahmi Idris;user3187@example.com;Non-Member;Paket Ayam Bakar Madu;Kuliner;35000;3;Transfer Bank;105000;0;105000;Sukabumi;Jawa Barat
6a118f6afad9326442664550;TRX-GUDCSW4H;25/11/2025;Eko Prasetyo;user3188@example.com;Member;Meja Kerja Minimalis;Furniture;1200000;4;Kartu Kredit;4800000;0;4800000;Semarang;Jawa Tengah
6a118f6afad9326442664551;TRX-Y5PDCZHN;31/03/2026;Mega Pertiwi;user3189@example.com;Non-Member;Kursi Gaming Premium;Furniture;2500000;3;Transfer Bank;7500000;0;7500000;Makassar;Sulawesi Selatan
6a118f6afad9326442664552;TRX-KNDP9PGT;14/03/2025;Mega Pertiwi;user3190@example.com;Member;Sepatu Sneaker Lokal;Fashion;450000;2;Transfer Bank;900000;0;900000;Semarang;Jawa Tengah
6a118f6afad9326442664553;TRX-0QSHHASE;09/10/2025;Siti Aminah;user3191@example.com;Non-Member;Meja Kerja Minimalis;Furniture;1200000;2;Kartu Kredit;2400000;0;2400000;Medan;Sumatera Utara
6a118f6afad9326442664554;TRX-DUOQC57R;09/04/2026;Budi Santoso;user3192@example.com;Non-Member;Smartphone Samsung S24;Elektronik;13000000;4;COD;52000000;0;52000000;Medan;Sumatera Utara
6a118f6afad9326442664555;TRX-R5DW01X7;01/02/2026;Jono Adriansyah;user3193@example.com;Member;Meja Kerja Minimalis;Furniture;1200000;1;Kartu Kredit;1200000;0;1200000;Semarang;Jawa Tengah
6a118f6afad9326442664556;TRX-BXL9JPWM;13/02/2025;Fahmi Idris;user3194@example.com;Member;Laptop ASUS ROG;Elektronik;20000000;1;COD;20000000;0;20000000;Sukabumi;Jawa Barat
6a118f6afad9326442664557;TRX-9J9C7FAP;07/02/2026;Dewi Lestari;user3195@example.com;Member;Smartphone Samsung S24;Elektronik;13000000;3;E-Wallet (OVO/Dana);39000000;0;39000000;Semarang;Jawa Tengah
6a118f6afad9326442664558;TRX-EDCL9MF2;23/03/2026;Eko Prasetyo;user3196@example.com;Member;Paket Ayam Bakar Madu;Kuliner;35000;4;Transfer Bank;140000;0;140000;Surabaya;Jawa Timur
6a118f6afad9326442664559;TRX-3CC9FRXN;20/01/2025;Siti Aminah;user3197@example.com;Non-Member;Laptop ASUS ROG;Elektronik;20000000;2;Kartu Kredit;40000000;0;40000000;Sukabumi;Jawa Barat
6a118f6afad932644266455a;TRX-TPSVRCSQ;11/02/2026;Novianti;user3198@example.com;Non-Member;Smartphone Samsung S24;Elektronik;13000000;1;COD;13000000;0;13000000;Sukabumi;Jawa Barat
6a118f6afad932644266455b;TRX-BGN8RM4V;19/01/2025;Dewi Lestari;user3199@example.com;Non-Member;Kursi Gaming Premium;Furniture;2500000;3;Transfer Bank;7500000;0;7500000;Surabaya;Jawa Timur
6a118f6afad932644266455c;TRX-TEDHLS9S;15/05/2026;Fahmi Idris;user3200@example.com;Non-Member;Paket Ayam Bakar Madu;Kuliner;35000;4;Kartu Kredit;140000;0;140000;Jakarta;DKI Jakarta
6a118f6afad932644266455d;TRX-XZXQ205L;20/09/2025;Siti Aminah;user3201@example.com;Non-Member;Kemeja Flanel Oversize;Fashion;250000;4;Kartu Kredit;1000000;0;1000000;Medan;Sumatera Utara
6a118f6afad932644266455e;TRX-SPCSUT0J;04/03/2025;Siti Aminah;user3202@example.com;Non-Member;Kursi Gaming Premium;Furniture;2500000;2;Kartu Kredit;5000000;0;5000000;Semarang;Jawa Tengah
6a118f6afad932644266455f;TRX-WI2J2MUF;18/12/2025;Eko Prasetyo;user3203@example.com;Member;Meja Kerja Minimalis;Furniture;1200000;1;COD;1200000;0;1200000;Makassar;Sulawesi Selatan
6a118f6afad9326442664560;TRX-CKL571NC;19/10/2025;Fahmi Idris;user3204@example.com;Non-Member;Sepatu Sneaker Lokal;Fashion;450000;2;E-Wallet (OVO/Dana);900000;0;900000;Surabaya;Jawa Timur
6a118f6afad9326442664561;TRX-6WY4EZ8A;21/03/2026;Eko Prasetyo;user3205@example.com;Non-Member;Paket Ayam Bakar Madu;Kuliner;35000;1;Transfer Bank;35000;0;35000;Jakarta;DKI Jakarta
6a118f6afad9326442664562;TRX-W0UFDWAW;11/09/2025;Siti Aminah;user3206@example.com;Member;Smartphone Samsung S24;Elektronik;13000000;2;Kartu Kredit;26000000;0;26000000;Surabaya;Jawa Timur
6a118f6afad9326442664563;TRX-M7ILKRKJ;14/08/2025;Rian Hidayat;user3207@example.com;Member;Kopi Susu Gula Aren 1L;Kuliner;65000;2;Kartu Kredit;130000;0;130000;Sukabumi;Jawa Barat
6a118f6afad9326442664564;TRX-0RD5H6OD;02/06/2025;Fahmi Idris;user3208@example.com;Non-Member;Sepatu Sneaker Lokal;Fashion;450000;2;COD;900000;0;900000;Makassar;Sulawesi Selatan
6a118f6afad9326442664565;TRX-QJZVHOQM;26/01/2026;Mega Pertiwi;user3209@example.com;Non-Member;Kursi Gaming Premium;Furniture;2500000;3;Transfer Bank;7500000;0;7500000;Medan;Sumatera Utara
6a118f6afad9326442664566;TRX-8A7XWVMT;17/02/2026;Budi Santoso;user3210@example.com;Non-Member;Kemeja Flanel Oversize;Fashion;250000;1;COD;250000;0;250000;Semarang;Jawa Tengah
6a118f6afad9326442664567;TRX-HB3G1KA2;25/04/2026;Eko Prasetyo;user3211@example.com;Member;Kemeja Flanel Oversize;Fashion;250000;1;E-Wallet (OVO/Dana);250000;0;250000;Semarang;Jawa Tengah
6a118f6afad9326442664568;TRX-QW2K8ZGQ;03/06/2025;Andi Wijaya;user3212@example.com;Non-Member;Kursi Gaming Premium;Furniture;2500000;2;Kartu Kredit;5000000;0;5000000;Sukabumi;Jawa Barat
6a118f6afad9326442664569;TRX-VUID2VYL;23/10/2025;Rian Hidayat;user3213@example.com;Member;Laptop ASUS ROG;Elektronik;20000000;2;COD;40000000;0;40000000;Jakarta;DKI Jakarta
6a118f6afad932644266456a;TRX-L30S2O57;06/05/2025;Fahmi Idris;user3214@example.com;Non-Member;Kopi Susu Gula Aren 1L;Kuliner;65000;1;Transfer Bank;65000;0;65000;Makassar;Sulawesi Selatan
6a118f6afad932644266456b;TRX-4EB2I63N;31/07/2025;Rian Hidayat;user3215@example.com;Member;Meja Kerja Minimalis;Furniture;1200000;3;Kartu Kredit;3600000;0;3600000;Bandung;Jawa Barat
6a118f6afad932644266456c;TRX-CG7DFW8Z;12/04/2025;Eko Prasetyo;user3216@example.com;Non-Member;Kemeja Flanel Oversize;Fashion;250000;1;Transfer Bank;250000;0;250000;Jakarta;DKI Jakarta
6a118f6afad932644266456d;TRX-3EAF8N8Y;02/03/2026;Jono Adriansyah;user3217@example.com;Member;Kemeja Flanel Oversize;Fashion;250000;2;COD;500000;0;500000;Bandung;Jawa Barat
6a118f6afad932644266456e;TRX-7858UY94;26/02/2025;Andi Wijaya;user3218@example.com;Member;Sepatu Sneaker Lokal;Fashion;450000;4;Transfer Bank;1800000;0;1800000;Surabaya;Jawa Timur
6a118f6afad932644266456f;TRX-SBZJ3OGG;08/04/2025;Andi Wijaya;user3219@example.com;Member;Laptop ASUS ROG;Elektronik;20000000;3;E-Wallet (OVO/Dana);60000000;0;60000000;Sukabumi;Jawa Barat
6a118f6afad9326442664570;TRX-A45IQQ7S;08/02/2026;Budi Santoso;user3220@example.com;Non-Member;Sepatu Sneaker Lokal;Fashion;450000;1;COD;450000;0;450000;Bandung;Jawa Barat
6a118f6afad9326442664571;TRX-YOPYYU3W;02/03/2026;Dewi Lestari;user3221@example.com;Non-Member;Kopi Susu Gula Aren 1L;Kuliner;65000;3;Kartu Kredit;195000;0;195000;Jakarta;DKI Jakarta
6a118f6afad9326442664572;TRX-0H49L6LF;25/03/2025;Novianti;user3222@example.com;Member;Paket Ayam Bakar Madu;Kuliner;35000;1;Transfer Bank;35000;0;35000;Bandung;Jawa Barat
6a118f6afad9326442664573;TRX-GJEW07TV;26/11/2025;Siti Aminah;user3223@example.com;Non-Member;Sepatu Sneaker Lokal;Fashion;450000;2;Transfer Bank;900000;0;900000;Medan;Sumatera Utara
6a118f6afad9326442664574;TRX-YM0S4S7C;25/12/2025;Budi Santoso;user3224@example.com;Non-Member;Paket Ayam Bakar Madu;Kuliner;35000;4;E-Wallet (OVO/Dana);140000;0;140000;Makassar;Sulawesi Selatan
6a118f6afad9326442664575;TRX-5BPWRFQL;15/09/2025;Fahmi Idris;user3225@example.com;Non-Member;Kursi Gaming Premium;Furniture;2500000;1;Transfer Bank;2500000;0;2500000;Medan;Sumatera Utara
6a118f6afad9326442664576;TRX-3X6VZ1Q8;20/04/2025;Eko Prasetyo;user3226@example.com;Member;Meja Kerja Minimalis;Furniture;1200000;2;E-Wallet (OVO/Dana);2400000;0;2400000;Sukabumi;Jawa Barat
6a118f6afad9326442664577;TRX-PPIFN2LN;26/09/2025;Andi Wijaya;user3227@example.com;Member;Paket Ayam Bakar Madu;Kuliner;35000;4;COD;140000;0;140000;Semarang;Jawa Tengah
6a118f6afad9326442664578;TRX-VNR3NUUQ;01/04/2026;Mega Pertiwi;user3228@example.com;Non-Member;Laptop ASUS ROG;Elektronik;20000000;4;COD;80000000;0;80000000;Makassar;Sulawesi Selatan
6a118f6afad9326442664579;TRX-WD6F7PPO;11/04/2026;Dewi Lestari;user3229@example.com;Member;Sepatu Sneaker Lokal;Fashion;450000;4;E-Wallet (OVO/Dana);1800000;0;1800000;Surabaya;Jawa Timur
6a118f6afad932644266457a;TRX-4805CNLS;25/02/2025;Budi Santoso;user3230@example.com;Non-Member;Meja Kerja Minimalis;Furniture;1200000;1;Transfer Bank;1200000;0;1200000;Bandung;Jawa Barat
6a118f6afad932644266457b;TRX-ARDS6QSK;20/04/2025;Andi Wijaya;user3231@example.com;Non-Member;Meja Kerja Minimalis;Furniture;1200000;2;Kartu Kredit;2400000;0;2400000;Semarang;Jawa Tengah
6a118f6afad932644266457c;TRX-NS1QZ0RT;22/02/2025;Dewi Lestari;user3232@example.com;Member;Kemeja Flanel Oversize;Fashion;250000;3;Kartu Kredit;750000;0;750000;Medan;Sumatera Utara
6a118f6afad932644266457d;TRX-DTO29LMP;03/04/2025;Eko Prasetyo;user3233@example.com;Member;Kopi Susu Gula Aren 1L;Kuliner;65000;2;E-Wallet (OVO/Dana);130000;0;130000;Makassar;Sulawesi Selatan
6a118f6afad932644266457e;TRX-HG0BBBGE;23/01/2025;Budi Santoso;user3234@example.com;Non-Member;Kopi Susu Gula Aren 1L;Kuliner;65000;2;COD;130000;0;130000;Semarang;Jawa Tengah
6a118f6afad932644266457f;TRX-HH0ZESID;01/10/2025;Jono Adriansyah;user3235@example.com;Non-Member;Smartphone Samsung S24;Elektronik;13000000;2;Transfer Bank;26000000;0;26000000;Semarang;Jawa Tengah
6a118f6afad9326442664580;TRX-OR9WV569;10/09/2025;Novianti;user3236@example.com;Non-Member;Kursi Gaming Premium;Furniture;2500000;3;Kartu Kredit;7500000;0;7500000;Sukabumi;Jawa Barat
6a118f6afad9326442664581;TRX-4CEJPMFB;21/09/2025;Andi Wijaya;user3237@example.com;Non-Member;Meja Kerja Minimalis;Furniture;1200000;3;E-Wallet (OVO/Dana);3600000;0;3600000;Medan;Sumatera Utara
6a118f6afad9326442664582;TRX-6RHGOX53;04/05/2026;Siti Aminah;user3238@example.com;Member;Kursi Gaming Premium;Furniture;2500000;1;Transfer Bank;2500000;0;2500000;Makassar;Sulawesi Selatan
6a118f6afad9326442664583;TRX-K9KIUAXW;07/11/2025;Fahmi Idris;user3239@example.com;Member;Meja Kerja Minimalis;Furniture;1200000;4;Transfer Bank;4800000;0;4800000;Surabaya;Jawa Timur
6a118f6afad9326442664584;TRX-Q8B32A0U;05/02/2026;Rian Hidayat;user3240@example.com;Non-Member;Kursi Gaming Premium;Furniture;2500000;1;Kartu Kredit;2500000;0;2500000;Bandung;Jawa Barat
6a118f6afad9326442664585;TRX-9A4SHM6U;17/09/2025;Rian Hidayat;user3241@example.com;Non-Member;Kursi Gaming Premium;Furniture;2500000;2;Kartu Kredit;5000000;0;5000000;Sukabumi;Jawa Barat
6a118f6afad9326442664586;TRX-Z89ZC5BY;27/04/2025;Eko Prasetyo;user3242@example.com;Non-Member;Smartphone Samsung S24;Elektronik;13000000;4;Transfer Bank;52000000;0;52000000;Medan;Sumatera Utara
6a118f6afad9326442664587;TRX-IAK4QX3P;20/04/2026;Siti Aminah;user3243@example.com;Non-Member;Kopi Susu Gula Aren 1L;Kuliner;65000;4;Kartu Kredit;260000;0;260000;Bandung;Jawa Barat
6a118f6afad9326442664588;TRX-5ZR63J67;22/02/2026;Mega Pertiwi;user3244@example.com;Member;Meja Kerja Minimalis;Furniture;1200000;2;Kartu Kredit;2400000;0;2400000;Makassar;Sulawesi Selatan
6a118f6afad9326442664589;TRX-JTV316QE;31/03/2025;Andi Wijaya;user3245@example.com;Member;Smartphone Samsung S24;Elektronik;13000000;1;Transfer Bank;13000000;0;13000000;Makassar;Sulawesi Selatan
6a118f6afad932644266458a;TRX-JJZXVXSU;14/02/2025;Budi Santoso;user3246@example.com;Non-Member;Meja Kerja Minimalis;Furniture;1200000;3;E-Wallet (OVO/Dana);3600000;0;3600000;Semarang;Jawa Tengah
6a118f6afad932644266458b;TRX-1ZY83A1O;23/04/2025;Jono Adriansyah;user3247@example.com;Member;Kopi Susu Gula Aren 1L;Kuliner;65000;1;E-Wallet (OVO/Dana);65000;0;65000;Bandung;Jawa Barat
6a118f6afad932644266458c;TRX-A3U6WQ3W;13/05/2025;Mega Pertiwi;user3248@example.com;Member;Smartphone Samsung S24;Elektronik;13000000;4;Transfer Bank;52000000;0;52000000;Surabaya;Jawa Timur
6a118f6afad932644266458d;TRX-6D31103J;03/11/2025;Novianti;user3249@example.com;Non-Member;Kemeja Flanel Oversize;Fashion;250000;4;E-Wallet (OVO/Dana);1000000;0;1000000;Bandung;Jawa Barat
6a118f6afad932644266458e;TRX-M233U25Y;01/05/2026;Novianti;user3250@example.com;Non-Member;Meja Kerja Minimalis;Furniture;1200000;3;Transfer Bank;3600000;0;3600000;Makassar;Sulawesi Selatan
6a118f6afad932644266458f;TRX-6RKQ8WC1;19/07/2025;Fahmi Idris;user3251@example.com;Non-Member;Laptop ASUS ROG;Elektronik;20000000;1;Kartu Kredit;20000000;0;20000000;Bandung;Jawa Barat
6a118f6afad9326442664590;TRX-NR3A27XL;31/05/2025;Novianti;user3252@example.com;Non-Member;Kursi Gaming Premium;Furniture;2500000;4;E-Wallet (OVO/Dana);10000000;0;10000000;Medan;Sumatera Utara
6a118f6afad9326442664591;TRX-BWEFZ9GB;18/03/2025;Budi Santoso;user3253@example.com;Non-Member;Kopi Susu Gula Aren 1L;Kuliner;65000;4;COD;260000;0;260000;Sukabumi;Jawa Barat
6a118f6afad9326442664592;TRX-A0LDXL8A;31/05/2025;Jono Adriansyah;user3254@example.com;Non-Member;Smartphone Samsung S24;Elektronik;13000000;1;Transfer Bank;13000000;0;13000000;Surabaya;Jawa Timur
6a118f6afad9326442664593;TRX-59534NN3;26/07/2025;Budi Santoso;user3255@example.com;Member;Kemeja Flanel Oversize;Fashion;250000;2;Transfer Bank;500000;0;500000;Bandung;Jawa Barat
6a118f6afad9326442664594;TRX-9IBBEUOE;15/12/2025;Andi Wijaya;user3256@example.com;Non-Member;Paket Ayam Bakar Madu;Kuliner;35000;3;Kartu Kredit;105000;0;105000;Makassar;Sulawesi Selatan
6a118f6afad9326442664595;TRX-KS4O822V;08/09/2025;Fahmi Idris;user3257@example.com;Non-Member;Kopi Susu Gula Aren 1L;Kuliner;65000;4;Transfer Bank;260000;0;260000;Bandung;Jawa Barat
6a118f6afad9326442664596;TRX-EZT5QL08;09/05/2025;Budi Santoso;user3258@example.com;Member;Sepatu Sneaker Lokal;Fashion;450000;1;E-Wallet (OVO/Dana);450000;0;450000;Medan;Sumatera Utara
6a118f6afad9326442664597;TRX-DJQGL5QJ;02/03/2025;Eko Prasetyo;user3259@example.com;Member;Smartphone Samsung S24;Elektronik;13000000;2;E-Wallet (OVO/Dana);26000000;0;26000000;Surabaya;Jawa Timur
6a118f6afad9326442664598;TRX-FAYU1KY5;05/02/2026;Rian Hidayat;user3260@example.com;Member;Kopi Susu Gula Aren 1L;Kuliner;65000;2;Transfer Bank;130000;0;130000;Semarang;Jawa Tengah
6a118f6afad9326442664599;TRX-ZHH6DBKS;15/05/2025;Novianti;user3261@example.com;Non-Member;Meja Kerja Minimalis;Furniture;1200000;3;COD;3600000;0;3600000;Medan;Sumatera Utara
6a118f6afad932644266459a;TRX-HX3T9UJ0;30/11/2025;Mega Pertiwi;user3262@example.com;Non-Member;Sepatu Sneaker Lokal;Fashion;450000;1;Transfer Bank;450000;0;450000;Surabaya;Jawa Timur
6a118f6afad932644266459b;TRX-RZMKUD9M;01/01/2026;Jono Adriansyah;user3263@example.com;Non-Member;Smartphone Samsung S24;Elektronik;13000000;3;COD;39000000;0;39000000;Jakarta;DKI Jakarta
6a118f6afad932644266459c;TRX-S79ILX0J;20/08/2025;Eko Prasetyo;user3264@example.com;Non-Member;Smartphone Samsung S24;Elektronik;13000000;2;Transfer Bank;26000000;0;26000000;Bandung;Jawa Barat
6a118f6afad932644266459d;TRX-Z2TW4HAY;13/07/2025;Siti Aminah;user3265@example.com;Member;Paket Ayam Bakar Madu;Kuliner;35000;3;E-Wallet (OVO/Dana);105000;0;105000;Makassar;Sulawesi Selatan
6a118f6afad932644266459e;TRX-M33BHS1T;10/03/2026;Rian Hidayat;user3266@example.com;Member;Kopi Susu Gula Aren 1L;Kuliner;65000;4;Kartu Kredit;260000;0;260000;Makassar;Sulawesi Selatan
6a118f6afad932644266459f;TRX-BRB5DJIP;15/10/2025;Mega Pertiwi;user3267@example.com;Non-Member;Meja Kerja Minimalis;Furniture;1200000;4;COD;4800000;0;4800000;Bandung;Jawa Barat
6a118f6afad93264426645a0;TRX-ZDFR98IX;24/01/2025;Novianti;user3268@example.com;Member;Meja Kerja Minimalis;Furniture;1200000;1;COD;1200000;0;1200000;Surabaya;Jawa Timur
6a118f6afad93264426645a1;TRX-OTPVTQZ8;13/03/2026;Siti Aminah;user3269@example.com;Member;Meja Kerja Minimalis;Furniture;1200000;1;Transfer Bank;1200000;0;1200000;Medan;Sumatera Utara
6a118f6afad93264426645a2;TRX-HO1J503B;04/04/2025;Rian Hidayat;user3270@example.com;Member;Kopi Susu Gula Aren 1L;Kuliner;65000;3;Transfer Bank;195000;0;195000;Medan;Sumatera Utara
6a118f6afad93264426645a3;TRX-V7OB2ZX8;14/09/2025;Mega Pertiwi;user3271@example.com;Member;Meja Kerja Minimalis;Furniture;1200000;2;Transfer Bank;2400000;0;2400000;Sukabumi;Jawa Barat
6a118f6afad93264426645a4;TRX-Z2POPZTO;19/08/2025;Jono Adriansyah;user3272@example.com;Non-Member;Paket Ayam Bakar Madu;Kuliner;35000;4;Transfer Bank;140000;0;140000;Jakarta;DKI Jakarta
6a118f6afad93264426645a5;TRX-3C6MIB7X;02/02/2025;Jono Adriansyah;user3273@example.com;Member;Sepatu Sneaker Lokal;Fashion;450000;3;Kartu Kredit;1350000;0;1350000;Medan;Sumatera Utara
6a118f6afad93264426645a6;TRX-BY3Q7AL5;12/04/2026;Eko Prasetyo;user3274@example.com;Non-Member;Kopi Susu Gula Aren 1L;Kuliner;65000;4;Kartu Kredit;260000;0;260000;Makassar;Sulawesi Selatan
6a118f6afad93264426645a7;TRX-KVYFZYWN;11/10/2025;Budi Santoso;user3275@example.com;Member;Kursi Gaming Premium;Furniture;2500000;2;COD;5000000;0;5000000;Jakarta;DKI Jakarta
6a118f6afad93264426645a8;TRX-KN7Q5HBS;08/01/2025;Andi Wijaya;user3276@example.com;Non-Member;Meja Kerja Minimalis;Furniture;1200000;1;Kartu Kredit;1200000;0;1200000;Semarang;Jawa Tengah
6a118f6afad93264426645a9;TRX-52PDLFIL;27/06/2025;Mega Pertiwi;user3277@example.com;Member;Kursi Gaming Premium;Furniture;2500000;4;E-Wallet (OVO/Dana);10000000;0;10000000;Sukabumi;Jawa Barat
6a118f6afad93264426645aa;TRX-NFSMKUYZ;22/03/2026;Mega Pertiwi;user3278@example.com;Member;Meja Kerja Minimalis;Furniture;1200000;4;Transfer Bank;4800000;0;4800000;Sukabumi;Jawa Barat
6a118f6afad93264426645ab;TRX-87XEDSK0;13/04/2025;Eko Prasetyo;user3279@example.com;Non-Member;Paket Ayam Bakar Madu;Kuliner;35000;1;Kartu Kredit;35000;0;35000;Jakarta;DKI Jakarta
6a118f6afad93264426645ac;TRX-IYNQE98L;21/11/2025;Novianti;user3280@example.com;Member;Kopi Susu Gula Aren 1L;Kuliner;65000;1;Kartu Kredit;65000;0;65000;Jakarta;DKI Jakarta
6a118f6afad93264426645ad;TRX-I0BWXJN5;31/03/2026;Fahmi Idris;user3281@example.com;Member;Laptop ASUS ROG;Elektronik;20000000;3;E-Wallet (OVO/Dana);60000000;0;60000000;Bandung;Jawa Barat
6a118f6afad93264426645ae;TRX-A5GIG02P;16/12/2025;Rian Hidayat;user3282@example.com;Non-Member;Paket Ayam Bakar Madu;Kuliner;35000;2;E-Wallet (OVO/Dana);70000;0;70000;Surabaya;Jawa Timur
6a118f6afad93264426645af;TRX-7UWBGAEK;02/07/2025;Andi Wijaya;user3283@example.com;Member;Smartphone Samsung S24;Elektronik;13000000;2;Kartu Kredit;26000000;0;26000000;Bandung;Jawa Barat
6a118f6afad93264426645b0;TRX-71JOBABS;13/03/2025;Novianti;user3284@example.com;Non-Member;Paket Ayam Bakar Madu;Kuliner;35000;2;Kartu Kredit;70000;0;70000;Bandung;Jawa Barat
6a118f6afad93264426645b1;TRX-IW3436AL;27/08/2025;Rian Hidayat;user3285@example.com;Non-Member;Kemeja Flanel Oversize;Fashion;250000;2;Transfer Bank;500000;0;500000;Surabaya;Jawa Timur
6a118f6afad93264426645b2;TRX-K6K5GQFC;21/05/2025;Andi Wijaya;user3286@example.com;Member;Sepatu Sneaker Lokal;Fashion;450000;2;E-Wallet (OVO/Dana);900000;0;900000;Semarang;Jawa Tengah
6a118f6afad93264426645b3;TRX-OMPDB9PQ;03/02/2026;Budi Santoso;user3287@example.com;Member;Kemeja Flanel Oversize;Fashion;250000;3;Transfer Bank;750000;0;750000;Sukabumi;Jawa Barat
6a118f6afad93264426645b4;TRX-0KGAF0JO;25/06/2025;Jono Adriansyah;user3288@example.com;Non-Member;Smartphone Samsung S24;Elektronik;13000000;4;E-Wallet (OVO/Dana);52000000;0;52000000;Sukabumi;Jawa Barat
6a118f6afad93264426645b5;TRX-23V21D7O;17/04/2025;Mega Pertiwi;user3289@example.com;Non-Member;Kursi Gaming Premium;Furniture;2500000;4;Transfer Bank;10000000;0;10000000;Semarang;Jawa Tengah
6a118f6afad93264426645b6;TRX-AACLJG19;17/02/2025;Andi Wijaya;user3290@example.com;Member;Laptop ASUS ROG;Elektronik;20000000;2;Transfer Bank;40000000;0;40000000;Bandung;Jawa Barat
6a118f6afad93264426645b7;TRX-03ZPPXB4;22/08/2025;Dewi Lestari;user3291@example.com;Non-Member;Laptop ASUS ROG;Elektronik;20000000;4;Transfer Bank;80000000;0;80000000;Makassar;Sulawesi Selatan
6a118f6afad93264426645b8;TRX-VOCHOJHO;03/10/2025;Dewi Lestari;user3292@example.com;Member;Kopi Susu Gula Aren 1L;Kuliner;65000;1;COD;65000;0;65000;Sukabumi;Jawa Barat
6a118f6afad93264426645b9;TRX-XUUGU1AY;22/01/2026;Jono Adriansyah;user3293@example.com;Member;Meja Kerja Minimalis;Furniture;1200000;1;COD;1200000;0;1200000;Medan;Sumatera Utara
6a118f6afad93264426645ba;TRX-GMHBDJPE;09/05/2026;Mega Pertiwi;user3294@example.com;Non-Member;Smartphone Samsung S24;Elektronik;13000000;2;Transfer Bank;26000000;0;26000000;Jakarta;DKI Jakarta
6a118f6afad93264426645bb;TRX-JHIHAZFC;31/10/2025;Andi Wijaya;user3295@example.com;Non-Member;Kopi Susu Gula Aren 1L;Kuliner;65000;1;Kartu Kredit;65000;0;65000;Bandung;Jawa Barat
6a118f6afad93264426645bc;TRX-E7CJ93CJ;01/06/2025;Budi Santoso;user3296@example.com;Non-Member;Laptop ASUS ROG;Elektronik;20000000;3;Transfer Bank;60000000;0;60000000;Bandung;Jawa Barat
6a118f6afad93264426645bd;TRX-3QC73EYE;18/01/2025;Fahmi Idris;user3297@example.com;Non-Member;Smartphone Samsung S24;Elektronik;13000000;4;COD;52000000;0;52000000;Jakarta;DKI Jakarta
6a118f6afad93264426645be;TRX-LWWO90QM;09/08/2025;Eko Prasetyo;user3298@example.com;Non-Member;Kopi Susu Gula Aren 1L;Kuliner;65000;1;Kartu Kredit;65000;0;65000;Bandung;Jawa Barat
6a118f6afad93264426645bf;TRX-4W5CGS9I;03/05/2026;Budi Santoso;user3299@example.com;Member;Laptop ASUS ROG;Elektronik;20000000;1;E-Wallet (OVO/Dana);20000000;0;20000000;Makassar;Sulawesi Selatan
6a118f6afad93264426645c0;TRX-KBTOE6GB;04/05/2026;Eko Prasetyo;user3300@example.com;Member;Kemeja Flanel Oversize;Fashion;250000;1;E-Wallet (OVO/Dana);250000;0;250000;Surabaya;Jawa Timur
6a118f6afad93264426645c1;TRX-6Z2NNXXP;25/07/2025;Novianti;user3301@example.com;Non-Member;Sepatu Sneaker Lokal;Fashion;450000;1;Transfer Bank;450000;0;450000;Semarang;Jawa Tengah
6a118f6afad93264426645c2;TRX-VJVCM9YB;16/02/2025;Mega Pertiwi;user3302@example.com;Non-Member;Sepatu Sneaker Lokal;Fashion;450000;1;COD;450000;0;450000;Semarang;Jawa Tengah
6a118f6afad93264426645c3;TRX-ML1WDAU0;09/06/2025;Dewi Lestari;user3303@example.com;Member;Kemeja Flanel Oversize;Fashion;250000;1;Transfer Bank;250000;0;250000;Bandung;Jawa Barat
6a118f6afad93264426645c4;TRX-4FAFPYRW;24/07/2025;Budi Santoso;user3304@example.com;Non-Member;Smartphone Samsung S24;Elektronik;13000000;1;E-Wallet (OVO/Dana);13000000;0;13000000;Bandung;Jawa Barat
6a118f6afad93264426645c5;TRX-ZOVDDZCP;26/04/2025;Mega Pertiwi;user3305@example.com;Non-Member;Sepatu Sneaker Lokal;Fashion;450000;3;Kartu Kredit;1350000;0;1350000;Makassar;Sulawesi Selatan
6a118f6afad93264426645c6;TRX-FS4KZS3O;14/02/2026;Budi Santoso;user3306@example.com;Member;Kopi Susu Gula Aren 1L;Kuliner;65000;3;COD;195000;0;195000;Makassar;Sulawesi Selatan
6a118f6afad93264426645c7;TRX-0EPVO14X;08/07/2025;Mega Pertiwi;user3307@example.com;Member;Kemeja Flanel Oversize;Fashion;250000;1;Transfer Bank;250000;0;250000;Makassar;Sulawesi Selatan
6a118f6afad93264426645c8;TRX-OTJCQDYN;23/03/2026;Andi Wijaya;user3308@example.com;Member;Kursi Gaming Premium;Furniture;2500000;2;E-Wallet (OVO/Dana);5000000;0;5000000;Makassar;Sulawesi Selatan
6a118f6afad93264426645c9;TRX-UWBSQO50;17/05/2025;Mega Pertiwi;user3309@example.com;Non-Member;Meja Kerja Minimalis;Furniture;1200000;3;E-Wallet (OVO/Dana);3600000;0;3600000;Surabaya;Jawa Timur
6a118f6afad93264426645ca;TRX-H947WIBD;24/05/2025;Jono Adriansyah;user3310@example.com;Non-Member;Kopi Susu Gula Aren 1L;Kuliner;65000;2;E-Wallet (OVO/Dana);130000;0;130000;Makassar;Sulawesi Selatan
6a118f6afad93264426645cb;TRX-DKGIELSO;10/03/2025;Novianti;user3311@example.com;Member;Kemeja Flanel Oversize;Fashion;250000;3;E-Wallet (OVO/Dana);750000;0;750000;Makassar;Sulawesi Selatan
6a118f6afad93264426645cc;TRX-P6YREJIB;18/04/2025;Siti Aminah;user3312@example.com;Member;Kemeja Flanel Oversize;Fashion;250000;2;Transfer Bank;500000;0;500000;Makassar;Sulawesi Selatan
6a118f6afad93264426645cd;TRX-S0SIYJ08;25/10/2025;Novianti;user3313@example.com;Member;Meja Kerja Minimalis;Furniture;1200000;1;E-Wallet (OVO/Dana);1200000;0;1200000;Makassar;Sulawesi Selatan
6a118f6afad93264426645ce;TRX-AFKC55DH;03/09/2025;Jono Adriansyah;user3314@example.com;Member;Kopi Susu Gula Aren 1L;Kuliner;65000;4;COD;260000;0;260000;Surabaya;Jawa Timur
6a118f6afad93264426645cf;TRX-DR8Y6I60;25/10/2025;Fahmi Idris;user3315@example.com;Non-Member;Kursi Gaming Premium;Furniture;2500000;4;Transfer Bank;10000000;0;10000000;Medan;Sumatera Utara
6a118f6afad93264426645d0;TRX-6NYZQM96;13/03/2026;Dewi Lestari;user3316@example.com;Member;Kemeja Flanel Oversize;Fashion;250000;3;Transfer Bank;750000;0;750000;Medan;Sumatera Utara
6a118f6afad93264426645d1;TRX-BMBLQ7ZF;25/05/2026;Andi Wijaya;user3317@example.com;Non-Member;Kursi Gaming Premium;Furniture;2500000;1;E-Wallet (OVO/Dana);2500000;0;2500000;Jakarta;DKI Jakarta
6a118f6afad93264426645d2;TRX-A4G6RL4S;24/07/2025;Fahmi Idris;user3318@example.com;Member;Kursi Gaming Premium;Furniture;2500000;4;COD;10000000;0;10000000;Bandung;Jawa Barat
6a118f6afad93264426645d3;TRX-V9Q22BTJ;01/02/2025;Dewi Lestari;user3319@example.com;Member;Smartphone Samsung S24;Elektronik;13000000;4;COD;52000000;0;52000000;Bandung;Jawa Barat
6a118f6afad93264426645d4;TRX-OK85G1E1;25/12/2025;Siti Aminah;user3320@example.com;Non-Member;Kopi Susu Gula Aren 1L;Kuliner;65000;1;Kartu Kredit;65000;0;65000;Sukabumi;Jawa Barat
6a118f6afad93264426645d5;TRX-NXIMTB6I;04/05/2025;Eko Prasetyo;user3321@example.com;Non-Member;Kemeja Flanel Oversize;Fashion;250000;1;Kartu Kredit;250000;0;250000;Semarang;Jawa Tengah
6a118f6afad93264426645d6;TRX-08PPTVBR;10/01/2025;Jono Adriansyah;user3322@example.com;Member;Smartphone Samsung S24;Elektronik;13000000;4;Kartu Kredit;52000000;0;52000000;Medan;Sumatera Utara
6a118f6afad93264426645d7;TRX-9KYIJMUE;08/07/2025;Eko Prasetyo;user3323@example.com;Non-Member;Smartphone Samsung S24;Elektronik;13000000;4;E-Wallet (OVO/Dana);52000000;0;52000000;Bandung;Jawa Barat
6a118f6afad93264426645d8;TRX-W9S6EGGG;24/05/2026;Andi Wijaya;user3324@example.com;Member;Kursi Gaming Premium;Furniture;2500000;3;Kartu Kredit;7500000;0;7500000;Sukabumi;Jawa Barat
6a118f6afad93264426645d9;TRX-XYVWQRZF;14/05/2025;Jono Adriansyah;user3325@example.com;Non-Member;Kopi Susu Gula Aren 1L;Kuliner;65000;2;Transfer Bank;130000;0;130000;Sukabumi;Jawa Barat
6a118f6afad93264426645da;TRX-N9YU4NLV;14/02/2025;Siti Aminah;user3326@example.com;Non-Member;Laptop ASUS ROG;Elektronik;20000000;2;COD;40000000;0;40000000;Sukabumi;Jawa Barat
6a118f6afad93264426645db;TRX-TYQ33ILE;06/07/2025;Rian Hidayat;user3327@example.com;Non-Member;Kemeja Flanel Oversize;Fashion;250000;4;Kartu Kredit;1000000;0;1000000;Bandung;Jawa Barat
6a118f6afad93264426645dc;TRX-B7G5MW3T;01/11/2025;Novianti;user3328@example.com;Non-Member;Kemeja Flanel Oversize;Fashion;250000;1;E-Wallet (OVO/Dana);250000;0;250000;Medan;Sumatera Utara
6a118f6afad93264426645dd;TRX-YVSJC9AK;11/01/2025;Eko Prasetyo;user3329@example.com;Member;Kopi Susu Gula Aren 1L;Kuliner;65000;3;Transfer Bank;195000;0;195000;Sukabumi;Jawa Barat
6a118f6afad93264426645de;TRX-393FYPUE;31/01/2025;Mega Pertiwi;user3330@example.com;Non-Member;Paket Ayam Bakar Madu;Kuliner;35000;1;E-Wallet (OVO/Dana);35000;0;35000;Jakarta;DKI Jakarta
6a118f6afad93264426645df;TRX-U3DEUUXL;16/01/2025;Jono Adriansyah;user3331@example.com;Member;Laptop ASUS ROG;Elektronik;20000000;4;COD;80000000;0;80000000;Jakarta;DKI Jakarta
6a118f6afad93264426645e0;TRX-T09RJN22;31/03/2025;Eko Prasetyo;user3332@example.com;Non-Member;Smartphone Samsung S24;Elektronik;13000000;2;Kartu Kredit;26000000;0;26000000;Surabaya;Jawa Timur
6a118f6afad93264426645e1;TRX-6H7ENO6M;18/02/2026;Siti Aminah;user3333@example.com;Non-Member;Laptop ASUS ROG;Elektronik;20000000;4;Kartu Kredit;80000000;0;80000000;Surabaya;Jawa Timur
6a118f6afad93264426645e2;TRX-QBQW827N;14/05/2025;Andi Wijaya;user3334@example.com;Non-Member;Meja Kerja Minimalis;Furniture;1200000;1;Kartu Kredit;1200000;0;1200000;Surabaya;Jawa Timur
6a118f6afad93264426645e3;TRX-1CV87BQX;12/09/2025;Rian Hidayat;user3335@example.com;Non-Member;Smartphone Samsung S24;Elektronik;13000000;2;E-Wallet (OVO/Dana);26000000;0;26000000;Surabaya;Jawa Timur
6a118f6afad93264426645e4;TRX-J6H4P641;21/04/2025;Jono Adriansyah;user3336@example.com;Non-Member;Meja Kerja Minimalis;Furniture;1200000;4;E-Wallet (OVO/Dana);4800000;0;4800000;Medan;Sumatera Utara
6a118f6afad93264426645e5;TRX-Y3YSIE2S;27/04/2026;Budi Santoso;user3337@example.com;Non-Member;Paket Ayam Bakar Madu;Kuliner;35000;4;Transfer Bank;140000;0;140000;Medan;Sumatera Utara
6a118f6afad93264426645e6;TRX-ZWD1KVL2;11/12/2025;Fahmi Idris;user3338@example.com;Member;Kemeja Flanel Oversize;Fashion;250000;4;Transfer Bank;1000000;0;1000000;Bandung;Jawa Barat
6a118f6afad93264426645e7;TRX-TSH98SGN;17/03/2026;Fahmi Idris;user3339@example.com;Non-Member;Paket Ayam Bakar Madu;Kuliner;35000;1;Kartu Kredit;35000;0;35000;Sukabumi;Jawa Barat
6a118f6afad93264426645e8;TRX-MQTYZGKO;07/09/2025;Dewi Lestari;user3340@example.com;Member;Kopi Susu Gula Aren 1L;Kuliner;65000;4;Kartu Kredit;260000;0;260000;Medan;Sumatera Utara
6a118f6afad93264426645e9;TRX-QGBY5REJ;03/03/2025;Fahmi Idris;user3341@example.com;Non-Member;Meja Kerja Minimalis;Furniture;1200000;3;E-Wallet (OVO/Dana);3600000;0;3600000;Semarang;Jawa Tengah
6a118f6afad93264426645ea;TRX-KACVEXTZ;09/11/2025;Novianti;user3342@example.com;Member;Laptop ASUS ROG;Elektronik;20000000;2;COD;40000000;0;40000000;Semarang;Jawa Tengah
6a118f6afad93264426645eb;TRX-LARAP14D;05/02/2025;Rian Hidayat;user3343@example.com;Non-Member;Meja Kerja Minimalis;Furniture;1200000;1;COD;1200000;0;1200000;Jakarta;DKI Jakarta
6a118f6afad93264426645ec;TRX-T9LDAS34;13/03/2026;Budi Santoso;user3344@example.com;Non-Member;Meja Kerja Minimalis;Furniture;1200000;4;COD;4800000;0;4800000;Surabaya;Jawa Timur
6a118f6afad93264426645ed;TRX-IM5CWB83;04/01/2026;Eko Prasetyo;user3345@example.com;Member;Kursi Gaming Premium;Furniture;2500000;4;Kartu Kredit;10000000;0;10000000;Bandung;Jawa Barat
6a118f6afad93264426645ee;TRX-P9KYUCNH;14/04/2025;Eko Prasetyo;user3346@example.com;Non-Member;Paket Ayam Bakar Madu;Kuliner;35000;4;Transfer Bank;140000;0;140000;Sukabumi;Jawa Barat
6a118f6afad93264426645ef;TRX-QLBMXD22;18/12/2025;Mega Pertiwi;user3347@example.com;Non-Member;Kopi Susu Gula Aren 1L;Kuliner;65000;1;E-Wallet (OVO/Dana);65000;0;65000;Jakarta;DKI Jakarta
6a118f6afad93264426645f0;TRX-F49MAQ2D;09/08/2025;Siti Aminah;user3348@example.com;Member;Kursi Gaming Premium;Furniture;2500000;4;Kartu Kredit;10000000;0;10000000;Surabaya;Jawa Timur
6a118f6afad93264426645f1;TRX-K4I9LSY7;12/02/2025;Eko Prasetyo;user3349@example.com;Non-Member;Kemeja Flanel Oversize;Fashion;250000;1;E-Wallet (OVO/Dana);250000;0;250000;Semarang;Jawa Tengah
6a118f6afad93264426645f2;TRX-KJJ61U4C;06/11/2025;Fahmi Idris;user3350@example.com;Non-Member;Paket Ayam Bakar Madu;Kuliner;35000;1;COD;35000;0;35000;Bandung;Jawa Barat
6a118f6afad93264426645f3;TRX-AL2Q18HE;02/04/2025;Dewi Lestari;user3351@example.com;Non-Member;Sepatu Sneaker Lokal;Fashion;450000;1;COD;450000;0;450000;Makassar;Sulawesi Selatan
6a118f6afad93264426645f4;TRX-WPWO9SFW;03/07/2025;Rian Hidayat;user3352@example.com;Non-Member;Laptop ASUS ROG;Elektronik;20000000;4;Transfer Bank;80000000;0;80000000;Medan;Sumatera Utara
6a118f6afad93264426645f5;TRX-35OZO2JH;18/06/2025;Andi Wijaya;user3353@example.com;Non-Member;Laptop ASUS ROG;Elektronik;20000000;1;Transfer Bank;20000000;0;20000000;Bandung;Jawa Barat
6a118f6afad93264426645f6;TRX-3VZ9ZOZW;05/10/2025;Jono Adriansyah;user3354@example.com;Non-Member;Sepatu Sneaker Lokal;Fashion;450000;4;Transfer Bank;1800000;0;1800000;Makassar;Sulawesi Selatan
6a118f6afad93264426645f7;TRX-IQ59VT9L;12/08/2025;Fahmi Idris;user3355@example.com;Non-Member;Sepatu Sneaker Lokal;Fashion;450000;2;Kartu Kredit;900000;0;900000;Jakarta;DKI Jakarta
6a118f6afad93264426645f8;TRX-ROGLTE2R;22/05/2025;Novianti;user3356@example.com;Non-Member;Laptop ASUS ROG;Elektronik;20000000;2;Transfer Bank;40000000;0;40000000;Semarang;Jawa Tengah
6a118f6afad93264426645f9;TRX-0QOXC8FY;17/02/2026;Budi Santoso;user3357@example.com;Non-Member;Paket Ayam Bakar Madu;Kuliner;35000;3;COD;105000;0;105000;Surabaya;Jawa Timur
6a118f6afad93264426645fa;TRX-63C017D3;27/12/2025;Novianti;user3358@example.com;Member;Paket Ayam Bakar Madu;Kuliner;35000;2;E-Wallet (OVO/Dana);70000;0;70000;Sukabumi;Jawa Barat
6a118f6afad93264426645fb;TRX-D87BW06W;06/05/2025;Novianti;user3359@example.com;Non-Member;Smartphone Samsung S24;Elektronik;13000000;4;Transfer Bank;52000000;0;52000000;Jakarta;DKI Jakarta
6a118f6afad93264426645fc;TRX-6KRK3IHF;06/01/2026;Rian Hidayat;user3360@example.com;Member;Kopi Susu Gula Aren 1L;Kuliner;65000;1;Transfer Bank;65000;0;65000;Semarang;Jawa Tengah
6a118f6afad93264426645fd;TRX-V3TLNPAX;12/05/2025;Jono Adriansyah;user3361@example.com;Non-Member;Paket Ayam Bakar Madu;Kuliner;35000;1;COD;35000;0;35000;Medan;Sumatera Utara
6a118f6afad93264426645fe;TRX-9JQLOZ1N;15/12/2025;Novianti;user3362@example.com;Member;Kemeja Flanel Oversize;Fashion;250000;1;Kartu Kredit;250000;0;250000;Medan;Sumatera Utara
6a118f6afad93264426645ff;TRX-7DRYRK3D;21/08/2025;Dewi Lestari;user3363@example.com;Non-Member;Meja Kerja Minimalis;Furniture;1200000;1;Transfer Bank;1200000;0;1200000;Sukabumi;Jawa Barat
6a118f6afad9326442664600;TRX-38R90M5Y;12/08/2025;Siti Aminah;user3364@example.com;Member;Kemeja Flanel Oversize;Fashion;250000;1;E-Wallet (OVO/Dana);250000;0;250000;Semarang;Jawa Tengah
6a118f6afad9326442664601;TRX-640KMSA8;31/12/2024;Andi Wijaya;user3365@example.com;Non-Member;Meja Kerja Minimalis;Furniture;1200000;1;COD;1200000;0;1200000;Medan;Sumatera Utara
6a118f6afad9326442664602;TRX-OOGPGNYB;11/01/2025;Siti Aminah;user3366@example.com;Member;Meja Kerja Minimalis;Furniture;1200000;4;Transfer Bank;4800000;0;4800000;Bandung;Jawa Barat
6a118f6afad9326442664603;TRX-V20041AI;06/03/2026;Rian Hidayat;user3367@example.com;Member;Sepatu Sneaker Lokal;Fashion;450000;4;Transfer Bank;1800000;0;1800000;Jakarta;DKI Jakarta
6a118f6afad9326442664604;TRX-0FDQXS8W;09/01/2026;Budi Santoso;user3368@example.com;Member;Smartphone Samsung S24;Elektronik;13000000;1;Transfer Bank;13000000;0;13000000;Bandung;Jawa Barat
6a118f6afad9326442664605;TRX-E41V3O38;23/11/2025;Jono Adriansyah;user3369@example.com;Member;Kemeja Flanel Oversize;Fashion;250000;3;E-Wallet (OVO/Dana);750000;0;750000;Jakarta;DKI Jakarta
6a118f6afad9326442664606;TRX-OOPY9YSF;03/07/2025;Jono Adriansyah;user3370@example.com;Non-Member;Laptop ASUS ROG;Elektronik;20000000;1;Transfer Bank;20000000;0;20000000;Semarang;Jawa Tengah
6a118f6afad9326442664607;TRX-KXUA1YYU;08/05/2025;Budi Santoso;user3371@example.com;Non-Member;Smartphone Samsung S24;Elektronik;13000000;1;E-Wallet (OVO/Dana);13000000;0;13000000;Bandung;Jawa Barat
6a118f6afad9326442664608;TRX-QV2QZ0G1;10/03/2025;Novianti;user3372@example.com;Non-Member;Laptop ASUS ROG;Elektronik;20000000;2;E-Wallet (OVO/Dana);40000000;0;40000000;Medan;Sumatera Utara
6a118f6afad9326442664609;TRX-JT1XKTMO;16/05/2025;Novianti;user3373@example.com;Non-Member;Kursi Gaming Premium;Furniture;2500000;3;Kartu Kredit;7500000;0;7500000;Sukabumi;Jawa Barat
6a118f6afad932644266460a;TRX-1EH4I48U;05/04/2026;Eko Prasetyo;user3374@example.com;Member;Paket Ayam Bakar Madu;Kuliner;35000;3;Kartu Kredit;105000;0;105000;Medan;Sumatera Utara
6a118f6afad932644266460b;TRX-ELG7ECDY;15/04/2025;Fahmi Idris;user3375@example.com;Non-Member;Kemeja Flanel Oversize;Fashion;250000;3;Kartu Kredit;750000;0;750000;Sukabumi;Jawa Barat
6a118f6afad932644266460c;TRX-G8GTJ5R2;16/02/2025;Siti Aminah;user3376@example.com;Member;Kursi Gaming Premium;Furniture;2500000;2;COD;5000000;0;5000000;Jakarta;DKI Jakarta
6a118f6afad932644266460d;TRX-JJVCVQVU;07/11/2025;Fahmi Idris;user3377@example.com;Member;Sepatu Sneaker Lokal;Fashion;450000;2;COD;900000;0;900000;Bandung;Jawa Barat
6a118f6afad932644266460e;TRX-RN3UBW1L;05/03/2025;Rian Hidayat;user3378@example.com;Member;Laptop ASUS ROG;Elektronik;20000000;3;COD;60000000;0;60000000;Sukabumi;Jawa Barat
6a118f6afad932644266460f;TRX-W01H3HCT;11/01/2026;Novianti;user3379@example.com;Member;Sepatu Sneaker Lokal;Fashion;450000;2;E-Wallet (OVO/Dana);900000;0;900000;Bandung;Jawa Barat
6a118f6afad9326442664610;TRX-JOPBLZPQ;09/04/2026;Andi Wijaya;user3380@example.com;Member;Kursi Gaming Premium;Furniture;2500000;4;Kartu Kredit;10000000;0;10000000;Semarang;Jawa Tengah
6a118f6afad9326442664611;TRX-T18HKQJ1;09/02/2026;Jono Adriansyah;user3381@example.com;Non-Member;Laptop ASUS ROG;Elektronik;20000000;3;E-Wallet (OVO/Dana);60000000;0;60000000;Bandung;Jawa Barat
6a118f6afad9326442664612;TRX-S9BT4GOX;02/07/2025;Rian Hidayat;user3382@example.com;Member;Meja Kerja Minimalis;Furniture;1200000;4;E-Wallet (OVO/Dana);4800000;0;4800000;Semarang;Jawa Tengah
6a118f6afad9326442664613;TRX-J2OGW6PR;18/11/2025;Novianti;user3383@example.com;Member;Sepatu Sneaker Lokal;Fashion;450000;3;Kartu Kredit;1350000;0;1350000;Medan;Sumatera Utara
6a118f6afad9326442664614;TRX-OTCBNRLX;27/02/2026;Novianti;user3384@example.com;Non-Member;Meja Kerja Minimalis;Furniture;1200000;3;E-Wallet (OVO/Dana);3600000;0;3600000;Surabaya;Jawa Timur
6a118f6afad9326442664615;TRX-BYP0UETZ;06/08/2025;Dewi Lestari;user3385@example.com;Non-Member;Kursi Gaming Premium;Furniture;2500000;3;Kartu Kredit;7500000;0;7500000;Surabaya;Jawa Timur
6a118f6afad9326442664616;TRX-UJ1PCM1P;02/12/2025;Budi Santoso;user3386@example.com;Non-Member;Laptop ASUS ROG;Elektronik;20000000;3;Transfer Bank;60000000;0;60000000;Makassar;Sulawesi Selatan
6a118f6afad9326442664617;TRX-GZURVR7I;15/02/2026;Rian Hidayat;user3387@example.com;Non-Member;Sepatu Sneaker Lokal;Fashion;450000;2;Kartu Kredit;900000;0;900000;Sukabumi;Jawa Barat
6a118f6afad9326442664618;TRX-BJPJKW1J;09/08/2025;Dewi Lestari;user3388@example.com;Member;Smartphone Samsung S24;Elektronik;13000000;4;Transfer Bank;52000000;0;52000000;Jakarta;DKI Jakarta
6a118f6afad9326442664619;TRX-8UUKOXDD;24/04/2026;Fahmi Idris;user3389@example.com;Member;Kemeja Flanel Oversize;Fashion;250000;2;COD;500000;0;500000;Bandung;Jawa Barat
6a118f6afad932644266461a;TRX-828H9FGZ;10/03/2026;Siti Aminah;user3390@example.com;Non-Member;Sepatu Sneaker Lokal;Fashion;450000;3;Kartu Kredit;1350000;0;1350000;Makassar;Sulawesi Selatan
6a118f6afad932644266461b;TRX-OC7KH0AG;26/03/2025;Andi Wijaya;user3391@example.com;Member;Kursi Gaming Premium;Furniture;2500000;3;COD;7500000;0;7500000;Jakarta;DKI Jakarta
6a118f6afad932644266461c;TRX-KB44H9N8;17/05/2026;Siti Aminah;user3392@example.com;Non-Member;Smartphone Samsung S24;Elektronik;13000000;1;E-Wallet (OVO/Dana);13000000;0;13000000;Medan;Sumatera Utara
6a118f6afad932644266461d;TRX-XRDSS1KT;24/01/2025;Budi Santoso;user3393@example.com;Member;Laptop ASUS ROG;Elektronik;20000000;2;Kartu Kredit;40000000;0;40000000;Sukabumi;Jawa Barat
6a118f6afad932644266461e;TRX-C3ZIDJGT;25/11/2025;Dewi Lestari;user3394@example.com;Non-Member;Sepatu Sneaker Lokal;Fashion;450000;3;Transfer Bank;1350000;0;1350000;Sukabumi;Jawa Barat
6a118f6afad932644266461f;TRX-WRYADYLS;20/02/2026;Fahmi Idris;user3395@example.com;Non-Member;Kemeja Flanel Oversize;Fashion;250000;2;E-Wallet (OVO/Dana);500000;0;500000;Jakarta;DKI Jakarta
6a118f6afad9326442664620;TRX-4FD3RT4P;07/06/2025;Novianti;user3396@example.com;Member;Meja Kerja Minimalis;Furniture;1200000;1;COD;1200000;0;1200000;Makassar;Sulawesi Selatan
6a118f6afad9326442664621;TRX-XDD735LH;15/05/2025;Mega Pertiwi;user3397@example.com;Member;Kursi Gaming Premium;Furniture;2500000;2;E-Wallet (OVO/Dana);5000000;0;5000000;Bandung;Jawa Barat
6a118f6afad9326442664622;TRX-IXZL20GF;01/04/2025;Andi Wijaya;user3398@example.com;Member;Smartphone Samsung S24;Elektronik;13000000;1;Kartu Kredit;13000000;0;13000000;Jakarta;DKI Jakarta
6a118f6afad9326442664623;TRX-4P8ADZM8;25/11/2025;Dewi Lestari;user3399@example.com;Member;Kemeja Flanel Oversize;Fashion;250000;2;E-Wallet (OVO/Dana);500000;0;500000;Makassar;Sulawesi Selatan
6a118f6afad9326442664624;TRX-ZWJH3OT3;06/01/2025;Rian Hidayat;user3400@example.com;Non-Member;Sepatu Sneaker Lokal;Fashion;450000;4;Transfer Bank;1800000;0;1800000;Surabaya;Jawa Timur
6a118f6afad9326442664625;TRX-IO85BJZX;19/09/2025;Budi Santoso;user3401@example.com;Member;Sepatu Sneaker Lokal;Fashion;450000;3;Transfer Bank;1350000;0;1350000;Medan;Sumatera Utara
6a118f6afad9326442664626;TRX-1HDKLC64;19/03/2026;Jono Adriansyah;user3402@example.com;Non-Member;Sepatu Sneaker Lokal;Fashion;450000;2;Transfer Bank;900000;0;900000;Bandung;Jawa Barat
6a118f6afad9326442664627;TRX-JDBUMTG8;19/03/2026;Siti Aminah;user3403@example.com;Member;Kopi Susu Gula Aren 1L;Kuliner;65000;3;COD;195000;0;195000;Surabaya;Jawa Timur
6a118f6afad9326442664628;TRX-G5F71FRW;31/03/2026;Jono Adriansyah;user3404@example.com;Member;Sepatu Sneaker Lokal;Fashion;450000;1;Transfer Bank;450000;0;450000;Jakarta;DKI Jakarta
6a118f6afad9326442664629;TRX-8CBS2K3F;21/09/2025;Rian Hidayat;user3405@example.com;Member;Laptop ASUS ROG;Elektronik;20000000;4;E-Wallet (OVO/Dana);80000000;0;80000000;Bandung;Jawa Barat
6a118f6afad932644266462a;TRX-KBQRC2QH;05/01/2025;Rian Hidayat;user3406@example.com;Member;Kemeja Flanel Oversize;Fashion;250000;3;COD;750000;0;750000;Medan;Sumatera Utara
6a118f6afad932644266462b;TRX-R5AF47N1;10/03/2026;Fahmi Idris;user3407@example.com;Member;Paket Ayam Bakar Madu;Kuliner;35000;1;Transfer Bank;35000;0;35000;Bandung;Jawa Barat
6a118f6afad932644266462c;TRX-TPR6COVN;08/10/2025;Eko Prasetyo;user3408@example.com;Non-Member;Meja Kerja Minimalis;Furniture;1200000;1;Kartu Kredit;1200000;0;1200000;Makassar;Sulawesi Selatan
6a118f6afad932644266462d;TRX-I3KQOP78;23/02/2025;Fahmi Idris;user3409@example.com;Non-Member;Paket Ayam Bakar Madu;Kuliner;35000;1;COD;35000;0;35000;Sukabumi;Jawa Barat
6a118f6afad932644266462e;TRX-XW851TDP;27/01/2026;Mega Pertiwi;user3410@example.com;Non-Member;Sepatu Sneaker Lokal;Fashion;450000;1;Transfer Bank;450000;0;450000;Bandung;Jawa Barat
6a118f6afad932644266462f;TRX-0C8NM89U;02/09/2025;Dewi Lestari;user3411@example.com;Member;Sepatu Sneaker Lokal;Fashion;450000;2;Transfer Bank;900000;0;900000;Jakarta;DKI Jakarta
6a118f6afad9326442664630;TRX-YAJCYY7Z;09/04/2026;Budi Santoso;user3412@example.com;Member;Kopi Susu Gula Aren 1L;Kuliner;65000;4;Transfer Bank;260000;0;260000;Sukabumi;Jawa Barat
6a118f6afad9326442664631;TRX-KRXVXJ53;05/08/2025;Mega Pertiwi;user3413@example.com;Member;Sepatu Sneaker Lokal;Fashion;450000;4;E-Wallet (OVO/Dana);1800000;0;1800000;Surabaya;Jawa Timur
6a118f6afad9326442664632;TRX-B2N2SIRC;03/01/2025;Budi Santoso;user3414@example.com;Non-Member;Laptop ASUS ROG;Elektronik;20000000;2;Transfer Bank;40000000;0;40000000;Medan;Sumatera Utara
6a118f6afad9326442664633;TRX-861KDM1Z;24/03/2025;Mega Pertiwi;user3415@example.com;Member;Kursi Gaming Premium;Furniture;2500000;3;Transfer Bank;7500000;0;7500000;Surabaya;Jawa Timur
6a118f6afad9326442664634;TRX-BUI4HIK0;20/04/2026;Fahmi Idris;user3416@example.com;Member;Kopi Susu Gula Aren 1L;Kuliner;65000;2;Transfer Bank;130000;0;130000;Medan;Sumatera Utara
6a118f6afad9326442664635;TRX-Z8H3WSYS;16/04/2025;Mega Pertiwi;user3417@example.com;Member;Kemeja Flanel Oversize;Fashion;250000;4;Transfer Bank;1000000;0;1000000;Surabaya;Jawa Timur
6a118f6afad9326442664636;TRX-DGDH4TQG;18/06/2025;Dewi Lestari;user3418@example.com;Member;Laptop ASUS ROG;Elektronik;20000000;1;E-Wallet (OVO/Dana);20000000;0;20000000;Semarang;Jawa Tengah
6a118f6afad9326442664637;TRX-67BSAR0P;22/09/2025;Novianti;user3419@example.com;Member;Smartphone Samsung S24;Elektronik;13000000;4;Transfer Bank;52000000;0;52000000;Bandung;Jawa Barat
6a118f6afad9326442664638;TRX-G177SD03;23/04/2026;Siti Aminah;user3420@example.com;Member;Paket Ayam Bakar Madu;Kuliner;35000;4;E-Wallet (OVO/Dana);140000;0;140000;Medan;Sumatera Utara
6a118f6afad9326442664639;TRX-QUMDND3L;03/03/2025;Rian Hidayat;user3421@example.com;Non-Member;Kemeja Flanel Oversize;Fashion;250000;3;Kartu Kredit;750000;0;750000;Medan;Sumatera Utara
6a118f6afad932644266463a;TRX-HGVPVD4O;08/02/2025;Dewi Lestari;user3422@example.com;Non-Member;Meja Kerja Minimalis;Furniture;1200000;1;COD;1200000;0;1200000;Makassar;Sulawesi Selatan
6a118f6afad932644266463b;TRX-HVIQT4BS;16/03/2025;Jono Adriansyah;user3423@example.com;Member;Smartphone Samsung S24;Elektronik;13000000;1;COD;13000000;0;13000000;Bandung;Jawa Barat
6a118f6afad932644266463c;TRX-WEE0G4CX;13/02/2025;Novianti;user3424@example.com;Member;Smartphone Samsung S24;Elektronik;13000000;3;Kartu Kredit;39000000;0;39000000;Medan;Sumatera Utara
6a118f6afad932644266463d;TRX-NIZAAIC0;03/03/2026;Jono Adriansyah;user3425@example.com;Non-Member;Laptop ASUS ROG;Elektronik;20000000;1;E-Wallet (OVO/Dana);20000000;0;20000000;Sukabumi;Jawa Barat
6a118f6afad932644266463e;TRX-MOEPEJQL;11/11/2025;Mega Pertiwi;user3426@example.com;Member;Meja Kerja Minimalis;Furniture;1200000;3;E-Wallet (OVO/Dana);3600000;0;3600000;Semarang;Jawa Tengah
6a118f6afad932644266463f;TRX-I6BY3BWP;03/09/2025;Novianti;user3427@example.com;Non-Member;Meja Kerja Minimalis;Furniture;1200000;1;COD;1200000;0;1200000;Sukabumi;Jawa Barat
6a118f6afad9326442664640;TRX-8618WKOY;19/01/2025;Fahmi Idris;user3428@example.com;Non-Member;Kopi Susu Gula Aren 1L;Kuliner;65000;4;COD;260000;0;260000;Surabaya;Jawa Timur
6a118f6afad9326442664641;TRX-08FWT0W9;26/04/2026;Dewi Lestari;user3429@example.com;Member;Kemeja Flanel Oversize;Fashion;250000;3;Kartu Kredit;750000;0;750000;Semarang;Jawa Tengah
6a118f6afad9326442664642;TRX-FDC8D556;01/04/2026;Dewi Lestari;user3430@example.com;Non-Member;Sepatu Sneaker Lokal;Fashion;450000;4;E-Wallet (OVO/Dana);1800000;0;1800000;Bandung;Jawa Barat
6a118f6afad9326442664643;TRX-C8HV48NC;04/02/2026;Dewi Lestari;user3431@example.com;Member;Meja Kerja Minimalis;Furniture;1200000;3;E-Wallet (OVO/Dana);3600000;0;3600000;Semarang;Jawa Tengah
6a118f6afad9326442664644;TRX-EPCPYFBV;17/02/2025;Mega Pertiwi;user3432@example.com;Member;Kemeja Flanel Oversize;Fashion;250000;4;Kartu Kredit;1000000;0;1000000;Semarang;Jawa Tengah
6a118f6afad9326442664645;TRX-KZDXWFWL;09/03/2026;Fahmi Idris;user3433@example.com;Member;Kemeja Flanel Oversize;Fashion;250000;2;COD;500000;0;500000;Bandung;Jawa Barat
6a118f6afad9326442664646;TRX-LKVNIFUH;01/01/2026;Andi Wijaya;user3434@example.com;Member;Laptop ASUS ROG;Elektronik;20000000;1;COD;20000000;0;20000000;Makassar;Sulawesi Selatan
6a118f6afad9326442664647;TRX-RXJZFE7V;15/09/2025;Mega Pertiwi;user3435@example.com;Non-Member;Laptop ASUS ROG;Elektronik;20000000;3;Kartu Kredit;60000000;0;60000000;Jakarta;DKI Jakarta
6a118f6afad9326442664648;TRX-S8MNQKDQ;11/03/2025;Andi Wijaya;user3436@example.com;Non-Member;Kopi Susu Gula Aren 1L;Kuliner;65000;4;Kartu Kredit;260000;0;260000;Sukabumi;Jawa Barat
6a118f6afad9326442664649;TRX-J5U7UMNI;07/09/2025;Novianti;user3437@example.com;Member;Paket Ayam Bakar Madu;Kuliner;35000;3;Transfer Bank;105000;0;105000;Semarang;Jawa Tengah
6a118f6afad932644266464a;TRX-0U1ER6GW;02/03/2025;Fahmi Idris;user3438@example.com;Member;Kursi Gaming Premium;Furniture;2500000;3;Transfer Bank;7500000;0;7500000;Bandung;Jawa Barat
6a118f6afad932644266464b;TRX-HR5LI03W;16/04/2026;Mega Pertiwi;user3439@example.com;Non-Member;Kopi Susu Gula Aren 1L;Kuliner;65000;2;Transfer Bank;130000;0;130000;Sukabumi;Jawa Barat
6a118f6afad932644266464c;TRX-6GC7SJ8U;03/12/2025;Budi Santoso;user3440@example.com;Non-Member;Meja Kerja Minimalis;Furniture;1200000;4;Kartu Kredit;4800000;0;4800000;Surabaya;Jawa Timur
6a118f6afad932644266464d;TRX-1B21ZZ29;13/05/2025;Andi Wijaya;user3441@example.com;Member;Meja Kerja Minimalis;Furniture;1200000;1;Transfer Bank;1200000;0;1200000;Semarang;Jawa Tengah
6a118f6afad932644266464e;TRX-1GA6GDF0;15/09/2025;Novianti;user3442@example.com;Member;Paket Ayam Bakar Madu;Kuliner;35000;3;Kartu Kredit;105000;0;105000;Bandung;Jawa Barat
6a118f6afad932644266464f;TRX-TT1K0W8F;15/12/2025;Fahmi Idris;user3443@example.com;Member;Kemeja Flanel Oversize;Fashion;250000;2;COD;500000;0;500000;Semarang;Jawa Tengah
6a118f6afad9326442664650;TRX-9L9BQY6T;18/04/2026;Jono Adriansyah;user3444@example.com;Non-Member;Kopi Susu Gula Aren 1L;Kuliner;65000;4;Kartu Kredit;260000;0;260000;Surabaya;Jawa Timur
6a118f6afad9326442664651;TRX-MYOIKL36;12/03/2025;Fahmi Idris;user3445@example.com;Non-Member;Paket Ayam Bakar Madu;Kuliner;35000;4;Kartu Kredit;140000;0;140000;Surabaya;Jawa Timur
6a118f6afad9326442664652;TRX-5CLQZA9E;09/04/2025;Andi Wijaya;user3446@example.com;Non-Member;Smartphone Samsung S24;Elektronik;13000000;4;COD;52000000;0;52000000;Bandung;Jawa Barat
6a118f6afad9326442664653;TRX-XDY2H1H3;12/05/2025;Budi Santoso;user3447@example.com;Member;Smartphone Samsung S24;Elektronik;13000000;2;Transfer Bank;26000000;0;26000000;Makassar;Sulawesi Selatan
6a118f6afad9326442664654;TRX-10V7EQEM;11/12/2025;Rian Hidayat;user3448@example.com;Non-Member;Paket Ayam Bakar Madu;Kuliner;35000;4;E-Wallet (OVO/Dana);140000;0;140000;Sukabumi;Jawa Barat
6a118f6afad9326442664655;TRX-4XVFTQJ5;19/08/2025;Dewi Lestari;user3449@example.com;Member;Laptop ASUS ROG;Elektronik;20000000;4;Transfer Bank;80000000;0;80000000;Bandung;Jawa Barat
6a118f6afad9326442664656;TRX-B22DTPM5;05/09/2025;Rian Hidayat;user3450@example.com;Member;Kopi Susu Gula Aren 1L;Kuliner;65000;2;Kartu Kredit;130000;0;130000;Sukabumi;Jawa Barat
6a118f6afad9326442664657;TRX-RFQJRH2W;14/07/2025;Dewi Lestari;user3451@example.com;Non-Member;Smartphone Samsung S24;Elektronik;13000000;4;COD;52000000;0;52000000;Makassar;Sulawesi Selatan
6a118f6afad9326442664658;TRX-K17DWYEG;21/10/2025;Jono Adriansyah;user3452@example.com;Member;Kemeja Flanel Oversize;Fashion;250000;4;E-Wallet (OVO/Dana);1000000;0;1000000;Surabaya;Jawa Timur
6a118f6afad9326442664659;TRX-0K1RRWMF;12/01/2026;Siti Aminah;user3453@example.com;Member;Paket Ayam Bakar Madu;Kuliner;35000;2;Kartu Kredit;70000;0;70000;Surabaya;Jawa Timur
6a118f6afad932644266465a;TRX-BQU9IZGX;05/04/2025;Budi Santoso;user3454@example.com;Non-Member;Smartphone Samsung S24;Elektronik;13000000;4;Transfer Bank;52000000;0;52000000;Sukabumi;Jawa Barat
6a118f6afad932644266465b;TRX-JIF3NO2S;24/05/2026;Jono Adriansyah;user3455@example.com;Non-Member;Kursi Gaming Premium;Furniture;2500000;4;E-Wallet (OVO/Dana);10000000;0;10000000;Bandung;Jawa Barat
6a118f6afad932644266465c;TRX-YYCSQ0LI;13/03/2025;Budi Santoso;user3456@example.com;Member;Laptop ASUS ROG;Elektronik;20000000;4;COD;80000000;0;80000000;Bandung;Jawa Barat
6a118f6afad932644266465d;TRX-1YUELHA6;27/10/2025;Budi Santoso;user3457@example.com;Non-Member;Sepatu Sneaker Lokal;Fashion;450000;2;Transfer Bank;900000;0;900000;Bandung;Jawa Barat
6a118f6afad932644266465e;TRX-6D63A1IN;02/04/2025;Siti Aminah;user3458@example.com;Non-Member;Paket Ayam Bakar Madu;Kuliner;35000;4;Kartu Kredit;140000;0;140000;Surabaya;Jawa Timur
6a118f6afad932644266465f;TRX-EUBGAJ07;18/08/2025;Novianti;user3459@example.com;Member;Paket Ayam Bakar Madu;Kuliner;35000;2;COD;70000;0;70000;Medan;Sumatera Utara
6a118f6afad9326442664660;TRX-R8KQUPKB;04/06/2025;Novianti;user3460@example.com;Non-Member;Kemeja Flanel Oversize;Fashion;250000;3;Kartu Kredit;750000;0;750000;Medan;Sumatera Utara
6a118f6afad9326442664661;TRX-J8JG76TD;22/03/2025;Jono Adriansyah;user3461@example.com;Non-Member;Paket Ayam Bakar Madu;Kuliner;35000;1;COD;35000;0;35000;Makassar;Sulawesi Selatan
6a118f6afad9326442664662;TRX-UX9P0AYF;14/11/2025;Budi Santoso;user3462@example.com;Non-Member;Smartphone Samsung S24;Elektronik;13000000;3;Kartu Kredit;39000000;0;39000000;Medan;Sumatera Utara
6a118f6afad9326442664663;TRX-5JDPM6FW;14/04/2025;Fahmi Idris;user3463@example.com;Non-Member;Meja Kerja Minimalis;Furniture;1200000;3;COD;3600000;0;3600000;Semarang;Jawa Tengah
6a118f6afad9326442664664;TRX-1KC6X3LB;21/02/2025;Andi Wijaya;user3464@example.com;Member;Meja Kerja Minimalis;Furniture;1200000;4;COD;4800000;0;4800000;Sukabumi;Jawa Barat
6a118f6afad9326442664665;TRX-C4N7E7CX;27/02/2025;Mega Pertiwi;user3465@example.com;Member;Paket Ayam Bakar Madu;Kuliner;35000;4;Kartu Kredit;140000;0;140000;Bandung;Jawa Barat
6a118f6afad9326442664666;TRX-V8Y3W5NK;03/05/2025;Fahmi Idris;user3466@example.com;Member;Laptop ASUS ROG;Elektronik;20000000;2;E-Wallet (OVO/Dana);40000000;0;40000000;Semarang;Jawa Tengah
6a118f6afad9326442664667;TRX-AUVD5EGM;07/01/2025;Mega Pertiwi;user3467@example.com;Non-Member;Laptop ASUS ROG;Elektronik;20000000;3;COD;60000000;0;60000000;Semarang;Jawa Tengah
6a118f6afad9326442664668;TRX-BK4XA4DS;13/03/2025;Eko Prasetyo;user3468@example.com;Non-Member;Kemeja Flanel Oversize;Fashion;250000;4;Transfer Bank;1000000;0;1000000;Sukabumi;Jawa Barat
6a118f6afad9326442664669;TRX-0LYLPZR6;04/02/2026;Jono Adriansyah;user3469@example.com;Non-Member;Paket Ayam Bakar Madu;Kuliner;35000;3;Transfer Bank;105000;0;105000;Sukabumi;Jawa Barat
6a118f6afad932644266466a;TRX-19C08M8Y;11/04/2026;Fahmi Idris;user3470@example.com;Non-Member;Sepatu Sneaker Lokal;Fashion;450000;2;Transfer Bank;900000;0;900000;Makassar;Sulawesi Selatan
6a118f6afad932644266466b;TRX-NNGREKQX;06/03/2026;Mega Pertiwi;user3471@example.com;Member;Sepatu Sneaker Lokal;Fashion;450000;4;Transfer Bank;1800000;0;1800000;Surabaya;Jawa Timur
6a118f6afad932644266466c;TRX-XYLZJ1U0;06/10/2025;Eko Prasetyo;user3472@example.com;Member;Meja Kerja Minimalis;Furniture;1200000;2;Kartu Kredit;2400000;0;2400000;Medan;Sumatera Utara
6a118f6afad932644266466d;TRX-WOAIO1EL;16/04/2025;Novianti;user3473@example.com;Member;Kopi Susu Gula Aren 1L;Kuliner;65000;4;Transfer Bank;260000;0;260000;Surabaya;Jawa Timur
6a118f6afad932644266466e;TRX-OK0VF08L;11/05/2026;Eko Prasetyo;user3474@example.com;Non-Member;Laptop ASUS ROG;Elektronik;20000000;1;COD;20000000;0;20000000;Jakarta;DKI Jakarta
6a118f6afad932644266466f;TRX-KLDEXQF3;17/03/2026;Fahmi Idris;user3475@example.com;Non-Member;Kemeja Flanel Oversize;Fashion;250000;3;COD;750000;0;750000;Surabaya;Jawa Timur
6a118f6afad9326442664670;TRX-099MSQ2Y;10/02/2025;Andi Wijaya;user3476@example.com;Non-Member;Smartphone Samsung S24;Elektronik;13000000;1;COD;13000000;0;13000000;Sukabumi;Jawa Barat
6a118f6afad9326442664671;TRX-04RQ0PCC;05/01/2025;Mega Pertiwi;user3477@example.com;Member;Laptop ASUS ROG;Elektronik;20000000;2;Kartu Kredit;40000000;0;40000000;Semarang;Jawa Tengah
6a118f6afad9326442664672;TRX-LTMG4GK6;03/04/2025;Jono Adriansyah;user3478@example.com;Non-Member;Meja Kerja Minimalis;Furniture;1200000;1;Transfer Bank;1200000;0;1200000;Surabaya;Jawa Timur
6a118f6afad9326442664673;TRX-ESL6R2CB;03/03/2025;Dewi Lestari;user3479@example.com;Member;Kopi Susu Gula Aren 1L;Kuliner;65000;2;Kartu Kredit;130000;0;130000;Jakarta;DKI Jakarta
6a118f6afad9326442664674;TRX-703DHO0A;04/11/2025;Novianti;user3480@example.com;Member;Kemeja Flanel Oversize;Fashion;250000;2;E-Wallet (OVO/Dana);500000;0;500000;Jakarta;DKI Jakarta
6a118f6afad9326442664675;TRX-LOBRNM2N;06/04/2025;Budi Santoso;user3481@example.com;Member;Smartphone Samsung S24;Elektronik;13000000;4;COD;52000000;0;52000000;Makassar;Sulawesi Selatan
6a118f6afad9326442664676;TRX-IOVZ57LG;25/09/2025;Novianti;user3482@example.com;Non-Member;Sepatu Sneaker Lokal;Fashion;450000;3;Kartu Kredit;1350000;0;1350000;Surabaya;Jawa Timur
6a118f6afad9326442664677;TRX-V7FGXHDT;23/11/2025;Budi Santoso;user3483@example.com;Non-Member;Meja Kerja Minimalis;Furniture;1200000;1;COD;1200000;0;1200000;Semarang;Jawa Tengah
6a118f6afad9326442664678;TRX-PIDO9E08;30/06/2025;Fahmi Idris;user3484@example.com;Non-Member;Laptop ASUS ROG;Elektronik;20000000;2;Kartu Kredit;40000000;0;40000000;Makassar;Sulawesi Selatan
6a118f6afad9326442664679;TRX-1N8QJP4X;27/02/2026;Siti Aminah;user3485@example.com;Non-Member;Paket Ayam Bakar Madu;Kuliner;35000;4;Kartu Kredit;140000;0;140000;Surabaya;Jawa Timur
6a118f6afad932644266467a;TRX-3FE51B7B;21/03/2026;Novianti;user3486@example.com;Non-Member;Paket Ayam Bakar Madu;Kuliner;35000;3;E-Wallet (OVO/Dana);105000;0;105000;Medan;Sumatera Utara
6a118f6afad932644266467b;TRX-2KQ8U6OV;07/02/2025;Andi Wijaya;user3487@example.com;Non-Member;Sepatu Sneaker Lokal;Fashion;450000;3;E-Wallet (OVO/Dana);1350000;0;1350000;Jakarta;DKI Jakarta
6a118f6afad932644266467c;TRX-FJBJN3GE;25/05/2026;Andi Wijaya;user3488@example.com;Member;Paket Ayam Bakar Madu;Kuliner;35000;3;Transfer Bank;105000;0;105000;Surabaya;Jawa Timur
6a118f6afad932644266467d;TRX-RPXTB14Z;23/11/2025;Andi Wijaya;user3489@example.com;Member;Smartphone Samsung S24;Elektronik;13000000;4;Transfer Bank;52000000;0;52000000;Sukabumi;Jawa Barat
6a118f6afad932644266467e;TRX-1RJCFG8M;25/01/2026;Fahmi Idris;user3490@example.com;Non-Member;Kursi Gaming Premium;Furniture;2500000;2;E-Wallet (OVO/Dana);5000000;0;5000000;Surabaya;Jawa Timur
6a118f6afad932644266467f;TRX-KAYQBAMP;01/09/2025;Budi Santoso;user3491@example.com;Member;Kopi Susu Gula Aren 1L;Kuliner;65000;1;Kartu Kredit;65000;0;65000;Surabaya;Jawa Timur
6a118f6afad9326442664680;TRX-1VTDE3L7;20/11/2025;Eko Prasetyo;user3492@example.com;Non-Member;Kemeja Flanel Oversize;Fashion;250000;3;Transfer Bank;750000;0;750000;Surabaya;Jawa Timur
6a118f6afad9326442664681;TRX-VYEVGJRY;12/05/2026;Jono Adriansyah;user3493@example.com;Member;Meja Kerja Minimalis;Furniture;1200000;3;Kartu Kredit;3600000;0;3600000;Medan;Sumatera Utara
6a118f6afad9326442664682;TRX-JOGKNQH5;05/10/2025;Mega Pertiwi;user3494@example.com;Non-Member;Smartphone Samsung S24;Elektronik;13000000;3;Transfer Bank;39000000;0;39000000;Makassar;Sulawesi Selatan
6a118f6afad9326442664683;TRX-1TGSKPAE;11/01/2026;Eko Prasetyo;user3495@example.com;Member;Laptop ASUS ROG;Elektronik;20000000;1;E-Wallet (OVO/Dana);20000000;0;20000000;Surabaya;Jawa Timur
6a118f6afad9326442664684;TRX-BXNRC6FQ;16/09/2025;Rian Hidayat;user3496@example.com;Non-Member;Kopi Susu Gula Aren 1L;Kuliner;65000;4;Transfer Bank;260000;0;260000;Sukabumi;Jawa Barat
6a118f6afad9326442664685;TRX-PUE9JLS7;20/10/2025;Andi Wijaya;user3497@example.com;Non-Member;Meja Kerja Minimalis;Furniture;1200000;1;Kartu Kredit;1200000;0;1200000;Jakarta;DKI Jakarta
6a118f6afad9326442664686;TRX-K7QIXPUS;27/08/2025;Andi Wijaya;user3498@example.com;Member;Kursi Gaming Premium;Furniture;2500000;3;COD;7500000;0;7500000;Semarang;Jawa Tengah
6a118f6afad9326442664687;TRX-LX9A44P6;01/04/2026;Novianti;user3499@example.com;Non-Member;Smartphone Samsung S24;Elektronik;13000000;4;Transfer Bank;52000000;0;52000000;Surabaya;Jawa Timur
